timestamp,humains,velos
15:31:46,1,0
15:31:46,2,1
15:31:47,4,3
15:31:47,6,4
15:31:47,8,5
15:31:47,9,5
15:31:47,11,7
15:31:48,11,7
15:31:48,13,7
15:31:48,14,9
15:31:48,16,10
15:31:48,18,10
15:31:49,19,12
15:31:49,20,12
15:31:49,20,13
15:31:49,22,13
15:31:49,24,15
15:31:50,26,16
15:31:50,28,18
15:31:50,30,19
15:31:50,32,19
15:31:50,34,19
15:31:51,36,20
15:31:51,38,22
15:31:51,39,24
15:31:51,40,24
15:31:51,40,24
15:31:52,41,24
15:31:52,42,26
15:31:52,42,28
15:31:52,42,30
15:31:52,44,30
15:31:53,44,31
15:31:53,45,33
15:31:53,47,34
15:31:53,47,34
15:31:53,49,34
15:31:54,51,35
15:31:54,52,37
15:31:54,52,38
15:31:54,53,38
15:31:54,55,38
15:31:55,56,39
15:31:55,56,41
15:31:55,56,42
15:31:55,58,42
15:31:55,58,44
15:31:56,58,46
15:31:56,60,48
15:31:56,61,49
15:31:56,63,50
15:31:56,64,52
15:31:57,66,52
15:31:57,67,52
15:31:57,67,54
15:31:57,69,54
15:31:58,70,56
15:31:58,71,57
15:31:58,73,59
15:31:58,75,59
15:31:58,76,60
15:31:59,76,61
15:31:59,78,63
15:31:59,80,65
15:31:59,82,66
15:31:59,82,67
15:32:00,82,67
15:32:00,84,67
15:32:00,86,69
15:32:00,86,70
15:32:00,86,71
15:32:01,87,73
15:32:01,89,74
15:32:01,90,75
15:32:01,92,76
15:32:01,92,78
15:32:02,92,80
15:32:02,93,81
15:32:02,93,83
15:32:02,93,84
15:32:02,95,84
15:32:03,95,84
15:32:03,97,86
15:32:03,99,86
15:32:03,101,88
15:32:03,102,88
15:32:04,103,90
15:32:04,104,90
15:32:04,104,90
15:32:04,106,91
15:32:04,107,93
15:32:05,108,95
15:32:05,109,97
15:32:05,109,97
15:32:05,110,97
15:32:05,112,98
15:32:06,112,100
15:32:06,112,100
15:32:06,113,101
15:32:06,115,101
15:32:06,117,102
15:32:07,118,102
15:32:07,120,102
15:32:07,122,103
15:32:07,122,104
15:32:08,122,105
15:32:08,123,106
15:32:08,123,107
15:32:08,124,109
15:32:08,125,111
15:32:09,125,111
15:32:09,125,111
15:32:09,125,111
15:32:09,127,113
15:32:09,128,115
15:32:10,130,115
15:32:10,130,115
15:32:10,132,116
15:32:10,132,118
15:32:10,134,120
15:32:11,136,121
15:32:11,138,121
15:32:11,139,123
15:32:11,140,123
15:32:11,140,124
15:32:12,140,126
15:32:12,142,127
15:32:12,142,128
15:32:12,143,128
15:32:12,145,130
15:32:13,146,132
15:32:13,147,133
15:32:13,149,134
15:32:13,150,134
15:32:13,151,135
15:32:14,152,137
15:32:14,154,138
15:32:14,156,138
15:32:14,156,140
15:32:14,158,141
15:32:15,160,143
15:32:15,160,143
15:32:15,160,145
15:32:15,161,147
15:32:15,163,147
15:32:16,164,148
15:32:16,166,150
15:32:16,166,152
15:32:16,167,153
15:32:16,169,154
15:32:17,169,156
15:32:17,170,156
15:32:17,170,156
15:32:17,171,157
15:32:17,172,157
15:32:18,174,158
15:32:18,174,158
15:32:18,175,158
15:32:18,177,159
15:32:19,177,161
15:32:19,179,161
15:32:19,181,161
15:32:19,183,161
15:32:19,184,161
15:32:20,186,162
15:32:20,188,164
15:32:20,188,164
15:32:20,188,166
15:32:20,190,168
15:32:21,190,170
15:32:21,192,170
15:32:21,194,171
15:32:21,195,171
15:32:21,196,171
15:32:22,197,173
15:32:22,198,175
15:32:22,198,176
15:32:22,199,177
15:32:22,201,179
15:32:23,202,181
15:32:23,202,181
15:32:23,204,182
15:32:23,206,184
15:32:23,208,185
15:32:24,210,186
15:32:24,210,186
15:32:24,210,187
15:32:24,210,188
15:32:24,212,189
15:32:25,212,190
15:32:25,212,192
15:32:25,213,194
15:32:25,215,194
15:32:25,215,195
15:32:26,217,196
15:32:26,219,198
15:32:26,221,198
15:32:26,223,199
15:32:27,224,201
15:32:27,225,201
15:32:27,227,202
15:32:27,227,203
15:32:27,228,205
15:32:28,230,207
15:32:28,231,207
15:32:28,231,208
15:32:28,232,210
15:32:28,232,210
15:32:29,234,211
15:32:29,235,211
15:32:29,235,212
15:32:29,236,213
15:32:29,238,214
15:32:30,239,216
15:32:30,241,218
15:32:30,241,218
15:32:30,243,219
15:32:30,245,219
15:32:31,246,221
15:32:31,248,221
15:32:31,248,223
15:32:31,250,223
15:32:31,250,225
15:32:32,250,225
15:32:32,251,226
15:32:32,252,228
15:32:32,254,228
15:32:32,255,228
15:32:33,256,230
15:32:33,257,230
15:32:33,257,230
15:32:33,257,230
15:32:33,259,230
15:32:34,260,231
15:32:34,262,233
15:32:34,262,234
15:32:34,263,235
15:32:34,263,235
15:32:35,264,237
15:32:35,265,239
15:32:35,267,241
15:32:35,269,242
15:32:35,269,242
15:32:36,271,244
15:32:36,272,246
15:32:36,272,247
15:32:36,272,247
15:32:37,273,247
15:32:37,273,247
15:32:37,273,247
15:32:37,275,247
15:32:37,276,247
15:32:38,278,248
15:32:38,280,248
15:32:38,282,249
15:32:38,282,250
15:32:38,282,251
15:32:39,282,252
15:32:39,282,253
15:32:39,283,253
15:32:39,284,255
15:32:39,284,257
15:32:40,286,259
15:32:40,288,261
15:32:40,289,263
15:32:40,289,264
15:32:40,289,264
15:32:41,290,264
15:32:41,292,266
15:32:41,293,268
15:32:41,294,270
15:32:41,294,271
15:32:42,294,273
15:32:42,296,273
15:32:42,298,273
15:32:42,300,274
15:32:42,301,275
15:32:43,301,275
15:32:43,303,276
15:32:43,303,277
15:32:43,304,279
15:32:43,304,281
15:32:44,306,282
15:32:44,306,283
15:32:44,307,284
15:32:44,307,285
15:32:44,309,287
15:32:45,310,287
15:32:45,311,288
15:32:45,311,289
15:32:45,312,289
15:32:45,313,290
15:32:46,314,290
15:32:46,316,290
15:32:46,317,290
15:32:46,319,291
15:32:46,321,293
15:32:47,321,295
15:32:47,323,296
15:32:47,325,298
15:32:47,326,298
15:32:48,327,299
15:32:48,327,300
15:32:48,328,302
15:32:48,328,302
15:32:48,330,303
15:32:49,332,304
15:32:49,332,305
15:32:49,333,305
15:32:49,335,305
15:32:49,337,307
15:32:50,337,307
15:32:50,339,309
15:32:50,340,311
15:32:50,341,313
15:32:50,341,313
15:32:51,342,313
15:32:51,342,314
15:32:51,343,314
15:32:51,344,315
15:32:51,345,316
15:32:52,347,317
15:32:52,347,317
15:32:52,348,319
15:32:52,348,320
15:32:52,350,321
15:32:53,350,322
15:32:53,351,323
15:32:53,351,324
15:32:53,353,326
15:32:53,353,326
15:32:54,354,328
15:32:54,355,328
15:32:54,356,330
15:32:54,358,331
15:32:54,359,332
15:32:55,359,334
15:32:55,361,336
15:32:55,361,337
15:32:55,361,337
15:32:55,362,337
15:32:56,363,338
15:32:56,363,340
15:32:56,363,341
15:32:56,364,343
15:32:56,364,343
15:32:57,364,345
15:32:57,364,345
15:32:57,365,346
15:32:57,365,347
15:32:58,366,348
15:32:58,367,350
15:32:58,368,352
15:32:58,369,354
15:32:58,370,355
15:32:59,370,355
15:32:59,371,356
15:32:59,373,356
15:32:59,375,356
15:32:59,376,356
15:33:00,376,358
15:33:00,376,359
15:33:00,377,360
15:33:00,377,360
15:33:00,379,362
15:33:01,379,363
15:33:01,380,364
15:33:01,381,364
15:33:01,382,365
15:33:01,384,365
15:33:02,385,365
15:33:02,386,367
15:33:02,387,367
15:33:02,387,369
15:33:02,389,370
15:33:03,391,371
15:33:03,393,371
15:33:03,395,371
15:33:03,397,372
15:33:03,399,374
15:33:04,399,375
15:33:04,401,375
15:33:04,402,376
15:33:04,403,377
15:33:04,405,378
15:33:05,405,379
15:33:05,407,380
15:33:05,409,381
15:33:05,410,382
15:33:06,412,384
15:33:06,413,386
15:33:06,414,388
15:33:06,416,390
15:33:06,417,392
15:33:07,419,394
15:33:07,420,395
15:33:07,422,397
15:33:07,423,397
15:33:07,423,397
15:33:08,425,398
15:33:08,425,399
15:33:08,427,399
15:33:08,428,400
15:33:08,429,400
15:33:09,430,400
15:33:09,432,401
15:33:09,433,403
15:33:09,434,404
15:33:09,435,406
15:33:10,435,407
15:33:10,437,409
15:33:10,437,411
15:33:10,439,411
15:33:10,441,411
15:33:11,442,413
15:33:11,444,415
15:33:11,445,415
15:33:11,445,416
15:33:11,445,418
15:33:12,447,420
15:33:12,449,421
15:33:12,449,423
15:33:12,449,424
15:33:12,450,426
15:33:13,451,427
15:33:13,453,427
15:33:13,455,428
15:33:13,456,428
15:33:13,457,430
15:33:14,458,431
15:33:14,459,432
15:33:14,461,434
15:33:14,461,436
15:33:14,462,438
15:33:15,462,438
15:33:15,462,440
15:33:15,463,442
15:33:15,464,444
15:33:16,465,445
15:33:16,466,445
15:33:16,468,447
15:33:16,470,447
15:33:16,470,447
15:33:17,470,447
15:33:17,470,447
15:33:17,471,448
15:33:17,471,449
15:33:17,473,451
15:33:18,473,451
15:33:18,473,453
15:33:18,473,454
15:33:18,474,455
15:33:18,475,456
15:33:19,475,457
15:33:19,477,459
15:33:19,478,459
15:33:19,479,461
15:33:19,479,462
15:33:20,479,462
15:33:20,479,463
15:33:20,481,465
15:33:20,483,466
15:33:20,485,466
15:33:21,487,467
15:33:21,488,469
15:33:21,488,469
15:33:21,490,471
15:33:21,490,473
15:33:22,490,474
15:33:22,492,475
15:33:22,492,477
15:33:22,493,477
15:33:22,495,477
15:33:23,497,477
15:33:23,497,479
15:33:23,498,480
15:33:23,499,482
15:33:23,499,484
15:33:24,500,486
15:33:24,501,486
15:33:24,501,486
15:33:24,503,487
15:33:24,503,487
15:33:25,505,487
15:33:25,506,488
15:33:25,506,489
15:33:25,508,489
15:33:25,509,490
15:33:26,509,490
15:33:26,511,491
15:33:26,513,493
15:33:26,514,493
15:33:27,515,494
15:33:27,516,496
15:33:27,517,496
15:33:27,517,497
15:33:27,519,497
15:33:28,520,497
15:33:28,521,498
15:33:28,521,498
15:33:28,522,500
15:33:28,524,502
15:33:29,525,504
15:33:29,525,504
15:33:29,525,504
15:33:29,526,506
15:33:29,528,506
15:33:30,528,506
15:33:30,529,507
15:33:30,530,508
15:33:30,530,509
15:33:30,532,509
15:33:31,532,510
15:33:31,533,510
15:33:31,534,510
15:33:31,536,512
15:33:31,537,512
15:33:32,537,512
15:33:32,537,512
15:33:32,538,512
15:33:32,538,514
15:33:32,538,516
15:33:33,538,516
15:33:33,539,516
15:33:33,541,516
15:33:33,542,517
15:33:33,542,519
15:33:34,543,521
15:33:34,545,523
15:33:34,546,524
15:33:34,547,524
15:33:34,547,526
15:33:35,548,527
15:33:35,549,527
15:33:35,551,528
15:33:35,553,530
15:33:35,555,531
15:33:36,555,532
15:33:36,555,532
15:33:36,555,533
15:33:36,557,533
15:33:36,558,534
15:33:37,560,534
15:33:37,561,534
15:33:37,563,535
15:33:37,565,536
15:33:37,567,537
15:33:38,567,537
15:33:38,568,537
15:33:38,570,538
15:33:38,570,539
15:33:39,572,539
15:33:39,573,539
15:33:39,574,540
15:33:39,576,541
15:33:39,578,541
15:33:40,580,542
15:33:40,581,544
15:33:40,583,546
15:33:40,584,546
15:33:40,586,547
15:33:41,586,549
15:33:41,587,550
15:33:41,587,550
15:33:41,588,550
15:33:41,588,550
15:33:42,589,552
15:33:42,589,552
15:33:42,590,552
15:33:42,591,552
15:33:42,591,554
15:33:43,593,556
15:33:43,593,557
15:33:43,593,557
15:33:43,593,559
15:33:43,593,560
15:33:44,593,561
15:33:44,593,563
15:33:44,595,563
15:33:44,597,563
15:33:44,599,565
15:33:45,599,565
15:33:45,599,567
15:33:45,599,569
15:33:45,599,570
15:33:45,601,570
15:33:46,602,571
15:33:46,602,573
15:33:46,604,575
15:33:46,604,576
15:33:46,604,576
15:33:47,604,576
15:33:47,606,578
15:33:47,606,580
15:33:47,606,582
15:33:47,606,584
15:33:48,606,586
15:33:48,607,586
15:33:48,608,587
15:33:48,610,589
15:33:48,610,589
15:33:49,610,589
15:33:49,612,591
15:33:49,613,591
15:33:49,615,593
15:33:50,617,593
15:33:50,619,593
15:33:50,621,595
15:33:50,622,596
15:33:50,623,597
15:33:51,624,598
15:33:51,625,600
15:33:51,625,601
15:33:51,625,602
15:33:51,625,603
15:33:52,625,604
15:33:52,626,605
15:33:52,628,606
15:33:52,630,607
15:33:52,630,607
15:33:53,630,609
15:33:53,630,609
15:33:53,632,611
15:33:53,633,613
15:33:53,633,613
15:33:54,634,615
15:33:54,635,615
15:33:54,635,616
15:33:54,635,618
15:33:54,635,618
15:33:55,635,620
15:33:55,635,620
15:33:55,637,622
15:33:55,637,623
15:33:55,637,623
15:33:56,638,624
15:33:56,640,625
15:33:56,642,627
15:33:56,644,629
15:33:56,644,629
15:33:57,645,629
15:33:57,645,630
15:33:57,646,631
15:33:57,647,632
15:33:57,647,632
15:33:58,649,633
15:33:58,650,633
15:33:58,651,634
15:33:58,653,635
15:33:59,653,635
15:33:59,654,636
15:33:59,656,637
15:33:59,658,637
15:33:59,659,639
15:34:00,660,639
15:34:00,662,640
15:34:00,664,641
15:34:00,664,643
15:34:00,666,643
15:34:01,667,644
15:34:01,667,645
15:34:01,669,646
15:34:01,669,647
15:34:01,671,647
15:34:02,673,647
15:34:02,673,648
15:34:02,674,650
15:34:02,674,651
15:34:02,676,653
15:34:03,678,653
15:34:03,680,653
15:34:03,680,653
15:34:03,680,653
15:34:03,681,653
15:34:04,683,655
15:34:04,684,656
15:34:04,684,658
15:34:04,686,659
15:34:04,688,659
15:34:05,688,660
15:34:05,689,661
15:34:05,689,662
15:34:05,690,662
15:34:05,690,663
15:34:06,692,663
15:34:06,693,665
15:34:06,693,665
15:34:06,695,666
15:34:06,697,667
15:34:07,698,667
15:34:07,698,667
15:34:07,698,667
15:34:07,699,669
15:34:07,701,670
15:34:08,703,670
15:34:08,705,670
15:34:08,705,671
15:34:08,707,671
15:34:09,707,671
15:34:09,709,673
15:34:09,709,674
15:34:09,710,675
15:34:09,711,676
15:34:10,712,676
15:34:10,714,676
15:34:10,716,676
15:34:10,716,677
15:34:10,718,679
15:34:11,720,680
15:34:11,720,681
15:34:11,722,681
15:34:11,724,682
15:34:11,725,683
15:34:12,725,685
15:34:12,725,686
15:34:12,727,688
15:34:12,728,688
15:34:12,728,689
15:34:13,730,691
15:34:13,731,693
15:34:13,733,693
15:34:13,733,693
15:34:13,734,693
15:34:14,735,695
15:34:14,737,696
15:34:14,737,698
15:34:14,737,699
15:34:14,739,701
15:34:15,740,703
15:34:15,741,705
15:34:15,742,707
15:34:15,742,707
15:34:15,743,709
15:34:16,745,709
15:34:16,747,710
15:34:16,748,712
15:34:16,750,713
15:34:16,751,715
15:34:17,753,716
15:34:17,753,716
15:34:17,755,716
15:34:17,757,717
15:34:18,759,717
15:34:18,759,718
15:34:18,761,719
15:34:18,762,719
15:34:18,762,720
15:34:19,763,720
15:34:19,765,722
15:34:19,767,722
15:34:19,767,723
15:34:19,767,724
15:34:20,769,724
15:34:20,771,724
15:34:20,772,726
15:34:20,774,727
15:34:20,775,729
15:34:21,777,730
15:34:21,777,730
15:34:21,779,732
15:34:21,781,733
15:34:21,781,735
15:34:22,782,736
15:34:22,783,738
15:34:22,784,738
15:34:22,784,738
15:34:22,784,739
15:34:23,785,741
15:34:23,785,743
15:34:23,785,745
15:34:23,786,745
15:34:23,787,747
15:34:24,788,749
15:34:24,790,749
15:34:24,792,750
15:34:24,794,751
15:34:24,795,751
15:34:25,797,751
15:34:25,797,752
15:34:25,799,752
15:34:25,801,752
15:34:25,803,754
15:34:26,804,756
15:34:26,806,757
15:34:26,808,758
15:34:26,809,759
15:34:26,809,759
15:34:27,809,761
15:34:27,809,761
15:34:27,810,762
15:34:27,811,764
15:34:28,813,766
15:34:28,814,766
15:34:28,816,768
15:34:28,816,770
15:34:28,816,771
15:34:29,818,772
15:34:29,818,772
15:34:29,818,773
15:34:29,820,775
15:34:29,821,777
15:34:30,821,777
15:34:30,822,778
15:34:30,824,779
15:34:30,826,780
15:34:30,827,781
15:34:31,828,783
15:34:31,828,784
15:34:31,828,786
15:34:31,828,787
15:34:31,828,788
15:34:32,829,790
15:34:32,831,790
15:34:32,833,792
15:34:32,835,794
15:34:32,836,795
15:34:33,836,795
15:34:33,836,796
15:34:33,836,797
15:34:33,838,798
15:34:33,840,799
15:34:34,842,800
15:34:34,843,802
15:34:34,845,802
15:34:34,845,802
15:34:34,846,804
15:34:35,846,805
15:34:35,847,805
15:34:35,848,805
15:34:35,849,806
15:34:35,851,808
15:34:36,852,808
15:34:36,853,809
15:34:36,855,810
15:34:36,855,810
15:34:36,857,811
15:34:37,859,811
15:34:37,861,813
15:34:37,863,814
15:34:37,865,816
15:34:37,865,816
15:34:38,866,817
15:34:38,867,819
15:34:38,867,820
15:34:38,867,821
15:34:39,869,822
15:34:39,871,822
15:34:39,871,823
15:34:39,873,824
15:34:39,875,826
15:34:40,876,826
15:34:40,876,828
15:34:40,877,828
15:34:40,878,829
15:34:40,880,830
15:34:41,882,830
15:34:41,882,832
15:34:41,884,832
15:34:41,886,834
15:34:41,886,836
15:34:42,887,837
15:34:42,888,837
15:34:42,890,838
15:34:42,891,838
15:34:42,893,838
15:34:43,893,839
15:34:43,895,839
15:34:43,897,840
15:34:43,897,840
15:34:43,897,842
15:34:44,897,842
15:34:44,897,842
15:34:44,898,842
15:34:44,899,844
15:34:44,900,844
15:34:45,902,844
15:34:45,903,844
15:34:45,905,846
15:34:45,906,848
15:34:45,907,849
15:34:46,909,851
15:34:46,911,851
15:34:46,911,853
15:34:46,911,854
15:34:46,912,854
15:34:47,913,856
15:34:47,915,858
15:34:47,917,858
15:34:47,918,858
15:34:47,920,860
15:34:48,920,861
15:34:48,921,863
15:34:48,921,865
15:34:48,921,867
15:34:48,921,868
15:34:49,921,868
15:34:49,922,870
15:34:49,924,871
15:34:49,925,871
15:34:49,927,871
15:34:50,927,871
15:34:50,929,872
15:34:50,929,874
15:34:50,931,875
15:34:51,931,875
15:34:51,932,875
15:34:51,934,876
15:34:51,935,878
15:34:51,937,880
15:34:52,937,880
15:34:52,937,880
15:34:52,938,880
15:34:52,940,881
15:34:52,941,883
15:34:53,942,884
15:34:53,944,886
15:34:53,946,886
15:34:53,948,888
15:34:53,949,890
15:34:54,951,892
15:34:54,952,892
15:34:54,952,893
15:34:54,952,894
15:34:54,954,894
15:34:55,955,895
15:34:55,955,896
15:34:55,955,897
15:34:55,955,899
15:34:55,956,900
15:34:56,957,901
15:34:56,958,902
15:34:56,958,902
15:34:56,958,903
15:34:56,960,905
15:34:57,961,907
15:34:57,962,907
15:34:57,962,908
15:34:57,963,908
15:34:58,965,910
15:34:58,966,910
15:34:58,968,912
15:34:58,969,912
15:34:58,970,914
15:34:59,970,914
15:34:59,970,915
15:34:59,970,916
15:34:59,972,918
15:34:59,973,918
15:35:00,975,919
15:35:00,975,921
15:35:00,977,922
15:35:00,977,923
15:35:00,979,923
15:35:01,981,925
15:35:01,981,927
15:35:01,983,929
15:35:01,984,930
15:35:01,985,931
15:35:02,986,932
15:35:02,988,933
15:35:02,988,935
15:35:02,988,936
15:35:02,990,937
15:35:03,992,939
15:35:03,992,939
15:35:03,992,941
15:35:03,993,943
15:35:03,993,944
15:35:04,993,945
15:35:04,995,947
15:35:04,997,949
15:35:04,999,949
15:35:04,999,949
15:35:05,999,949
15:35:05,1001,951
15:35:05,1001,951
15:35:05,1002,952
15:35:05,1004,954
15:35:06,1006,954
15:35:06,1006,955
15:35:06,1007,956
15:35:06,1007,958
15:35:07,1009,958
15:35:07,1011,958
15:35:07,1011,960
15:35:07,1012,962
15:35:07,1014,963
15:35:08,1015,963
15:35:08,1015,963
15:35:08,1015,963
15:35:08,1015,963
15:35:08,1017,963
15:35:09,1019,965
15:35:09,1021,967
15:35:09,1021,969
15:35:09,1023,970
15:35:09,1024,970
15:35:10,1024,972
15:35:10,1024,974
15:35:10,1024,974
15:35:10,1026,976
15:35:10,1027,976
15:35:11,1028,978
15:35:11,1030,980
15:35:11,1030,980
15:35:11,1032,982
15:35:11,1033,983
15:35:12,1034,983
15:35:12,1034,984
15:35:12,1034,984
15:35:12,1035,986
15:35:12,1035,988
15:35:13,1036,988
15:35:13,1036,988
15:35:13,1037,988
15:35:13,1038,988
15:35:13,1038,988
15:35:14,1039,989
15:35:14,1039,989
15:35:14,1040,991
15:35:14,1040,992
15:35:14,1040,993
15:35:15,1041,993
15:35:15,1041,993
15:35:15,1041,993
15:35:15,1041,993
15:35:15,1041,993
15:35:16,1043,995
15:35:16,1043,995
15:35:16,1044,996
15:35:16,1044,997
15:35:17,1046,998
15:35:17,1047,999
15:35:17,1048,999
15:35:17,1050,1001
15:35:17,1050,1003
15:35:18,1052,1004
15:35:18,1054,1005
15:35:18,1056,1005
15:35:18,1056,1007
15:35:18,1056,1008
15:35:19,1058,1008
15:35:19,1058,1008
15:35:19,1059,1008
15:35:19,1059,1010
15:35:19,1060,1011
15:35:20,1060,1011
15:35:20,1060,1012
15:35:20,1061,1013
15:35:20,1061,1014
15:35:20,1062,1016
15:35:21,1064,1018
15:35:21,1065,1019
15:35:21,1067,1020
15:35:21,1067,1020
15:35:21,1068,1022
15:35:22,1068,1022
15:35:22,1070,1024
15:35:22,1071,1026
15:35:22,1071,1026
15:35:22,1073,1026
15:35:23,1074,1026
15:35:23,1074,1027
15:35:23,1076,1028
15:35:23,1076,1028
15:35:23,1078,1029
15:35:24,1078,1030
15:35:24,1079,1031
15:35:24,1079,1032
15:35:24,1080,1033
15:35:24,1081,1033
15:35:25,1081,1035
15:35:25,1081,1036
15:35:25,1083,1036
15:35:25,1083,1037
15:35:25,1084,1038
15:35:26,1085,1040
15:35:26,1087,1040
15:35:26,1087,1042
15:35:26,1087,1044
15:35:27,1088,1044
15:35:27,1090,1044
15:35:27,1092,1044
15:35:27,1093,1046
15:35:27,1093,1048
15:35:28,1095,1050
15:35:28,1095,1050
15:35:28,1097,1050
15:35:28,1097,1051
15:35:28,1098,1053
15:35:29,1100,1053
15:35:29,1102,1055
15:35:29,1104,1056
15:35:29,1106,1058
15:35:29,1106,1059
15:35:30,1107,1059
15:35:30,1108,1061
15:35:30,1109,1061
15:35:30,1111,1062
15:35:30,1111,1062
15:35:31,1112,1062
15:35:31,1113,1064
15:35:31,1115,1064
15:35:31,1117,1064
15:35:31,1118,1064
15:35:32,1119,1066
15:35:32,1120,1066
15:35:32,1121,1067
15:35:32,1121,1068
15:35:32,1121,1068
15:35:33,1122,1069
15:35:33,1122,1071
15:35:33,1122,1071
15:35:33,1122,1073
15:35:33,1124,1073
15:35:34,1126,1073
15:35:34,1127,1074
15:35:34,1129,1076
15:35:34,1130,1076
15:35:34,1132,1078
15:35:35,1132,1078
15:35:35,1132,1078
15:35:35,1132,1078
15:35:35,1133,1078
15:35:35,1135,1079
15:35:36,1136,1081
15:35:36,1138,1082
15:35:36,1139,1083
15:35:36,1141,1085
15:35:36,1142,1087
15:35:37,1143,1088
15:35:37,1145,1088
15:35:37,1145,1090
15:35:37,1145,1092
15:35:37,1147,1093
15:35:38,1148,1095
15:35:38,1149,1095
15:35:38,1151,1095
15:35:38,1153,1097
15:35:39,1154,1099
15:35:39,1155,1101
15:35:39,1156,1103
15:35:39,1158,1105
15:35:39,1158,1107
15:35:40,1159,1108
15:35:40,1160,1109
15:35:40,1161,1110
15:35:40,1162,1112
15:35:40,1163,1113
15:35:41,1164,1113
15:35:41,1166,1113
15:35:41,1166,1114
15:35:41,1168,1114
15:35:41,1168,1114
15:35:42,1168,1116
15:35:42,1170,1116
15:35:42,1171,1118
15:35:42,1173,1120
15:35:42,1173,1121
15:35:43,1175,1121
15:35:43,1175,1122
15:35:43,1175,1123
15:35:43,1175,1123
15:35:43,1177,1125
15:35:44,1179,1126
15:35:44,1181,1127
15:35:44,1182,1129
15:35:44,1182,1129
15:35:44,1182,1129
15:35:45,1182,1129
15:35:45,1184,1129
15:35:45,1185,1131
15:35:45,1186,1132
15:35:45,1187,1133
15:35:46,1189,1133
15:35:46,1191,1133
15:35:46,1193,1135
15:35:46,1194,1136
15:35:46,1196,1136
15:35:47,1196,1136
15:35:47,1197,1138
15:35:47,1199,1138
15:35:47,1200,1140
15:35:47,1201,1141
15:35:48,1201,1143
15:35:48,1201,1145
15:35:48,1202,1147
15:35:48,1204,1149
15:35:48,1204,1149
15:35:49,1204,1150
15:35:49,1206,1150
15:35:49,1206,1150
15:35:49,1207,1152
15:35:50,1208,1154
15:35:50,1208,1155
15:35:50,1209,1157
15:35:50,1210,1157
15:35:50,1210,1158
15:35:51,1212,1160
15:35:51,1214,1161
15:35:51,1214,1161
15:35:51,1214,1161
15:35:51,1216,1163
15:35:52,1216,1165
15:35:52,1218,1166
15:35:52,1219,1167
15:35:52,1221,1167
15:35:52,1222,1169
15:35:53,1224,1169
15:35:53,1224,1171
15:35:53,1225,1171
15:35:53,1225,1172
15:35:53,1227,1172
15:35:54,1229,1172
15:35:54,1230,1173
15:35:54,1230,1175
15:35:54,1231,1175
15:35:54,1231,1176
15:35:55,1233,1177
15:35:55,1233,1179
15:35:55,1233,1180
15:35:55,1234,1181
15:35:55,1235,1183
15:35:56,1235,1185
15:35:56,1236,1187
15:35:56,1237,1188
15:35:56,1237,1190
15:35:56,1238,1192
15:35:57,1239,1194
15:35:57,1239,1195
15:35:57,1241,1196
15:35:57,1242,1197
15:35:58,1242,1199
15:35:58,1244,1201
15:35:58,1244,1203
15:35:58,1244,1205
15:35:58,1246,1206
15:35:59,1248,1206
15:35:59,1250,1207
15:35:59,1251,1209
15:35:59,1253,1210
15:35:59,1253,1211
15:36:00,1253,1213
15:36:00,1253,1213
15:36:00,1253,1213
15:36:00,1254,1215
15:36:00,1256,1216
15:36:01,1256,1218
15:36:01,1257,1220
15:36:01,1257,1220
15:36:01,1259,1220
15:36:01,1261,1221
15:36:02,1263,1221
15:36:02,1263,1223
15:36:02,1263,1225
15:36:02,1264,1227
15:36:02,1264,1227
15:36:03,1264,1228
15:36:03,1265,1230
15:36:03,1266,1230
15:36:03,1268,1230
15:36:03,1270,1230
15:36:04,1272,1231
15:36:04,1273,1232
15:36:04,1274,1232
15:36:04,1275,1234
15:36:04,1275,1234
15:36:05,1276,1234
15:36:05,1278,1236
15:36:05,1279,1237
15:36:05,1280,1237
15:36:06,1280,1238
15:36:06,1280,1238
15:36:06,1280,1238
15:36:06,1280,1239
15:36:06,1281,1239
15:36:07,1282,1240
15:36:07,1284,1240
15:36:07,1286,1242
15:36:07,1286,1243
15:36:07,1288,1245
15:36:08,1289,1247
15:36:08,1291,1248
15:36:08,1293,1248
15:36:08,1295,1248
15:36:08,1297,1250
15:36:09,1297,1252
15:36:09,1299,1253
15:36:09,1300,1254
15:36:09,1302,1254
15:36:09,1302,1256
15:36:10,1303,1257
15:36:10,1303,1259
15:36:10,1304,1261
15:36:10,1306,1262
15:36:10,1306,1263
15:36:11,1308,1264
15:36:11,1309,1264
15:36:11,1311,1266
15:36:11,1312,1267
15:36:11,1313,1269
15:36:12,1315,1270
15:36:12,1316,1271
15:36:12,1318,1271
15:36:12,1318,1271
15:36:12,1318,1271
15:36:13,1319,1273
15:36:13,1319,1275
15:36:13,1319,1277
15:36:13,1320,1277
15:36:13,1322,1279
15:36:14,1324,1279
15:36:14,1326,1281
15:36:14,1328,1281
15:36:14,1328,1281
15:36:14,1328,1281
15:36:15,1328,1283
15:36:15,1330,1283
15:36:15,1331,1285
15:36:15,1331,1285
15:36:15,1331,1287
15:36:16,1333,1289
15:36:16,1335,1290
15:36:16,1336,1291
15:36:16,1338,1292
15:36:16,1339,1294
15:36:17,1339,1296
15:36:17,1339,1298
15:36:17,1340,1298
15:36:17,1341,1300
15:36:17,1342,1300
15:36:18,1342,1301
15:36:18,1342,1302
15:36:18,1342,1303
15:36:18,1343,1304
15:36:18,1344,1304
15:36:19,1344,1304
15:36:19,1345,1306
15:36:19,1346,1308
15:36:19,1347,1309
15:36:20,1347,1309
15:36:20,1347,1311
15:36:20,1349,1311
15:36:20,1351,1311
15:36:20,1353,1311
15:36:21,1354,1313
15:36:21,1356,1315
15:36:21,1358,1317
15:36:21,1360,1319
15:36:21,1360,1320
15:36:22,1360,1320
15:36:22,1362,1321
15:36:22,1362,1323
15:36:22,1364,1325
15:36:22,1366,1326
15:36:23,1366,1327
15:36:23,1367,1327
15:36:23,1367,1327
15:36:23,1367,1329
15:36:23,1369,1331
15:36:24,1369,1333
15:36:24,1370,1334
15:36:24,1372,1336
15:36:24,1373,1338
15:36:24,1373,1340
15:36:25,1374,1341
15:36:25,1375,1343
15:36:25,1376,1343
15:36:25,1376,1344
15:36:25,1376,1345
15:36:26,1377,1346
15:36:26,1378,1346
15:36:26,1379,1346
15:36:26,1379,1346
15:36:26,1380,1348
15:36:27,1381,1348
15:36:27,1381,1350
15:36:27,1381,1351
15:36:27,1383,1351
15:36:27,1385,1353
15:36:28,1385,1354
15:36:28,1386,1356
15:36:28,1388,1356
15:36:28,1388,1358
15:36:28,1389,1360
15:36:29,1391,1361
15:36:29,1393,1362
15:36:29,1393,1363
15:36:29,1393,1364
15:36:29,1393,1366
15:36:30,1393,1366
15:36:30,1393,1366
15:36:30,1394,1367
15:36:30,1395,1367
15:36:30,1396,1368
15:36:31,1396,1369
15:36:31,1396,1370
15:36:31,1397,1371
15:36:31,1397,1373
15:36:31,1398,1375
15:36:32,1400,1375
15:36:32,1402,1377
15:36:32,1404,1378
15:36:32,1406,1378
15:36:33,1408,1380
15:36:33,1410,1382
15:36:33,1412,1382
15:36:33,1413,1384
15:36:33,1413,1384
15:36:34,1415,1384
15:36:34,1417,1386
15:36:34,1419,1386
15:36:34,1420,1387
15:36:34,1422,1389
15:36:35,1424,1390
15:36:35,1425,1392
15:36:35,1425,1394
15:36:35,1425,1396
15:36:35,1425,1396
15:36:36,1426,1398
15:36:36,1428,1399
15:36:36,1430,1399
15:36:36,1432,1401
15:36:36,1434,1403
15:36:37,1434,1403
15:36:37,1435,1403
15:36:37,1436,1405
15:36:37,1438,1407
15:36:37,1438,1409
15:36:38,1438,1409
15:36:38,1438,1409
15:36:38,1440,1409
15:36:38,1442,1409
15:36:38,1443,1409
15:36:39,1444,1411
15:36:39,1444,1411
15:36:39,1445,1413
15:36:39,1446,1415
15:36:39,1447,1417
15:36:40,1447,1419
15:36:40,1448,1420
15:36:40,1448,1422
15:36:40,1449,1422
15:36:40,1450,1423
15:36:41,1450,1423
15:36:41,1451,1423
15:36:41,1451,1423
15:36:41,1451,1423
15:36:41,1453,1424
15:36:42,1453,1424
15:36:42,1454,1425
15:36:42,1454,1427
15:36:42,1456,1428
15:36:43,1456,1429
15:36:43,1457,1429
15:36:43,1458,1431
15:36:43,1458,1432
15:36:43,1460,1434
15:36:44,1462,1434
15:36:44,1463,1434
15:36:44,1464,1435
15:36:44,1466,1437
15:36:44,1466,1438
15:36:45,1466,1439
15:36:45,1466,1440
15:36:45,1466,1442
15:36:45,1467,1444
15:36:45,1468,1444
15:36:46,1468,1446
15:36:46,1470,1447
15:36:46,1471,1448
15:36:46,1471,1450
15:36:46,1472,1451
15:36:47,1472,1451
15:36:47,1474,1451
15:36:47,1476,1451
15:36:47,1476,1451
15:36:47,1477,1451
15:36:48,1479,1453
15:36:48,1481,1455
15:36:48,1482,1456
15:36:48,1484,1457
15:36:48,1484,1459
15:36:49,1486,1459
15:36:49,1488,1459
15:36:49,1490,1460
15:36:49,1491,1460
15:36:49,1492,1462
15:36:50,1494,1464
15:36:50,1495,1464
15:36:50,1497,1465
15:36:50,1498,1467
15:36:50,1500,1468
15:36:51,1501,1469
15:36:51,1502,1469
15:36:51,1502,1469
15:36:51,1504,1471
15:36:51,1504,1471
15:36:52,1505,1473
15:36:52,1507,1475
15:36:52,1507,1476
15:36:52,1509,1478
15:36:52,1511,1480
15:36:53,1513,1480
15:36:53,1515,1480
15:36:53,1515,1482
15:36:53,1516,1483
15:36:54,1516,1484
15:36:54,1517,1485
15:36:54,1519,1486
15:36:54,1521,1486
15:36:54,1523,1486
15:36:55,1523,1487
15:36:55,1524,1487
15:36:55,1525,1487
15:36:55,1525,1488
15:36:55,1525,1490
15:36:56,1525,1491
15:36:56,1525,1493
15:36:56,1527,1493
15:36:56,1528,1493
15:36:56,1529,1494
15:36:57,1529,1496
15:36:57,1530,1497
15:36:57,1530,1497
15:36:57,1530,1497
15:36:57,1532,1497
15:36:58,1532,1498
15:36:58,1532,1499
15:36:58,1533,1501
15:36:58,1533,1502
15:36:58,1535,1502
15:36:59,1537,1503
15:36:59,1539,1505
15:36:59,1540,1505
15:36:59,1542,1505
15:36:59,1542,1506
15:37:00,1542,1506
15:37:00,1544,1507
15:37:00,1545,1508
15:37:00,1546,1508
15:37:00,1546,1509
15:37:01,1546,1510
15:37:01,1547,1511
15:37:01,1547,1512
15:37:01,1547,1513
15:37:01,1549,1514
15:37:02,1551,1515
15:37:02,1552,1517
15:37:02,1554,1519
15:37:02,1554,1521
15:37:02,1554,1523
15:37:03,1554,1525
15:37:03,1555,1525
15:37:03,1556,1526
15:37:03,1558,1527
15:37:04,1558,1528
15:37:04,1559,1529
15:37:04,1559,1529
15:37:04,1559,1530
15:37:04,1561,1531
15:37:05,1562,1531
15:37:05,1564,1533
15:37:05,1565,1535
15:37:05,1566,1536
15:37:05,1568,1537
15:37:06,1569,1537
15:37:06,1569,1537
15:37:06,1570,1539
15:37:06,1572,1541
15:37:06,1574,1541
15:37:07,1574,1541
15:37:07,1574,1543
15:37:07,1576,1543
15:37:07,1577,1545
15:37:07,1579,1545
15:37:08,1579,1546
15:37:08,1580,1548
15:37:08,1581,1549
15:37:08,1581,1549
15:37:08,1582,1549
15:37:09,1584,1549
15:37:09,1585,1549
15:37:09,1585,1550
15:37:09,1585,1551
15:37:09,1587,1552
15:37:10,1587,1552
15:37:10,1588,1553
15:37:10,1588,1554
15:37:10,1589,1554
15:37:10,1591,1554
15:37:11,1591,1556
15:37:11,1592,1558
15:37:11,1593,1559
15:37:11,1595,1561
15:37:11,1595,1561
15:37:12,1597,1563
15:37:12,1597,1564
15:37:12,1598,1565
15:37:12,1600,1565
15:37:13,1601,1565
15:37:13,1603,1566
15:37:13,1605,1568
15:37:13,1607,1569
15:37:13,1608,1570
15:37:14,1608,1572
15:37:14,1609,1574
15:37:14,1609,1575
15:37:14,1610,1577
15:37:14,1610,1577
15:37:15,1611,1579
15:37:15,1611,1579
15:37:15,1613,1581
15:37:15,1615,1581
15:37:15,1617,1582
15:37:16,1619,1583
15:37:16,1619,1583
15:37:16,1621,1583
15:37:16,1623,1583
15:37:16,1624,1583
15:37:17,1625,1583
15:37:17,1626,1583
15:37:17,1628,1585
15:37:17,1628,1585
15:37:17,1628,1586
15:37:18,1628,1588
15:37:18,1629,1589
15:37:18,1630,1591
15:37:18,1630,1593
15:37:18,1630,1594
15:37:19,1631,1594
15:37:19,1631,1595
15:37:19,1631,1596
15:37:19,1631,1597
15:37:19,1633,1598
15:37:20,1633,1598
15:37:20,1634,1598
15:37:20,1634,1600
15:37:20,1636,1600
15:37:20,1636,1601
15:37:21,1637,1601
15:37:21,1637,1602
15:37:21,1639,1604
15:37:21,1640,1605
15:37:21,1641,1607
15:37:22,1643,1608
15:37:22,1644,1610
15:37:22,1644,1612
15:37:22,1644,1612
15:37:22,1645,1614
15:37:23,1646,1616
15:37:23,1648,1617
15:37:23,1648,1617
15:37:23,1650,1618
15:37:23,1650,1620
15:37:24,1652,1622
15:37:24,1653,1622
15:37:24,1654,1624
15:37:24,1656,1626
15:37:25,1656,1626
15:37:25,1656,1628
15:37:25,1657,1628
15:37:25,1657,1628
15:37:25,1659,1630
15:37:26,1661,1631
15:37:26,1662,1632
15:37:26,1662,1633
15:37:26,1664,1633
15:37:26,1666,1633
15:37:27,1667,1635
15:37:27,1668,1636
15:37:27,1668,1637
15:37:27,1669,1639
15:37:27,1671,1641
15:37:28,1673,1641
15:37:28,1674,1642
15:37:28,1674,1643
15:37:28,1674,1644
15:37:28,1676,1646
15:37:29,1677,1647
15:37:29,1678,1649
15:37:29,1679,1649
15:37:29,1680,1651
15:37:29,1682,1651
15:37:30,1683,1651
15:37:30,1684,1652
15:37:30,1684,1654
15:37:30,1684,1654
15:37:30,1684,1655
15:37:31,1686,1656
15:37:31,1688,1658
15:37:31,1688,1660
15:37:31,1690,1660
15:37:31,1691,1660
15:37:32,1693,1660
15:37:32,1693,1662
15:37:32,1693,1664
15:37:32,1693,1665
15:37:32,1693,1666
15:37:33,1694,1666
15:37:33,1694,1666
15:37:33,1696,1666
15:37:33,1697,1667
15:37:33,1697,1668
15:37:34,1699,1668
15:37:34,1700,1669
15:37:34,1702,1670
15:37:34,1704,1671
15:37:34,1705,1671
15:37:35,1706,1673
15:37:35,1706,1674
15:37:35,1707,1675
15:37:35,1707,1676
15:37:35,1707,1678
15:37:36,1709,1680
15:37:36,1711,1681
15:37:36,1713,1682
15:37:36,1715,1682
15:37:36,1716,1684
15:37:37,1717,1684
15:37:37,1718,1684
15:37:37,1718,1686
15:37:37,1720,1687
15:37:38,1722,1688
15:37:38,1724,1690
15:37:38,1724,1692
15:37:38,1725,1693
15:37:38,1726,1694
15:37:39,1728,1696
15:37:39,1729,1698
15:37:39,1731,1699
15:37:39,1731,1701
15:37:39,1731,1701
15:37:40,1732,1702
15:37:40,1734,1703
15:37:40,1734,1703
15:37:40,1736,1704
15:37:40,1738,1706
15:37:41,1739,1706
15:37:41,1740,1706
15:37:41,1740,1707
15:37:41,1742,1707
15:37:41,1744,1709
15:37:42,1746,1709
15:37:42,1748,1709
15:37:42,1748,1710
15:37:42,1749,1712
15:37:42,1751,1712
15:37:43,1752,1712
15:37:43,1753,1712
15:37:43,1754,1713
15:37:43,1754,1715
15:37:43,1754,1715
15:37:44,1756,1715
15:37:44,1757,1715
15:37:44,1757,1717
15:37:44,1757,1719
15:37:44,1758,1721
15:37:45,1758,1722
15:37:45,1758,1722
15:37:45,1758,1722
15:37:45,1758,1724
15:37:45,1758,1726
15:37:46,1758,1728
15:37:46,1760,1728
15:37:46,1762,1728
15:37:46,1764,1730
15:37:46,1764,1732
15:37:47,1766,1732
15:37:47,1766,1733
15:37:47,1767,1735
15:37:47,1767,1736
15:37:47,1768,1738
15:37:48,1770,1738
15:37:48,1771,1739
15:37:48,1772,1741
15:37:48,1774,1743
15:37:49,1775,1743
15:37:49,1777,1743
15:37:49,1779,1743
15:37:49,1781,1743
15:37:49,1782,1744
15:37:50,1783,1745
15:37:50,1784,1746
15:37:50,1786,1747
15:37:50,1786,1748
15:37:50,1787,1749
15:37:51,1787,1749
15:37:51,1787,1750
15:37:51,1787,1752
15:37:51,1789,1753
15:37:51,1791,1755
15:37:52,1791,1756
15:37:52,1791,1757
15:37:52,1792,1758
15:37:52,1793,1759
15:37:52,1795,1759
15:37:53,1797,1759
15:37:53,1798,1761
15:37:53,1799,1761
15:37:53,1800,1763
15:37:53,1800,1764
15:37:54,1800,1766
15:37:54,1801,1767
15:37:54,1802,1769
15:37:54,1803,1769
15:37:54,1805,1771
15:37:55,1807,1772
15:37:55,1807,1774
15:37:55,1809,1776
15:37:55,1811,1778
15:37:55,1811,1780
15:37:56,1813,1782
15:37:56,1813,1784
15:37:56,1814,1784
15:37:56,1814,1784
15:37:56,1814,1785
15:37:57,1816,1785
15:37:57,1816,1785
15:37:57,1816,1785
15:37:57,1817,1787
15:37:57,1819,1789
15:37:58,1821,1789
15:37:58,1823,1791
15:37:58,1825,1792
15:37:58,1827,1794
15:37:59,1827,1794
15:37:59,1829,1794
15:37:59,1830,1794
15:37:59,1832,1796
15:37:59,1834,1796
15:38:00,1834,1796
15:38:00,1836,1796
15:38:00,1838,1798
15:38:00,1838,1800
15:38:00,1840,1802
15:38:01,1841,1804
15:38:01,1842,1806
15:38:01,1844,1806
15:38:01,1845,1808
15:38:01,1847,1809
15:38:02,1847,1811
15:38:02,1848,1812
15:38:02,1850,1812
15:38:02,1852,1813
15:38:02,1854,1814
15:38:03,1854,1814
15:38:03,1854,1816
15:38:03,1855,1817
15:38:03,1855,1818
15:38:03,1857,1818
15:38:04,1859,1819
15:38:04,1859,1821
15:38:04,1859,1821
15:38:04,1860,1821
15:38:04,1862,1823
15:38:05,1863,1825
15:38:05,1863,1826
15:38:05,1865,1827
15:38:05,1865,1827
15:38:05,1865,1828
15:38:06,1867,1828
15:38:06,1867,1829
15:38:06,1867,1829
15:38:06,1868,1831
15:38:06,1869,1832
15:38:07,1869,1834
15:38:07,1871,1836
15:38:07,1872,1838
15:38:07,1873,1838
15:38:07,1874,1839
15:38:08,1874,1839
15:38:08,1875,1841
15:38:08,1875,1843
15:38:08,1877,1845
15:38:08,1877,1846
15:38:09,1878,1847
15:38:09,1879,1847
15:38:09,1880,1847
15:38:09,1881,1848
15:38:09,1881,1848
15:38:10,1883,1850
15:38:10,1884,1850
15:38:10,1886,1851
15:38:10,1887,1853
15:38:11,1888,1853
15:38:11,1888,1853
15:38:11,1889,1854
15:38:11,1891,1854
15:38:11,1893,1854
15:38:12,1895,1856
15:38:12,1897,1858
15:38:12,1897,1859
15:38:12,1899,1860
15:38:12,1901,1861
15:38:13,1902,1863
15:38:13,1904,1864
15:38:13,1904,1865
15:38:13,1904,1865
15:38:13,1906,1867
15:38:14,1908,1869
15:38:14,1909,1871
15:38:14,1910,1872
15:38:14,1911,1873
15:38:14,1913,1874
15:38:15,1915,1876
15:38:15,1917,1877
15:38:15,1917,1878
15:38:15,1919,1880
15:38:15,1921,1880
15:38:16,1922,1882
15:38:16,1923,1882
15:38:16,1925,1883
15:38:16,1926,1883
15:38:16,1928,1884
15:38:17,1930,1886
15:38:17,1930,1886
15:38:17,1931,1888
15:38:17,1931,1889
15:38:17,1933,1891
15:38:18,1934,1891
15:38:18,1935,1891
15:38:18,1937,1893
15:38:18,1937,1894
15:38:18,1937,1896
15:38:19,1938,1898
15:38:19,1939,1898
15:38:19,1939,1899
15:38:19,1941,1901
15:38:19,1942,1902
15:38:20,1942,1902
15:38:20,1943,1903
15:38:20,1945,1903
15:38:20,1947,1903
15:38:20,1948,1905
15:38:21,1948,1905
15:38:21,1949,1906
15:38:21,1949,1907
15:38:21,1950,1908
15:38:22,1951,1909
15:38:22,1953,1910
15:38:22,1953,1911
15:38:22,1955,1911
15:38:22,1955,1913
15:38:23,1957,1915
15:38:23,1957,1916
15:38:23,1957,1917
15:38:23,1958,1918
15:38:23,1960,1919
15:38:24,1961,1920
15:38:24,1961,1920
15:38:24,1963,1921
15:38:24,1963,1922
15:38:24,1965,1923
15:38:25,1965,1923
15:38:25,1967,1925
15:38:25,1967,1926
15:38:25,1967,1928
15:38:25,1968,1929
15:38:26,1968,1931
15:38:26,1969,1932
15:38:26,1970,1932
15:38:26,1971,1933
15:38:26,1972,1934
15:38:27,1972,1935
15:38:27,1972,1936
15:38:27,1972,1938
15:38:27,1972,1938
15:38:27,1974,1938
15:38:28,1976,1938
15:38:28,1976,1940
15:38:28,1977,1942
15:38:28,1979,1942
15:38:28,1979,1943
15:38:29,1979,1944
15:38:29,1980,1945
15:38:29,1980,1945
15:38:29,1980,1947
15:38:29,1980,1949
15:38:30,1982,1949
15:38:30,1984,1950
15:38:30,1985,1950
15:38:30,1985,1952
15:38:31,1986,1952
15:38:31,1986,1952
15:38:31,1987,1954
15:38:31,1988,1954
15:38:31,1988,1954
15:38:32,1989,1955
15:38:32,1991,1956
15:38:32,1993,1956
15:38:32,1995,1956
15:38:32,1995,1957
15:38:33,1997,1959
15:38:33,1997,1960
15:38:33,1999,1960
15:38:33,2001,1960
15:38:33,2002,1960
15:38:34,2003,1962
15:38:34,2003,1964
15:38:34,2005,1964
15:38:34,2007,1964
15:38:34,2009,1966
15:38:35,2010,1967
15:38:35,2011,1968
15:38:35,2013,1970
15:38:35,2015,1972
15:38:35,2017,1973
15:38:36,2017,1974
15:38:36,2018,1976
15:38:36,2018,1976
15:38:36,2018,1977
15:38:36,2019,1977
15:38:37,2021,1977
15:38:37,2021,1978
15:38:37,2022,1979
15:38:37,2024,1981
15:38:37,2026,1981
15:38:38,2027,1981
15:38:38,2027,1981
15:38:38,2028,1983
15:38:38,2028,1983
15:38:38,2028,1985
15:38:39,2028,1985
15:38:39,2029,1986
15:38:39,2030,1988
15:38:39,2030,1990
15:38:39,2032,1990
15:38:40,2032,1991
15:38:40,2032,1993
15:38:40,2034,1995
15:38:40,2035,1997
15:38:41,2035,1997
15:38:41,2037,1998
15:38:41,2037,1999
15:38:41,2037,2001
15:38:41,2038,2003
15:38:42,2039,2003
15:38:42,2040,2005
15:38:42,2041,2007
15:38:42,2041,2007
15:38:42,2042,2008
15:38:43,2042,2008
15:38:43,2044,2009
15:38:43,2046,2009
15:38:43,2046,2011
15:38:43,2047,2011
15:38:44,2047,2011
15:38:44,2048,2013
15:38:44,2048,2013
15:38:44,2048,2015
15:38:44,2048,2017
15:38:45,2049,2019
15:38:45,2049,2019
15:38:45,2049,2021
15:38:45,2049,2022
15:38:45,2050,2024
15:38:46,2051,2026
15:38:46,2052,2027
15:38:46,2052,2027
15:38:46,2052,2029
15:38:47,2053,2030
15:38:47,2055,2030
15:38:47,2055,2030
15:38:47,2055,2032
15:38:47,2057,2034
15:38:48,2057,2036
15:38:48,2059,2037
15:38:48,2059,2039
15:38:48,2059,2040
15:38:48,2059,2040
15:38:49,2060,2040
15:38:49,2061,2041
15:38:49,2062,2043
15:38:49,2064,2044
15:38:49,2066,2044
15:38:50,2066,2045
15:38:50,2067,2047
15:38:50,2067,2048
15:38:50,2068,2050
15:38:50,2068,2052
15:38:51,2069,2052
15:38:51,2070,2054
15:38:51,2072,2054
15:38:51,2073,2056
15:38:51,2074,2056
15:38:52,2076,2058
15:38:52,2076,2060
15:38:52,2078,2061
15:38:52,2079,2061
15:38:52,2080,2061
15:38:53,2082,2062
15:38:53,2084,2062
15:38:53,2085,2064
15:38:53,2086,2065
15:38:53,2087,2067
15:38:54,2087,2068
15:38:54,2088,2068
15:38:54,2089,2068
15:38:54,2090,2070
15:38:54,2090,2071
15:38:55,2092,2072
15:38:55,2092,2072
15:38:55,2093,2073
15:38:55,2093,2073
15:38:56,2093,2075
15:38:56,2094,2075
15:38:56,2096,2076
15:38:56,2098,2077
15:38:56,2100,2079
15:38:57,2102,2081
15:38:57,2102,2083
15:38:57,2102,2084
15:38:57,2104,2086
15:38:57,2104,2088
15:38:58,2104,2090
15:38:58,2106,2091
15:38:58,2107,2091
15:38:58,2107,2092
15:38:58,2108,2092
15:38:59,2110,2093
15:38:59,2110,2094
15:38:59,2110,2096
15:38:59,2112,2097
15:38:59,2112,2098
15:39:00,2112,2100
15:39:00,2114,2101
15:39:00,2114,2103
15:39:00,2115,2105
15:39:00,2115,2106
15:39:01,2115,2108
15:39:01,2116,2110
15:39:01,2118,2112
15:39:01,2120,2113
15:39:01,2121,2114
15:39:02,2122,2114
15:39:02,2124,2114
15:39:02,2125,2115
15:39:02,2126,2117
15:39:02,2128,2118
15:39:03,2128,2118
15:39:03,2130,2120
15:39:03,2130,2121
15:39:03,2131,2122
15:39:03,2132,2124
15:39:04,2132,2125
15:39:04,2134,2126
15:39:04,2136,2128
15:39:04,2137,2128
15:39:05,2139,2130
15:39:05,2140,2130
15:39:05,2142,2130
15:39:05,2144,2132
15:39:05,2145,2132
15:39:06,2145,2132
15:39:06,2147,2134
15:39:06,2147,2135
15:39:06,2149,2137
15:39:06,2151,2139
15:39:07,2153,2140
15:39:07,2154,2140
15:39:07,2154,2140
15:39:07,2154,2140
15:39:07,2154,2141
15:39:08,2155,2141
15:39:08,2156,2142
15:39:08,2157,2142
15:39:08,2159,2144
15:39:08,2160,2146
15:39:09,2161,2147
15:39:09,2161,2147
15:39:09,2161,2147
15:39:09,2161,2148
15:39:09,2162,2150
15:39:10,2163,2150
15:39:10,2164,2152
15:39:10,2164,2153
15:39:10,2166,2154
15:39:10,2167,2155
15:39:11,2167,2155
15:39:11,2169,2155
15:39:11,2171,2156
15:39:11,2171,2158
15:39:11,2173,2159
15:39:12,2175,2159
15:39:12,2177,2159
15:39:12,2179,2161
15:39:12,2181,2161
15:39:12,2183,2161
15:39:13,2184,2162
15:39:13,2186,2163
15:39:13,2186,2163
15:39:13,2188,2163
15:39:13,2188,2163
15:39:14,2190,2164
15:39:14,2190,2164
15:39:14,2192,2164
15:39:14,2193,2164
15:39:14,2195,2164
15:39:15,2195,2166
15:39:15,2195,2166
15:39:15,2197,2166
15:39:15,2198,2167
15:39:15,2198,2168
15:39:16,2199,2168
15:39:16,2201,2170
15:39:16,2201,2170
15:39:16,2203,2172
15:39:17,2204,2172
15:39:17,2204,2174
15:39:17,2205,2174
15:39:17,2206,2176
15:39:17,2208,2177
15:39:18,2208,2179
15:39:18,2208,2180
15:39:18,2210,2180
15:39:18,2212,2180
15:39:18,2212,2182
15:39:19,2214,2182
15:39:19,2214,2182
15:39:19,2216,2184
15:39:19,2216,2185
15:39:19,2218,2186
15:39:20,2220,2187
15:39:20,2221,2187
15:39:20,2222,2188
15:39:20,2223,2188
15:39:20,2224,2190
15:39:21,2224,2190
15:39:21,2225,2192
15:39:21,2225,2193
15:39:21,2226,2193
15:39:21,2228,2195
15:39:22,2229,2197
15:39:22,2231,2199
15:39:22,2232,2201
15:39:22,2234,2201
15:39:22,2235,2201
15:39:23,2236,2202
15:39:23,2238,2202
15:39:23,2238,2202
15:39:23,2238,2204
15:39:23,2239,2206
15:39:24,2239,2206
15:39:24,2240,2208
15:39:24,2242,2209
15:39:24,2242,2211
15:39:24,2242,2211
15:39:25,2243,2213
15:39:25,2245,2213
15:39:25,2245,2215
15:39:25,2245,2216
15:39:25,2247,2216
15:39:26,2248,2216
15:39:26,2250,2217
15:39:26,2252,2217
15:39:26,2252,2218
15:39:26,2252,2219
15:39:27,2253,2219
15:39:27,2254,2221
15:39:27,2254,2222
15:39:27,2255,2222
15:39:28,2255,2224
15:39:28,2256,2225
15:39:28,2257,2227
15:39:28,2258,2227
15:39:28,2260,2227
15:39:29,2261,2228
15:39:29,2262,2228
15:39:29,2263,2228
15:39:29,2264,2228
15:39:29,2266,2229
15:39:30,2267,2231
15:39:30,2268,2231
15:39:30,2268,2233
15:39:30,2268,2235
15:39:30,2270,2235
15:39:31,2271,2236
15:39:31,2272,2237
15:39:31,2273,2239
15:39:31,2274,2241
15:39:31,2275,2242
15:39:32,2276,2244
15:39:32,2278,2245
15:39:32,2280,2247
15:39:32,2280,2247
15:39:32,2281,2249
15:39:33,2281,2250
15:39:33,2283,2252
15:39:33,2285,2254
15:39:33,2287,2254
15:39:33,2288,2255
15:39:34,2290,2256
15:39:34,2290,2257
15:39:34,2292,2259
15:39:34,2293,2260
15:39:34,2294,2262
15:39:35,2294,2263
15:39:35,2295,2264
15:39:35,2295,2266
15:39:35,2297,2267
15:39:36,2298,2268
15:39:36,2300,2269
15:39:36,2301,2269
15:39:36,2303,2271
15:39:36,2303,2273
15:39:37,2305,2273
15:39:37,2307,2275
15:39:37,2308,2277
15:39:37,2309,2279
15:39:37,2309,2280
15:39:38,2311,2282
15:39:38,2313,2284
15:39:38,2313,2286
15:39:38,2313,2288
15:39:38,2315,2290
15:39:39,2317,2292
15:39:39,2319,2293
15:39:39,2320,2293
15:39:39,2322,2294
15:39:39,2322,2294
15:39:40,2322,2296
15:39:40,2323,2296
15:39:40,2324,2296
15:39:40,2324,2298
15:39:40,2326,2300
15:39:41,2326,2300
15:39:41,2326,2301
15:39:41,2326,2302
15:39:41,2327,2302
15:39:41,2329,2303
15:39:42,2330,2305
15:39:42,2331,2307
15:39:42,2332,2308
15:39:42,2332,2308
15:39:42,2334,2309
15:39:43,2334,2309
15:39:43,2334,2310
15:39:43,2336,2310
15:39:43,2338,2310
15:39:43,2338,2312
15:39:44,2340,2312
15:39:44,2341,2312
15:39:44,2342,2314
15:39:44,2343,2315
15:39:45,2345,2316
15:39:45,2346,2318
15:39:45,2346,2320
15:39:45,2347,2322
15:39:45,2347,2324
15:39:46,2347,2324
15:39:46,2347,2325
15:39:46,2347,2327
15:39:46,2347,2327
15:39:46,2347,2327
15:39:47,2349,2328
15:39:47,2350,2329
15:39:47,2352,2331
15:39:47,2353,2333
15:39:47,2355,2333
15:39:48,2356,2334
15:39:48,2358,2335
15:39:48,2360,2335
15:39:48,2362,2337
15:39:48,2362,2339
15:39:49,2363,2340
15:39:49,2365,2341
15:39:49,2367,2343
15:39:49,2367,2345
15:39:49,2367,2347
15:39:50,2367,2349
15:39:50,2369,2349
15:39:50,2370,2349
15:39:50,2370,2349
15:39:50,2370,2350
15:39:51,2370,2352
15:39:51,2370,2354
15:39:51,2372,2356
15:39:51,2373,2358
15:39:51,2374,2358
15:39:52,2374,2359
15:39:52,2375,2360
15:39:52,2377,2362
15:39:52,2378,2362
15:39:52,2380,2362
15:39:53,2382,2363
15:39:53,2382,2364
15:39:53,2383,2365
15:39:53,2384,2366
15:39:53,2385,2367
15:39:54,2385,2368
15:39:54,2387,2370
15:39:54,2387,2370
15:39:54,2389,2372
15:39:54,2390,2374
15:39:55,2392,2374
15:39:55,2394,2376
15:39:55,2394,2376
15:39:55,2396,2377
15:39:56,2397,2379
15:39:56,2397,2379
15:39:56,2398,2381
15:39:56,2399,2381
15:39:56,2400,2381
15:39:57,2401,2382
15:39:57,2402,2383
15:39:57,2403,2385
15:39:57,2405,2385
15:39:57,2407,2387
15:39:58,2408,2387
15:39:58,2408,2387
15:39:58,2410,2389
15:39:58,2411,2390
15:39:58,2413,2391
15:39:59,2415,2392
15:39:59,2417,2394
15:39:59,2418,2396
15:39:59,2419,2398
15:39:59,2421,2398
15:40:00,2423,2399
15:40:00,2424,2399
15:40:00,2425,2399
15:40:00,2427,2401
15:40:00,2429,2403
15:40:01,2431,2404
15:40:01,2433,2406
15:40:01,2434,2407
15:40:01,2436,2408
15:40:01,2436,2410
15:40:02,2437,2410
15:40:02,2439,2410
15:40:02,2439,2411
15:40:02,2441,2413
15:40:02,2441,2415
15:40:03,2442,2415
15:40:03,2442,2416
15:40:03,2442,2417
15:40:03,2442,2419
15:40:03,2442,2420
15:40:04,2442,2420
15:40:04,2443,2420
15:40:04,2444,2422
15:40:04,2445,2422
15:40:04,2447,2424
15:40:05,2448,2424
15:40:05,2450,2424
15:40:05,2450,2425
15:40:05,2451,2425
15:40:06,2452,2427
15:40:06,2453,2428
15:40:06,2453,2428
15:40:06,2453,2428
15:40:06,2454,2429
15:40:07,2454,2430
15:40:07,2456,2431
15:40:07,2458,2432
15:40:07,2458,2432
15:40:07,2460,2434
15:40:08,2462,2435
15:40:08,2463,2435
15:40:08,2465,2437
15:40:08,2466,2437
15:40:08,2466,2438
15:40:09,2466,2439
15:40:09,2468,2441
15:40:09,2470,2443
15:40:09,2470,2443
15:40:09,2472,2444
15:40:10,2474,2446
15:40:10,2476,2447
15:40:10,2478,2449
15:40:10,2479,2451
15:40:10,2480,2452
15:40:11,2481,2454
15:40:11,2482,2454
15:40:11,2482,2456
15:40:11,2484,2458
15:40:11,2485,2459
15:40:12,2487,2460
15:40:12,2488,2462
15:40:12,2490,2462
15:40:12,2492,2464
15:40:12,2492,2466
15:40:13,2494,2468
15:40:13,2494,2470
15:40:13,2495,2472
15:40:13,2495,2473
15:40:13,2497,2473
15:40:14,2497,2473
15:40:14,2498,2475
15:40:14,2500,2476
15:40:14,2501,2476
15:40:14,2503,2476
15:40:15,2504,2478
15:40:15,2505,2479
15:40:15,2505,2480
15:40:15,2507,2482
15:40:15,2508,2484
15:40:16,2510,2486
15:40:16,2510,2487
15:40:16,2510,2487
15:40:16,2510,2489
15:40:16,2511,2491
15:40:17,2513,2493
15:40:17,2515,2493
15:40:17,2516,2493
15:40:17,2516,2494
15:40:18,2518,2496
15:40:18,2520,2496
15:40:18,2521,2496
15:40:18,2523,2497
15:40:18,2525,2499
15:40:19,2527,2501
15:40:19,2529,2501
15:40:19,2531,2503
15:40:19,2533,2503
15:40:19,2533,2505
15:40:20,2535,2507
15:40:20,2537,2509
15:40:20,2539,2510
15:40:20,2539,2512
15:40:20,2539,2514
15:40:21,2541,2515
15:40:21,2543,2515
15:40:21,2544,2516
15:40:21,2546,2517
15:40:21,2546,2517
15:40:22,2547,2519
15:40:22,2549,2521
15:40:22,2550,2521
15:40:22,2552,2521
15:40:22,2553,2522
15:40:23,2555,2522
15:40:23,2557,2523
15:40:23,2558,2524
15:40:23,2560,2525
15:40:23,2560,2525
15:40:24,2560,2525
15:40:24,2560,2526
15:40:24,2561,2528
15:40:24,2561,2529
15:40:24,2563,2529
15:40:25,2565,2531
15:40:25,2567,2532
15:40:25,2567,2532
15:40:25,2567,2534
15:40:25,2568,2535
15:40:26,2569,2537
15:40:26,2569,2537
15:40:26,2569,2539
15:40:26,2569,2539
15:40:26,2569,2539
15:40:27,2569,2541
15:40:27,2569,2542
15:40:27,2569,2544
15:40:27,2569,2546
15:40:28,2571,2548
15:40:28,2573,2550
15:40:28,2575,2552
15:40:28,2576,2552
15:40:28,2578,2552
15:40:29,2579,2554
15:40:29,2579,2555
15:40:29,2581,2556
15:40:29,2583,2556
15:40:29,2583,2557
15:40:30,2583,2558
15:40:30,2583,2558
15:40:30,2584,2559
15:40:30,2585,2560
15:40:30,2585,2561
15:40:31,2586,2563
15:40:31,2588,2564
15:40:31,2589,2565
15:40:31,2589,2566
15:40:31,2590,2568
15:40:32,2591,2570
15:40:32,2593,2572
15:40:32,2594,2573
15:40:32,2594,2573
15:40:32,2596,2573
15:40:33,2597,2573
15:40:33,2599,2574
15:40:33,2600,2575
15:40:33,2602,2576
15:40:33,2604,2578
15:40:34,2604,2579
15:40:34,2604,2579
15:40:34,2605,2579
15:40:34,2607,2580
15:40:34,2608,2581
15:40:35,2608,2582
15:40:35,2609,2584
15:40:35,2610,2584
15:40:35,2611,2585
15:40:36,2612,2587
15:40:36,2614,2588
15:40:36,2615,2589
15:40:36,2617,2590
15:40:36,2618,2590
15:40:37,2619,2590
15:40:37,2619,2592
15:40:37,2619,2594
15:40:37,2619,2595
15:40:37,2619,2596
15:40:38,2620,2596
15:40:38,2620,2596
15:40:38,2622,2598
15:40:38,2624,2599
15:40:38,2626,2599
15:40:39,2626,2600
15:40:39,2628,2602
15:40:39,2630,2604
15:40:39,2630,2604
15:40:39,2632,2606
15:40:40,2634,2607
15:40:40,2636,2608
15:40:40,2638,2609
15:40:40,2638,2611
15:40:40,2640,2611
15:40:41,2640,2612
15:40:41,2642,2613
15:40:41,2642,2613
15:40:41,2643,2615
15:40:41,2645,2617
15:40:42,2647,2618
15:40:42,2649,2618
15:40:42,2651,2618
15:40:42,2651,2620
15:40:42,2653,2620
15:40:43,2655,2620
15:40:43,2655,2622
15:40:43,2656,2622
15:40:43,2658,2624
15:40:44,2660,2624
15:40:44,2660,2625
15:40:44,2662,2625
15:40:44,2663,2627
15:40:44,2663,2627
15:40:45,2664,2629
15:40:45,2664,2631
15:40:45,2664,2633
15:40:45,2664,2635
15:40:45,2664,2637
15:40:46,2664,2639
15:40:46,2666,2641
15:40:46,2666,2643
15:40:46,2666,2645
15:40:46,2668,2647
15:40:47,2668,2647
15:40:47,2670,2649
15:40:47,2672,2650
15:40:47,2673,2650
15:40:48,2673,2650
15:40:48,2675,2652
15:40:48,2675,2654
15:40:48,2675,2656
15:40:48,2676,2657
15:40:49,2677,2659
15:40:49,2679,2661
15:40:49,2680,2661
15:40:49,2682,2662
15:40:49,2684,2664
15:40:50,2684,2666
15:40:50,2684,2667
15:40:50,2685,2667
15:40:50,2685,2668
15:40:50,2687,2670
15:40:51,2689,2672
15:40:51,2691,2673
15:40:51,2693,2675
15:40:51,2693,2676
15:40:51,2695,2676
15:40:52,2695,2678
15:40:52,2696,2680
15:40:52,2697,2681
15:40:52,2698,2681
15:40:52,2700,2682
15:40:53,2702,2684
15:40:53,2703,2684
15:40:53,2705,2684
15:40:53,2707,2685
15:40:53,2707,2687
15:40:54,2708,2689
15:40:54,2709,2691
15:40:54,2710,2692
15:40:54,2712,2693
15:40:54,2713,2695
15:40:55,2715,2695
15:40:55,2717,2696
15:40:55,2717,2697
15:40:55,2718,2698
15:40:55,2720,2699
15:40:56,2722,2701
15:40:56,2723,2701
15:40:56,2725,2703
15:40:56,2725,2703
15:40:56,2726,2705
15:40:57,2727,2706
15:40:57,2729,2708
15:40:57,2730,2710
15:40:57,2732,2711
15:40:58,2732,2713
15:40:58,2734,2714
15:40:58,2736,2716
15:40:58,2736,2718
15:40:58,2737,2718
15:40:59,2739,2719
15:40:59,2741,2719
15:40:59,2741,2721
15:40:59,2741,2722
15:40:59,2741,2724
15:41:00,2743,2726
15:41:00,2745,2726
15:41:00,2746,2728
15:41:00,2748,2729
15:41:00,2750,2729
15:41:01,2752,2729
15:41:01,2753,2729
15:41:01,2753,2731
15:41:01,2755,2732
15:41:01,2756,2732
15:41:02,2757,2733
15:41:02,2758,2734
15:41:02,2760,2735
15:41:02,2761,2737
15:41:02,2763,2737
15:41:03,2763,2737
15:41:03,2765,2739
15:41:03,2767,2741
15:41:03,2769,2741
15:41:03,2769,2743
15:41:04,2770,2745
15:41:04,2770,2746
15:41:04,2771,2748
15:41:04,2771,2748
15:41:04,2771,2750
15:41:05,2771,2750
15:41:05,2772,2752
15:41:05,2773,2753
15:41:05,2775,2754
15:41:05,2776,2756
15:41:06,2778,2758
15:41:06,2778,2759
15:41:06,2779,2760
15:41:06,2779,2760
15:41:06,2781,2761
15:41:07,2781,2762
15:41:07,2782,2763
15:41:07,2783,2764
15:41:07,2784,2764
15:41:07,2786,2766
15:41:08,2786,2767
15:41:08,2788,2769
15:41:08,2788,2771
15:41:08,2788,2772
15:41:08,2790,2774
15:41:09,2792,2775
15:41:09,2794,2777
15:41:09,2796,2778
15:41:09,2798,2780
15:41:10,2798,2781
15:41:10,2800,2781
15:41:10,2802,2782
15:41:10,2802,2783
15:41:10,2802,2784
15:41:11,2802,2785
15:41:11,2804,2785
15:41:11,2804,2786
15:41:11,2805,2786
15:41:11,2805,2787
15:41:12,2806,2789
15:41:12,2807,2790
15:41:12,2808,2790
15:41:12,2808,2791
15:41:12,2808,2792
15:41:13,2809,2793
15:41:13,2811,2793
15:41:13,2811,2793
15:41:13,2812,2795
15:41:13,2812,2795
15:41:14,2814,2797
15:41:14,2814,2797
15:41:14,2814,2797
15:41:14,2814,2799
15:41:14,2814,2800
15:41:15,2815,2800
15:41:15,2816,2802
15:41:15,2817,2802
15:41:15,2817,2804
15:41:15,2819,2806
15:41:16,2821,2807
15:41:16,2823,2808
15:41:16,2823,2809
15:41:16,2823,2809
15:41:16,2825,2809
15:41:17,2826,2810
15:41:17,2828,2810
15:41:17,2828,2811
15:41:17,2828,2813
15:41:17,2830,2814
15:41:18,2831,2816
15:41:18,2832,2816
15:41:18,2832,2817
15:41:18,2832,2817
15:41:18,2833,2817
15:41:19,2834,2817
15:41:19,2836,2818
15:41:19,2838,2818
15:41:19,2839,2819
15:41:19,2840,2821
15:41:20,2842,2821
15:41:20,2843,2822
15:41:20,2845,2824
15:41:20,2847,2825
15:41:21,2847,2827
15:41:21,2847,2829
15:41:21,2849,2831
15:41:21,2849,2832
15:41:21,2851,2834
15:41:22,2851,2836
15:41:22,2851,2838
15:41:22,2852,2839
15:41:22,2853,2839
15:41:22,2855,2840
15:41:23,2855,2841
15:41:23,2855,2842
15:41:23,2857,2842
15:41:23,2857,2843
15:41:23,2858,2843
15:41:24,2858,2844
15:41:24,2860,2845
15:41:24,2861,2846
15:41:24,2862,2848
15:41:24,2863,2850
15:41:25,2863,2851
15:41:25,2865,2853
15:41:25,2865,2854
15:41:25,2866,2854
15:41:26,2866,2855
15:41:26,2868,2857
15:41:26,2868,2859
15:41:26,2869,2861
15:41:26,2870,2863
15:41:27,2870,2863
15:41:27,2871,2863
15:41:27,2873,2865
15:41:27,2873,2866
15:41:27,2873,2867
15:41:28,2874,2869
15:41:28,2875,2869
15:41:28,2877,2870
15:41:28,2879,2872
15:41:28,2881,2873
15:41:29,2881,2873
15:41:29,2883,2874
15:41:29,2885,2874
15:41:29,2886,2876
15:41:29,2888,2878
15:41:30,2890,2878
15:41:30,2890,2879
15:41:30,2891,2881
15:41:30,2892,2881
15:41:30,2892,2882
15:41:31,2894,2882
15:41:31,2895,2883
15:41:31,2895,2885
15:41:31,2897,2887
15:41:31,2899,2889
15:41:32,2899,2890
15:41:32,2899,2890
15:41:32,2900,2892
15:41:32,2900,2893
15:41:32,2902,2894
15:41:33,2903,2896
15:41:33,2905,2898
15:41:33,2906,2899
15:41:33,2907,2900
15:41:33,2909,2901
15:41:34,2911,2902
15:41:34,2912,2903
15:41:34,2914,2903
15:41:34,2914,2903
15:41:34,2915,2904
15:41:35,2915,2906
15:41:35,2915,2908
15:41:35,2915,2908
15:41:35,2917,2908
15:41:36,2919,2908
15:41:36,2921,2910
15:41:36,2921,2912
15:41:36,2921,2913
15:41:36,2923,2914
15:41:37,2923,2915
15:41:37,2923,2917
15:41:37,2925,2918
15:41:37,2925,2920
15:41:37,2926,2920
15:41:38,2928,2921
15:41:38,2928,2922
15:41:38,2930,2923
15:41:38,2931,2925
15:41:38,2931,2926
15:41:39,2931,2928
15:41:39,2933,2929
15:41:39,2935,2929
15:41:39,2936,2931
15:41:39,2936,2932
15:41:40,2938,2934
15:41:40,2940,2935
15:41:40,2942,2935
15:41:40,2944,2937
15:41:40,2945,2937
15:41:41,2945,2939
15:41:41,2947,2939
15:41:41,2947,2941
15:41:41,2949,2943
15:41:41,2949,2944
15:41:42,2950,2944
15:41:42,2950,2944
15:41:42,2952,2945
15:41:42,2954,2946
15:41:42,2956,2946
15:41:43,2957,2948
15:41:43,2957,2950
15:41:43,2957,2952
15:41:43,2959,2954
15:41:43,2961,2956
15:41:44,2961,2958
15:41:44,2961,2959
15:41:44,2962,2960
15:41:44,2963,2960
15:41:44,2963,2961
15:41:45,2965,2963
15:41:45,2967,2963
15:41:45,2967,2963
15:41:45,2969,2965
15:41:45,2971,2967
15:41:46,2973,2968
15:41:46,2975,2969
15:41:46,2976,2971
15:41:46,2978,2971
15:41:46,2979,2972
15:41:47,2980,2973
15:41:47,2982,2973
15:41:47,2984,2973
15:41:47,2984,2973
15:41:48,2985,2973
15:41:48,2987,2973
15:41:48,2988,2973
15:41:48,2989,2975
15:41:48,2989,2977
15:41:49,2990,2979
15:41:49,2991,2981
15:41:49,2993,2983
15:41:49,2994,2985
15:41:49,2994,2985
15:41:50,2996,2986
15:41:50,2998,2986
15:41:50,2999,2988
15:41:50,3000,2990
15:41:50,3000,2992
15:41:51,3002,2994
15:41:51,3002,2996
15:41:51,3004,2996
15:41:51,3006,2998
15:41:51,3008,3000
15:41:52,3008,3000
15:41:52,3010,3002
15:41:52,3012,3004
15:41:52,3014,3004
15:41:52,3015,3005
15:41:53,3015,3005
15:41:53,3017,3007
15:41:53,3019,3009
15:41:53,3021,3011
15:41:53,3022,3013
15:41:54,3024,3015
15:41:54,3026,3015
15:41:54,3028,3015
15:41:54,3029,3015
15:41:54,3031,3015
15:41:55,3031,3017
15:41:55,3033,3018
15:41:55,3033,3018
15:41:55,3034,3019
15:41:55,3036,3019
15:41:56,3036,3021
15:41:56,3038,3022
15:41:56,3039,3023
15:41:56,3039,3024
15:41:56,3040,3025
15:41:57,3042,3027
15:41:57,3043,3029
15:41:57,3045,3031
15:41:57,3046,3031
15:41:57,3046,3033
15:41:58,3047,3033
15:41:58,3049,3033
15:41:58,3051,3035
15:41:58,3051,3037
15:41:58,3052,3038
15:41:59,3054,3038
15:41:59,3054,3038
15:41:59,3056,3039
15:41:59,3056,3039
15:41:59,3058,3041
15:42:00,3060,3043
15:42:00,3061,3045
15:42:00,3061,3046
15:42:00,3062,3048
15:42:01,3062,3050
15:42:01,3062,3052
15:42:01,3062,3054
15:42:01,3062,3056
15:42:01,3064,3058
15:42:02,3065,3059
15:42:02,3066,3061
15:42:02,3068,3063
15:42:02,3068,3065
15:42:02,3068,3067
15:42:03,3070,3067
15:42:03,3070,3069
15:42:03,3070,3069
15:42:03,3070,3069
15:42:03,3072,3071
15:42:04,3074,3071
15:42:04,3076,3073
15:42:04,3078,3073
15:42:04,3078,3074
15:42:04,3078,3075
15:42:05,3080,3076
15:42:05,3082,3077
15:42:05,3083,3077
15:42:05,3083,3079
15:42:05,3084,3080
15:42:06,3085,3080
15:42:06,3085,3082
15:42:06,3086,3083
15:42:06,3086,3083
15:42:06,3086,3085
15:42:07,3086,3085
15:42:07,3086,3086
15:42:07,3088,3088
15:42:07,3089,3090
15:42:07,3089,3091
15:42:08,3089,3092
15:42:08,3089,3093
15:42:08,3089,3093
15:42:08,3089,3095
15:42:08,3089,3097
15:42:09,3091,3097
15:42:09,3091,3099
15:42:09,3093,3100
15:42:09,3095,3102
15:42:09,3096,3102
15:42:10,3098,3102
15:42:10,3099,3103
15:42:10,3099,3105
15:42:10,3100,3107
15:42:10,3101,3107
15:42:11,3101,3108
15:42:11,3103,3108
15:42:11,3104,3109
15:42:11,3105,3109
15:42:11,3107,3110
15:42:12,3108,3110
15:42:12,3109,3110
15:42:12,3110,3110
15:42:12,3111,3112
15:42:13,3112,3114
15:42:13,3113,3116
15:42:13,3113,3116
15:42:13,3114,3116
15:42:13,3116,3118
15:42:14,3118,3120
15:42:14,3118,3120
15:42:14,3120,3121
15:42:14,3120,3121
15:42:14,3121,3122
15:42:15,3121,3123
15:42:15,3123,3125
15:42:15,3124,3127
15:42:15,3125,3129
15:42:15,3127,3131
15:42:16,3129,3132
15:42:16,3130,3133
15:42:16,3130,3134
15:42:16,3132,3134
15:42:16,3133,3135
15:42:17,3134,3135
15:42:17,3134,3136
15:42:17,3136,3138
15:42:17,3136,3139
15:42:17,3136,3139
15:42:18,3138,3139
15:42:18,3140,3139
15:42:18,3140,3141
15:42:18,3142,3141
15:42:18,3143,3142
15:42:19,3145,3143
15:42:19,3146,3144
15:42:19,3148,3144
15:42:19,3148,3144
15:42:19,3148,3145
15:42:20,3148,3145
15:42:20,3150,3145
15:42:20,3152,3145
15:42:20,3152,3146
15:42:20,3154,3146
15:42:21,3155,3147
15:42:21,3155,3147
15:42:21,3155,3147
15:42:21,3156,3149
15:42:21,3158,3150
15:42:22,3160,3151
15:42:22,3161,3151
15:42:22,3162,3152
15:42:22,3163,3153
15:42:22,3163,3154
15:42:23,3165,3156
15:42:23,3166,3157
15:42:23,3168,3159
15:42:23,3170,3160
15:42:23,3172,3161
15:42:24,3174,3163
15:42:24,3174,3165
15:42:24,3175,3166
15:42:24,3175,3166
15:42:25,3177,3168
15:42:25,3178,3170
15:42:25,3178,3170
15:42:25,3179,3172
15:42:25,3180,3172
15:42:26,3181,3172
15:42:26,3182,3172
15:42:26,3184,3172
15:42:26,3184,3172
15:42:26,3184,3172
15:42:27,3186,3174
15:42:27,3188,3174
15:42:27,3188,3175
15:42:27,3190,3176
15:42:27,3190,3178
15:42:28,3191,3179
15:42:28,3191,3180
15:42:28,3193,3182
15:42:28,3195,3182
15:42:28,3195,3184
15:42:29,3196,3185
15:42:29,3197,3186
15:42:29,3199,3187
15:42:29,3200,3188
15:42:29,3202,3188
15:42:30,3204,3190
15:42:30,3204,3192
15:42:30,3204,3192
15:42:30,3204,3193
15:42:30,3204,3193
15:42:31,3204,3193
15:42:31,3205,3194
15:42:31,3207,3196
15:42:31,3208,3197
15:42:31,3210,3198
15:42:32,3211,3199
15:42:32,3211,3201
15:42:32,3213,3203
15:42:32,3215,3204
15:42:32,3216,3205
15:42:33,3218,3206
15:42:33,3220,3206
15:42:33,3220,3207
15:42:33,3221,3207
15:42:33,3221,3207
15:42:34,3222,3209
15:42:34,3223,3210
15:42:34,3225,3212
15:42:34,3226,3212
15:42:34,3228,3212
15:42:35,3229,3214
15:42:35,3229,3216
15:42:35,3230,3216
15:42:35,3231,3216
15:42:35,3232,3218
15:42:36,3233,3220
15:42:36,3234,3220
15:42:36,3235,3221
15:42:36,3235,3222
15:42:37,3235,3224
15:42:37,3235,3225
15:42:37,3236,3225
15:42:37,3237,3227
15:42:37,3237,3227
15:42:38,3239,3228
15:42:38,3241,3230
15:42:38,3243,3230
15:42:38,3244,3232
15:42:38,3246,3233
15:42:39,3248,3234
15:42:39,3248,3234
15:42:39,3248,3235
15:42:39,3249,3235
15:42:39,3250,3236
15:42:40,3251,3238
15:42:40,3253,3240
15:42:40,3255,3240
15:42:40,3257,3240
15:42:40,3259,3240
15:42:41,3261,3240
15:42:41,3263,3240
15:42:41,3263,3241
15:42:41,3264,3241
15:42:41,3266,3243
15:42:42,3268,3244
15:42:42,3268,3245
15:42:42,3269,3246
15:42:42,3271,3248
15:42:42,3271,3249
15:42:43,3272,3251
15:42:43,3273,3252
15:42:43,3274,3253
15:42:43,3274,3255
15:42:43,3275,3256
15:42:44,3275,3258
15:42:44,3276,3260
15:42:44,3276,3262
15:42:44,3276,3262
15:42:44,3276,3264
15:42:45,3278,3265
15:42:45,3280,3267
15:42:45,3282,3269
15:42:45,3284,3271
15:42:45,3284,3273
15:42:46,3284,3275
15:42:46,3285,3276
15:42:46,3286,3278
15:42:46,3288,3279
15:42:46,3290,3280
15:42:47,3292,3281
15:42:47,3292,3282
15:42:47,3293,3284
15:42:47,3294,3284
15:42:48,3296,3285
15:42:48,3296,3287
15:42:48,3297,3288
15:42:48,3297,3289
15:42:48,3298,3290
15:42:49,3300,3292
15:42:49,3300,3292
15:42:49,3302,3292
15:42:49,3303,3292
15:42:49,3303,3292
15:42:50,3305,3293
15:42:50,3305,3295
15:42:50,3305,3295
15:42:50,3307,3296
15:42:50,3307,3298
15:42:51,3308,3299
15:42:51,3309,3301
15:42:51,3311,3302
15:42:51,3312,3304
15:42:51,3313,3306
15:42:52,3313,3307
15:42:52,3314,3309
15:42:52,3316,3309
15:42:52,3317,3311
15:42:52,3317,3313
15:42:53,3319,3315
15:42:53,3319,3317
15:42:53,3320,3319
15:42:53,3320,3320
15:42:53,3321,3320
15:42:54,3322,3322
15:42:54,3324,3324
15:42:54,3326,3324
15:42:54,3328,3324
15:42:54,3328,3325
15:42:55,3329,3326
15:42:55,3331,3328
15:42:55,3333,3330
15:42:55,3334,3332
15:42:55,3334,3334
15:42:56,3335,3336
15:42:56,3337,3336
15:42:56,3338,3336
15:42:56,3339,3337
15:42:56,3341,3337
15:42:57,3343,3339
15:42:57,3344,3340
15:42:57,3345,3340
15:42:57,3346,3340
15:42:57,3347,3340
15:42:58,3349,3340
15:42:58,3351,3341
15:42:58,3352,3343
15:42:58,3354,3345
16:16:07,0,2
16:16:07,0,2
16:16:07,1,3
16:16:07,1,4
16:16:08,1,5
16:16:08,2,5
16:16:08,2,5
16:16:08,3,5
16:16:08,3,5
16:16:09,5,5
16:16:09,6,5
16:16:09,7,5
16:16:09,8,7
16:16:09,9,9
16:16:10,11,9
16:16:10,12,9
16:16:10,12,10
16:16:10,12,10
16:16:10,12,12
16:16:11,14,12
16:16:11,14,12
16:16:11,14,14
16:16:11,14,14
16:16:11,14,16
16:16:12,15,17
16:16:12,15,19
16:16:12,15,21
16:16:12,15,23
16:16:12,17,23
16:16:13,18,25
16:16:13,20,27
16:16:13,22,28
16:16:13,22,29
16:16:13,22,31
16:16:14,23,31
16:16:14,25,32
16:16:14,25,32
16:16:14,27,34
16:16:15,28,36
16:16:15,29,38
16:16:15,31,40
16:16:15,32,40
16:16:15,34,41
16:16:16,35,43
16:16:16,35,45
16:16:16,37,46
16:16:16,39,47
16:16:16,40,49
16:16:17,41,51
16:16:17,43,52
16:16:17,45,52
16:16:17,45,53
16:16:17,47,54
16:16:18,48,55
16:16:18,48,55
16:16:18,49,56
16:16:18,50,57
16:16:18,51,59
16:16:19,53,60
16:16:19,53,60
16:16:19,54,62
16:16:19,54,63
16:16:19,56,65
16:16:20,56,65
16:16:20,57,67
16:16:20,57,68
16:16:20,57,70
16:16:20,58,70
16:16:21,58,71
16:16:21,59,72
16:16:21,61,72
16:16:21,63,73
16:16:21,63,73
16:16:22,65,74
16:16:22,66,76
16:16:22,66,78
16:16:22,68,80
16:16:22,68,80
16:16:23,70,81
16:16:23,70,83
16:16:23,72,84
16:16:23,72,86
16:16:23,73,88
16:16:24,74,89
16:16:24,75,90
16:16:24,77,92
16:16:24,77,94
16:16:24,79,94
16:16:25,80,94
16:16:25,80,95
16:16:25,81,96
16:16:25,82,96
16:16:26,82,96
16:16:26,83,98
16:16:26,83,99
16:16:26,84,101
16:16:26,86,103
16:16:27,87,105
16:16:27,88,106
16:16:27,89,107
16:16:27,89,109
16:16:27,89,110
16:16:28,90,111
16:16:28,92,112
16:16:28,92,112
16:16:28,93,112
16:16:28,93,113
16:16:29,93,115
16:16:29,94,116
16:16:29,94,116
16:16:29,95,116
16:16:29,95,117
16:16:30,95,119
16:16:30,96,120
16:16:30,96,121
16:16:30,97,123
16:16:30,98,123
16:16:31,100,125
16:16:31,101,125
16:16:31,101,125
16:16:31,101,125
16:16:31,101,125
16:16:32,103,126
16:16:32,104,126
16:16:32,104,128
16:16:32,106,129
16:16:32,108,130
16:16:33,108,130
16:16:33,110,131
16:16:33,112,131
16:16:33,112,132
16:16:33,114,133
16:16:34,116,133
16:16:34,117,133
16:16:34,119,134
16:16:34,119,135
16:16:34,120,136
16:16:35,120,138
16:16:35,121,139
16:16:35,121,140
16:16:35,121,141
16:16:35,121,141
16:16:36,123,143
16:16:36,124,145
16:16:36,126,147
16:16:36,128,147
16:16:37,130,149
16:16:37,130,149
16:16:37,132,149
16:16:37,134,151
16:16:37,136,151
16:16:38,136,153
16:16:38,138,154
16:16:38,138,155
16:16:38,140,157
16:16:38,140,157
16:16:39,142,159
16:16:39,142,160
16:16:39,143,160
16:16:39,144,160
16:16:39,145,162
16:16:40,145,163
16:16:40,145,163
16:16:40,145,164
16:16:40,147,164
16:16:40,149,164
16:16:41,150,166
16:16:41,150,166
16:16:41,151,166
16:16:41,151,166
16:16:41,152,167
16:16:42,154,168
16:16:42,156,170
16:16:42,157,171
16:16:42,159,171
16:16:42,161,173
16:16:43,162,175
16:16:43,162,177
16:16:43,163,179
16:16:43,163,179
16:16:43,165,181
16:16:44,167,181
16:16:44,168,183
16:16:44,168,185
16:16:44,170,187
16:16:45,171,189
16:16:45,171,189
16:16:45,173,189
16:16:45,175,191
16:16:45,175,192
16:16:46,176,193
16:16:46,176,193
16:16:46,178,193
16:16:46,179,193
16:16:46,179,195
16:16:47,180,195
16:16:47,182,195
16:16:47,182,195
16:16:47,182,196
16:16:47,182,196
16:16:48,183,196
16:16:48,184,196
16:16:48,184,196
16:16:48,186,196
16:16:48,188,196
16:16:49,188,198
16:16:49,189,200
16:16:49,191,200
16:16:49,191,201
16:16:49,191,201
16:16:50,193,201
16:16:50,195,203
16:16:50,197,204
16:16:50,197,206
16:16:50,198,207
16:16:51,198,207
16:16:51,200,207
16:16:51,200,207
16:16:51,201,209
16:16:51,203,209
16:16:52,203,209
16:16:52,203,209
16:16:52,204,210
16:16:52,206,210
16:16:52,207,210
16:16:53,208,210
16:16:53,208,211
16:16:53,209,211
16:16:53,210,212
16:16:53,211,214
16:16:54,213,216
16:16:54,214,217
16:16:54,214,218
16:16:54,216,219
16:16:55,217,219
16:16:55,218,220
16:16:55,220,220
16:16:55,220,221
16:16:55,220,221
16:16:56,222,223
16:16:56,223,225
16:16:56,223,227
16:16:56,224,227
16:16:56,225,229
16:16:57,227,229
16:16:57,229,230
16:16:57,231,231
16:16:57,233,231
16:16:57,235,233
16:16:58,236,235
16:16:58,237,237
16:16:58,237,239
16:16:58,239,240
16:16:58,240,240
16:16:59,240,240
16:16:59,242,240
16:16:59,243,241
16:16:59,243,242
16:16:59,245,243
16:17:00,245,243
16:17:00,247,244
16:17:00,247,244
16:17:00,247,244
16:17:00,249,246
16:17:01,250,247
16:17:01,252,249
16:17:01,253,251
16:17:01,255,251
16:17:01,257,251
16:17:02,258,253
16:17:02,259,253
16:17:02,261,254
16:17:02,261,256
16:17:02,261,256
16:17:03,262,257
16:17:03,262,259
16:17:03,263,259
16:17:03,264,260
16:17:03,264,261
16:17:04,265,261
16:17:04,265,261
16:17:04,267,261
16:17:04,268,263
16:17:05,268,265
16:17:05,269,265
16:17:05,269,267
16:17:05,271,268
16:17:05,273,270
16:17:06,273,271
16:17:06,274,272
16:17:06,274,272
16:17:06,274,273
16:17:06,275,275
16:17:07,277,275
16:17:07,278,276
16:17:07,279,276
16:17:07,279,277
16:17:07,281,279
16:17:08,282,279
16:17:08,283,281
16:17:08,285,283
16:17:08,285,283
16:17:08,285,285
16:17:09,286,287
16:17:09,288,288
16:17:09,289,290
16:17:09,291,291
16:17:09,291,291
16:17:10,293,291
16:17:10,295,292
16:17:10,297,294
16:17:10,297,294
16:17:10,297,294
16:17:11,298,295
16:17:11,299,296
16:17:11,299,296
16:17:11,300,297
16:17:11,300,298
16:17:12,301,299
16:17:12,301,300
16:17:12,303,302
16:17:12,305,303
16:17:12,305,304
16:17:13,305,304
16:17:13,306,304
16:17:13,308,305
16:17:13,310,306
16:17:14,312,306
16:17:14,312,306
16:17:14,313,308
16:17:14,314,308
16:17:14,316,309
16:17:15,316,310
16:17:15,316,311
16:17:15,317,313
16:17:15,318,313
16:17:15,318,313
16:17:16,318,313
16:17:16,319,313
16:17:16,319,314
16:17:16,321,316
16:17:16,321,318
16:17:17,321,318
16:17:17,321,320
16:17:17,322,322
16:17:17,324,323
16:17:17,326,325
16:17:18,326,325
16:17:18,327,325
16:17:18,329,326
16:17:18,330,328
16:17:18,330,329
16:17:19,332,330
16:17:19,334,330
16:17:19,336,332
16:17:19,338,332
16:17:19,339,332
16:17:20,339,333
16:17:20,340,333
16:17:20,341,333
16:17:20,341,334
16:17:20,341,335
16:17:21,343,337
16:17:21,345,339
16:17:21,347,340
16:17:21,349,342
16:17:22,350,342
16:17:22,350,344
16:17:22,350,346
16:17:22,351,346
16:17:22,351,348
16:17:23,352,349
16:17:23,353,349
16:17:23,353,351
16:17:23,355,353
16:17:23,355,354
16:17:24,356,356
16:17:24,356,356
16:17:24,356,357
16:17:24,358,357
16:17:24,358,358
16:17:25,358,358
16:17:25,358,359
16:17:25,358,359
16:17:25,358,359
16:17:25,358,360
16:17:26,358,362
16:17:26,359,364
16:17:26,360,364
16:17:26,360,366
16:17:26,361,367
16:17:27,361,369
16:17:27,362,369
16:17:27,363,371
16:17:27,363,371
16:17:27,364,373
16:17:28,364,373
16:17:28,365,373
16:17:28,366,374
16:17:28,367,376
16:17:28,367,376
16:17:29,367,378
16:17:29,367,378
16:17:29,368,379
16:17:29,370,380
16:17:29,370,380
16:17:30,371,380
16:17:30,373,380
16:17:30,375,380
16:17:30,376,380
16:17:30,376,381
16:17:31,378,382
16:17:31,379,382
16:17:31,381,382
16:17:31,381,383
16:17:31,383,385
16:17:32,385,387
16:17:32,385,389
16:17:32,386,389
16:17:32,386,391
16:17:32,386,392
16:17:33,388,393
16:17:33,389,395
16:17:33,391,395
16:17:33,391,396
16:17:34,392,398
16:17:34,393,400
16:17:34,395,402
16:17:34,396,403
16:17:34,397,404
16:17:35,397,405
16:17:35,398,405
16:17:35,399,405
16:17:35,400,406
16:17:35,402,408
16:17:36,404,409
16:17:36,406,410
16:17:36,408,412
16:17:36,408,413
16:17:36,410,414
16:17:37,410,414
16:17:37,412,414
16:17:37,413,416
16:17:37,414,417
16:17:37,414,418
16:17:38,415,418
16:17:38,415,418
16:17:38,417,420
16:17:38,418,422
16:17:38,418,423
16:17:39,420,424
16:17:39,421,426
16:17:39,423,427
16:17:39,423,429
16:17:39,424,429
16:17:40,425,429
16:17:40,426,431
16:17:40,426,433
16:17:40,426,433
16:17:40,427,433
16:17:41,427,433
16:17:41,429,435
16:17:41,430,436
16:17:41,432,437
16:17:41,434,439
16:17:42,436,439
16:17:42,436,441
16:17:42,437,442
16:17:42,437,443
16:17:42,438,444
16:17:43,439,445
16:17:43,439,446
16:17:43,439,448
16:17:43,439,449
16:17:43,439,450
16:17:44,440,451
16:17:44,440,453
16:17:44,442,453
16:17:44,442,455
16:17:45,443,455
16:17:45,445,457
16:17:45,445,459
16:17:45,446,459
16:17:45,446,460
16:17:46,447,460
16:17:46,448,461
16:17:46,450,462
16:17:46,452,464
16:17:46,454,466
16:17:47,455,467
16:17:47,457,467
16:17:47,458,469
16:17:47,458,470
16:17:47,459,471
16:17:48,461,472
16:17:48,462,474
16:17:48,463,474
16:17:48,464,475
16:17:48,465,477
16:17:49,465,478
16:17:49,467,478
16:17:49,469,479
16:17:49,470,480
16:17:49,471,482
16:17:50,471,484
16:17:50,471,485
16:17:50,472,487
16:17:50,474,489
16:17:50,476,491
16:17:51,478,491
16:17:51,479,493
16:17:51,479,494
16:17:51,481,494
16:17:51,481,495
16:17:52,483,496
16:17:52,483,496
16:17:52,483,497
16:17:52,485,497
16:17:53,486,499
16:17:53,486,499
16:17:53,487,499
16:17:53,488,499
16:17:53,488,501
16:17:54,488,501
16:17:54,488,502
16:17:54,489,503
16:17:54,489,505
16:17:54,491,505
16:17:55,493,507
16:17:55,495,507
16:17:55,497,509
16:17:55,497,511
16:17:55,498,511
16:17:56,498,511
16:17:56,498,511
16:17:56,498,513
16:17:56,498,515
16:17:56,500,516
16:17:57,502,518
16:17:57,503,520
16:17:57,505,520
16:17:57,506,522
16:17:57,507,524
16:17:58,508,526
16:17:58,510,527
16:17:58,511,529
16:17:58,511,531
16:17:58,511,532
16:17:59,512,533
16:17:59,514,534
16:17:59,515,535
16:17:59,516,537
16:17:59,517,537
16:18:00,517,537
16:18:00,517,538
16:18:00,517,539
16:18:00,518,539
16:18:00,520,539
16:18:01,520,540
16:18:01,521,540
16:18:01,522,541
16:18:01,522,543
16:18:02,524,543
16:18:02,526,544
16:18:02,528,544
16:18:02,530,545
16:18:02,530,546
16:18:03,530,546
16:18:03,531,547
16:18:03,531,548
16:18:03,533,548
16:18:03,533,549
16:18:04,534,551
16:18:04,535,551
16:18:04,536,551
16:18:04,538,551
16:18:04,540,553
16:18:05,540,554
16:18:05,540,555
16:18:05,541,557
16:18:05,541,557
16:18:05,542,558
16:18:06,543,559
16:18:06,545,560
16:18:06,547,560
16:18:06,548,560
16:18:06,548,561
16:18:07,549,562
16:18:07,550,563
16:18:07,552,564
16:18:07,552,564
16:18:07,554,564
16:18:08,556,564
16:18:08,558,564
16:18:08,558,565
16:18:08,560,566
16:18:08,561,566
16:18:09,562,568
16:18:09,562,568
16:18:09,563,569
16:18:09,565,571
16:18:09,566,573
16:18:10,567,575
16:18:10,568,576
16:18:10,569,576
16:18:10,569,576
16:18:10,570,577
16:18:11,570,578
16:18:11,571,580
16:18:11,573,582
16:18:11,573,582
16:18:11,573,583
16:18:12,575,585
16:18:12,577,585
16:18:12,577,586
16:18:12,579,587
16:18:13,580,588
16:18:13,581,588
16:18:13,581,588
16:18:13,581,589
16:18:13,583,589
16:18:14,585,591
16:18:14,587,593
16:18:14,587,595
16:18:14,587,596
16:18:14,588,596
16:18:15,590,597
16:18:15,591,599
16:18:15,592,600
16:18:15,593,600
16:18:15,595,602
16:18:16,597,602
16:18:16,598,602
16:18:16,599,602
16:18:16,599,603
16:18:16,599,604
16:18:17,601,606
16:18:17,601,606
16:18:17,602,608
16:18:17,602,609
16:18:17,603,611
16:18:18,605,612
16:18:18,606,613
16:18:18,607,613
16:18:18,607,614
16:18:18,608,615
16:18:19,610,616
16:18:19,610,616
16:18:19,610,616
16:18:19,611,618
16:18:19,612,619
16:18:20,612,621
16:18:20,612,621
16:18:20,613,621
16:18:20,614,622
16:18:21,614,622
16:18:21,615,623
16:18:21,615,625
16:18:21,617,625
16:18:21,618,627
16:18:22,619,628
16:18:22,619,629
16:18:22,619,629
16:18:22,621,629
16:18:22,621,631
16:18:23,621,633
16:18:23,622,635
16:18:23,623,635
16:18:23,624,637
16:18:23,625,639
16:18:24,625,641
16:18:24,625,643
16:18:24,625,645
16:18:24,626,645
16:18:24,626,646
16:18:25,627,648
16:18:25,629,650
16:18:25,629,652
16:18:25,630,653
16:18:25,632,655
16:18:26,632,656
16:18:26,633,658
16:18:26,634,658
16:18:26,636,658
16:18:26,636,660
16:18:27,638,661
16:18:27,640,662
16:18:27,642,664
16:18:27,643,666
16:18:27,644,666
16:18:28,645,667
16:18:28,647,669
16:18:28,649,669
16:18:28,649,671
16:18:28,649,673
16:18:29,650,673
16:18:29,650,674
16:18:29,652,675
16:18:29,652,676
16:18:29,653,676
16:18:30,653,677
16:18:30,653,677
16:18:30,655,677
16:18:30,656,679
16:18:31,657,680
16:18:31,658,681
16:18:31,659,682
16:18:31,660,682
16:18:31,661,682
16:18:32,662,684
16:18:32,663,686
16:18:32,663,686
16:18:32,665,687
16:18:32,665,689
16:18:33,667,691
16:18:33,668,692
16:18:33,670,694
16:18:33,671,695
16:18:33,673,697
16:18:34,675,699
16:18:34,676,700
16:18:34,678,702
16:18:34,679,702
16:18:34,680,703
16:18:35,680,704
16:18:35,680,705
16:18:35,681,706
16:18:35,681,707
16:18:35,683,708
16:18:36,684,708
16:18:36,686,708
16:18:36,687,710
16:18:36,689,712
16:18:36,690,714
16:18:37,690,714
16:18:37,692,716
16:18:37,693,716
16:18:37,694,718
16:18:37,695,720
16:18:38,695,721
16:18:38,697,722
16:18:38,698,724
16:18:38,699,726
16:18:39,700,727
16:18:39,702,729
16:18:39,704,731
16:18:39,705,733
16:18:39,706,733
16:18:40,707,735
16:18:40,707,737
16:18:40,707,738
16:18:40,707,739
16:18:40,708,740
16:18:41,710,740
16:18:41,711,741
16:18:41,711,743
16:18:41,711,744
16:18:41,712,746
16:18:42,713,746
16:18:42,713,748
16:18:42,714,749
16:18:42,716,750
16:18:42,717,750
16:18:43,717,750
16:18:43,719,750
16:18:43,721,751
16:18:43,721,753
16:18:43,722,755
16:18:44,724,756
16:18:44,724,756
16:18:44,726,756
16:18:44,727,757
16:18:44,729,759
16:18:45,730,760
16:18:45,731,761
16:18:45,733,763
16:18:45,734,764
16:18:45,735,766
16:18:46,735,768
16:18:46,735,768
16:18:46,736,770
16:18:46,738,770
16:18:46,740,771
16:18:47,741,771
16:18:47,742,771
16:18:47,742,773
16:18:47,742,775
16:18:47,743,777
16:18:48,743,777
16:18:48,744,777
16:18:48,744,778
16:18:48,744,779
16:18:48,746,781
16:18:49,747,781
16:18:49,748,783
16:18:49,750,785
16:18:49,752,785
16:18:49,754,785
16:18:50,756,786
16:18:50,758,786
16:18:50,758,787
16:18:50,758,788
16:18:50,759,790
16:18:51,761,790
16:18:51,762,790
16:18:51,764,791
16:18:51,766,792
16:18:51,767,792
16:18:52,768,792
16:18:52,768,793
16:18:52,769,793
16:18:52,771,793
16:18:53,771,794
16:18:53,771,796
16:18:53,773,796
16:18:53,775,796
16:18:53,775,797
16:18:54,775,797
16:18:54,776,799
16:18:54,778,800
16:18:54,779,800
16:18:54,781,802
16:18:55,783,804
16:18:55,783,805
16:18:55,783,806
16:18:55,783,808
16:18:55,783,810
16:18:56,783,810
16:18:56,785,811
16:18:56,786,812
16:18:56,786,813
16:18:56,788,815
16:18:57,789,817
16:18:57,789,819
16:18:57,790,819
16:18:57,790,820
16:18:57,790,822
16:18:58,791,823
16:18:58,793,823
16:18:58,795,825
16:18:58,797,826
16:18:58,797,828
16:18:59,799,828
16:18:59,799,829
16:18:59,801,830
16:18:59,801,830
16:18:59,801,831
16:19:00,801,833
16:19:00,801,835
16:19:00,801,837
16:19:00,801,837
16:19:00,802,838
16:19:01,804,840
16:19:01,804,842
16:19:01,804,842
16:19:01,806,842
16:19:01,806,843
16:19:02,806,843
16:19:02,807,845
16:19:02,807,846
16:19:02,808,847
16:19:02,808,848
16:19:03,809,850
16:19:03,810,850
16:19:03,811,852
16:19:03,813,854
16:19:03,813,856
16:19:04,814,857
16:19:04,816,859
16:19:04,817,859
16:19:04,817,859
16:19:05,819,860
16:19:05,821,862
16:19:05,821,863
16:19:05,823,863
16:19:05,823,865
16:19:06,823,866
16:19:06,825,867
16:19:06,825,869
16:19:06,825,871
16:19:06,826,873
16:19:07,826,873
16:19:07,826,874
16:19:07,827,874
16:19:07,828,874
16:19:07,828,876
16:19:08,830,878
16:19:08,832,879
16:19:08,834,881
16:19:08,836,882
16:19:08,838,884
16:19:09,840,885
16:19:09,841,886
16:19:09,843,886
16:19:09,845,887
16:19:09,845,888
16:19:10,847,890
16:19:10,848,892
16:19:10,849,892
16:19:10,851,893
16:19:10,853,894
16:19:11,853,895
16:19:11,854,897
16:19:11,856,899
16:19:11,857,899
16:19:11,858,899
16:19:12,859,900
16:19:12,860,902
16:19:12,861,904
16:19:12,862,906
16:19:12,864,908
16:19:13,865,910
16:19:13,865,911
16:19:13,866,913
16:19:13,867,915
16:19:13,869,915
16:19:14,870,917
16:19:14,872,919
16:19:14,872,920
16:19:14,872,922
16:19:15,873,924
16:19:15,873,924
16:19:15,874,925
16:19:15,874,926
16:19:15,874,926
16:19:16,875,928
16:19:16,877,930
16:19:16,877,931
16:19:16,879,931
16:19:16,879,932
16:19:17,881,934
16:19:17,882,935
16:19:17,883,936
16:19:17,885,938
16:19:17,885,939
16:19:18,885,939
16:19:18,886,941
16:19:18,888,942
16:19:18,889,944
16:19:18,890,946
16:19:19,892,947
16:19:19,894,947
16:19:19,895,949
16:19:19,897,950
16:19:19,898,952
16:19:20,898,952
16:19:20,899,952
16:19:20,900,954
16:19:20,902,954
16:19:20,904,956
16:19:21,906,956
16:19:21,908,956
16:19:21,910,958
16:19:21,911,959
16:19:21,912,960
16:19:22,914,962
16:19:22,915,963
16:19:22,917,965
16:19:22,917,966
16:19:22,917,966
16:19:23,917,968
16:19:23,918,968
16:19:23,919,970
16:19:23,921,972
16:19:23,923,974
16:19:24,923,976
16:19:24,925,976
16:19:24,927,976
16:19:24,929,978
16:19:25,930,979
16:19:25,931,979
16:19:25,932,981
16:19:25,933,981
16:19:25,933,982
16:19:26,934,983
16:19:26,935,985
16:19:26,937,986
16:19:26,938,986
16:19:26,939,987
16:19:27,940,987
16:19:27,941,987
16:19:27,941,987
16:19:27,941,988
16:19:27,941,988
16:19:28,943,989
16:19:28,944,991
16:19:28,946,991
16:19:28,947,993
16:19:28,948,995
16:19:29,949,996
16:19:29,951,996
16:19:29,951,996
16:19:29,951,996
16:19:29,953,998
16:19:30,954,1000
16:19:30,954,1002
16:19:30,954,1002
16:19:30,954,1002
16:19:30,954,1002
16:19:31,955,1003
16:19:31,956,1004
16:19:31,957,1005
16:19:31,958,1007
16:19:31,960,1007
16:19:32,962,1007
16:19:32,963,1008
16:19:32,963,1010
16:19:32,964,1011
16:19:33,966,1012
16:19:33,968,1012
16:19:33,968,1012
16:19:33,968,1013
16:19:33,969,1014
16:19:34,970,1016
16:19:34,971,1018
16:19:34,972,1020
16:19:34,973,1022
16:19:34,974,1023
16:19:35,975,1025
16:19:35,977,1027
16:19:35,977,1029
16:19:35,977,1029
16:19:35,977,1031
16:19:36,977,1033
16:19:36,978,1035
16:19:36,980,1036
16:19:36,982,1037
16:19:36,983,1039
16:19:37,983,1039
16:19:37,985,1041
16:19:37,987,1041
16:19:37,989,1043
16:19:37,991,1043
16:19:38,991,1044
16:19:38,991,1045
16:19:38,993,1045
16:19:38,995,1047
16:19:38,997,1047
16:19:39,999,1047
16:19:39,1001,1049
16:19:39,1003,1050
16:19:39,1004,1051
16:19:39,1006,1053
16:19:40,1008,1053
16:19:40,1009,1054
16:19:40,1009,1054
16:19:40,1010,1055
16:19:40,1012,1057
16:19:41,1014,1059
16:19:41,1015,1060
16:19:41,1017,1061
16:19:41,1018,1062
16:19:42,1020,1064
16:19:42,1021,1065
16:19:42,1023,1067
16:19:42,1025,1069
16:19:42,1027,1071
16:19:43,1029,1073
16:19:43,1031,1075
16:19:43,1033,1075
16:19:43,1034,1076
16:19:43,1036,1076
16:19:44,1038,1076
16:19:44,1039,1077
16:19:44,1041,1079
16:19:44,1042,1081
16:19:44,1043,1083
16:19:45,1043,1083
16:19:45,1043,1084
16:19:45,1045,1086
16:19:45,1046,1087
16:19:45,1047,1089
16:19:46,1047,1090
16:19:46,1047,1091
16:19:46,1047,1092
16:19:46,1048,1094
16:19:46,1049,1096
16:19:47,1050,1096
16:19:47,1052,1098
16:19:47,1054,1099
16:19:47,1055,1099
16:19:47,1055,1101
16:19:48,1057,1102
16:19:48,1059,1103
16:19:48,1061,1105
16:19:48,1063,1107
16:19:48,1065,1107
16:19:49,1067,1108
16:19:49,1067,1109
16:19:49,1069,1111
16:19:49,1069,1113
16:19:49,1069,1113
16:19:50,1070,1114
16:19:50,1070,1115
16:19:50,1070,1116
16:19:50,1072,1116
16:19:51,1072,1118
16:19:51,1072,1118
16:19:51,1073,1120
16:19:51,1073,1120
16:19:51,1073,1122
16:19:52,1075,1124
16:19:52,1077,1126
16:19:52,1079,1128
16:19:52,1081,1130
16:19:52,1083,1130
16:19:53,1083,1132
16:19:53,1084,1132
16:19:53,1086,1134
16:19:53,1087,1136
16:19:53,1089,1138
16:19:54,1091,1140
16:19:54,1092,1142
16:19:54,1093,1142
16:19:54,1095,1144
16:19:54,1096,1146
16:19:55,1097,1146
16:19:55,1098,1147
16:19:55,1100,1148
16:19:55,1102,1148
16:19:55,1104,1148
16:19:56,1106,1148
16:19:56,1108,1148
16:19:56,1109,1149
16:19:56,1109,1150
16:19:56,1110,1152
16:19:57,1110,1153
16:19:57,1111,1154
16:19:57,1113,1155
2026-02-12 10:44:06.142644,72,7
2026-02-12 10:44:06.721849,38,36
2026-02-12 10:44:07.285563,50,34
2026-02-12 10:44:07.882855,83,14
2026-02-12 10:44:08.429644,64,4
2026-02-12 10:44:08.985513,77,31
2026-02-12 10:44:09.542285,6,28
2026-02-12 10:44:10.158747,27,8
2026-02-12 10:44:10.730709,62,32
2026-02-12 10:44:11.352717,63,24
2026-02-12 10:44:11.911898,8,40
2026-02-12 10:44:12.498733,85,41
2026-02-12 10:44:13.085044,9,17
2026-02-12 10:44:13.669806,33,17
2026-02-12 10:44:14.225606,92,0
2026-02-12 10:44:14.926187,63,1
2026-02-12 10:44:15.496926,41,22
2026-02-12 10:44:16.093685,49,26
2026-02-12 10:44:16.658232,39,36
2026-02-12 10:44:17.212296,23,8
2026-02-12 10:44:17.775628,24,5
2026-02-12 10:44:18.365069,68,13
2026-02-12 10:44:18.931282,84,45
2026-02-12 10:44:19.523422,32,20
2026-02-12 10:44:20.095779,93,34
2026-02-12 10:44:20.684763,91,7
2026-02-12 10:44:21.241098,76,18
2026-02-12 10:44:21.799601,66,33
2026-02-12 10:44:22.388434,52,28
2026-02-12 10:44:22.942156,49,23
2026-02-12 10:44:23.511463,11,5
2026-02-12 10:44:24.078179,78,41
2026-02-12 10:44:24.640426,10,16
2026-02-12 10:44:25.205396,8,16
2026-02-12 10:44:25.746565,1,10
2026-02-12 10:44:26.345027,14,39
2026-02-12 10:44:26.894234,2,10
2026-02-12 10:44:27.441963,58,16
2026-02-12 10:44:28.004023,8,13
2026-02-12 10:44:28.560471,64,34
2026-02-12 10:44:29.119747,8,44
2026-02-12 10:44:29.706392,41,13
2026-02-12 10:44:30.256420,10,24
2026-02-12 10:44:30.812749,53,30
2026-02-12 10:44:31.398869,76,2
2026-02-12 10:44:31.988396,59,35
2026-02-12 10:44:32.556369,86,12
2026-02-12 10:44:33.145529,71,15
2026-02-12 10:44:33.722607,23,50
2026-02-12 10:44:34.275511,68,7
2026-02-12 10:44:34.828779,28,22
2026-02-12 10:44:35.411046,41,18
2026-02-12 10:44:36.041362,2,31
2026-02-12 10:44:36.644912,31,39
2026-02-12 10:44:37.247736,22,8
2026-02-12 10:44:37.825031,13,43
2026-02-12 10:44:38.443851,100,24
2026-02-12 10:44:38.992413,33,28
2026-02-12 10:44:39.548038,16,0
2026-02-12 10:44:40.129388,87,4
2026-02-12 10:44:40.721009,23,12
2026-02-12 10:44:41.304934,20,37
2026-02-12 10:44:41.863733,80,44
2026-02-12 10:44:42.463428,27,3
2026-02-12 10:44:43.075921,99,8
2026-02-12 10:44:43.661109,35,27
2026-02-12 10:44:44.257127,95,5
2026-02-12 10:44:44.884093,79,7
2026-02-12 10:44:45.455520,80,49
2026-02-12 10:44:46.013148,32,49
2026-02-12 10:44:46.603745,62,31
2026-02-12 10:44:47.160798,62,24
2026-02-12 10:44:47.705993,25,13
2026-02-12 10:44:48.272871,95,50
2026-02-12 10:44:48.822085,29,19
2026-02-12 10:44:49.375609,100,17
2026-02-12 10:44:49.976133,43,2
2026-02-12 10:44:50.527711,56,32
2026-02-12 10:44:51.074450,7,30
2026-02-12 10:44:51.650260,93,22
2026-02-12 10:44:52.214771,85,6
2026-02-12 10:44:52.782879,85,41
2026-02-12 10:44:53.351268,64,14
2026-02-12 10:44:53.902958,8,16
2026-02-12 10:44:54.457607,17,25
2026-02-12 10:44:55.012297,23,23
2026-02-12 10:44:55.581319,94,9
2026-02-12 10:44:56.133987,25,42
2026-02-12 10:44:56.685968,67,2
2026-02-12 10:44:57.240009,83,6
2026-02-12 10:44:57.793051,56,19
2026-02-12 10:44:58.359188,98,12
2026-02-12 10:44:58.922267,13,5
2026-02-12 10:44:59.471556,57,8
2026-02-12 10:45:00.017156,42,30
2026-02-12 10:45:00.582890,56,5
2026-02-12 10:45:01.145190,78,43
2026-02-12 10:45:01.712844,56,17
2026-02-12 10:45:02.262705,83,0
2026-02-12 10:45:02.811416,81,15
2026-02-12 10:45:03.404817,76,30
2026-02-12 10:45:04.032122,14,1
2026-02-12 10:45:04.622214,14,49
2026-02-12 10:45:05.175879,84,8
2026-02-12 10:45:05.727176,35,18
2026-02-12 10:45:06.318685,25,34
2026-02-12 10:45:06.869575,85,21
2026-02-12 10:45:07.452618,76,33
2026-02-12 10:45:08.006392,58,36
2026-02-12 10:45:08.566254,60,47
2026-02-12 10:45:09.130607,17,2
2026-02-12 10:45:09.700160,12,28
2026-02-12 10:45:10.267727,95,18
2026-02-12 10:45:10.833191,60,27
2026-02-12 10:45:11.417683,58,37
2026-02-12 10:45:11.995217,15,7
2026-02-12 10:45:12.548243,23,28
2026-02-12 10:45:13.129999,97,33
2026-02-12 10:45:13.687578,2,22
2026-02-12 10:45:14.367058,10,14
2026-02-12 10:45:14.978769,16,41
2026-02-12 10:45:15.524385,41,40
2026-02-12 10:45:16.104942,48,27
2026-02-12 10:45:16.651656,67,46
2026-02-12 10:45:17.208266,13,14
2026-02-12 10:45:17.766046,90,2
2026-02-12 10:45:18.306563,11,26
2026-02-12 10:45:18.917162,91,49
2026-02-12 10:45:19.545363,61,4
2026-02-12 10:45:20.107939,66,10
2026-02-12 10:45:20.689012,77,4
2026-02-12 10:45:21.235988,18,6
2026-02-12 10:45:21.788610,74,29
2026-02-12 10:45:22.339830,11,30
2026-02-12 10:45:22.942560,60,34
2026-02-12 10:45:23.493838,89,4
2026-02-12 10:45:24.047909,68,10
2026-02-12 10:45:24.609313,95,13
2026-02-12 10:45:25.182910,51,28
2026-02-12 10:45:25.741606,68,5
2026-02-12 10:45:26.332715,21,3
2026-02-12 10:45:26.894438,100,11
2026-02-12 10:45:27.443441,44,35
2026-02-12 10:45:28.020605,15,0
2026-02-12 10:45:28.572258,67,27
2026-02-12 10:45:29.127013,6,32
2026-02-12 10:45:29.680942,10,1
2026-02-12 10:45:30.240965,43,38
2026-02-12 10:45:30.806544,76,48
2026-02-12 10:45:31.360144,97,36
2026-02-12 10:45:31.909734,8,2
2026-02-12 10:45:32.466913,73,43
2026-02-12 10:45:33.023219,1,3
2026-02-12 10:45:33.571198,2,47
2026-02-12 10:45:34.117907,85,12
2026-02-12 10:45:34.665017,56,25
2026-02-12 10:45:35.237553,91,45
2026-02-12 10:45:35.785519,30,14
2026-02-12 10:45:36.398412,100,22
2026-02-12 10:45:36.946200,0,7
2026-02-12 10:45:37.494800,13,15
2026-02-12 10:45:38.045705,18,41
2026-02-12 10:45:38.701764,9,36
2026-02-12 10:45:39.252326,24,48
2026-02-12 10:45:39.801853,15,43
2026-02-12 10:45:40.371381,6,37
2026-02-12 10:45:40.924496,55,16
2026-02-12 10:45:41.479878,94,33
2026-02-12 10:45:42.043649,65,14
2026-02-12 10:45:42.592555,47,9
2026-02-12 10:45:43.140977,28,9
2026-02-12 10:45:43.700282,3,14
2026-02-12 10:45:44.249301,63,26
2026-02-12 10:45:44.814698,62,5
2026-02-12 10:45:45.432854,3,15
2026-02-12 10:45:45.979913,73,11
2026-02-12 10:45:46.528157,78,32
2026-02-12 10:45:47.079466,18,21
2026-02-12 10:45:47.649549,66,10
2026-02-12 10:45:48.204006,4,41
2026-02-12 10:45:48.750233,50,47
2026-02-12 10:45:49.292645,12,50
2026-02-12 10:45:49.849614,41,39
2026-02-12 10:45:50.398288,38,25
2026-02-12 10:45:50.959674,76,39
2026-02-12 10:45:51.507378,9,22
2026-02-12 10:45:52.064942,73,29
2026-02-12 10:45:52.611575,33,27
2026-02-12 10:45:53.159647,94,18
2026-02-12 10:45:53.709470,82,7
2026-02-12 10:45:54.258657,22,11
2026-02-12 10:45:54.807595,58,5
2026-02-12 10:45:55.368316,32,7
2026-02-12 10:45:55.926311,90,46
2026-02-12 10:45:56.496061,27,37
2026-02-12 10:45:57.044678,18,16
2026-02-12 10:45:57.603019,70,21
2026-02-12 10:45:58.151270,61,2
2026-02-12 10:45:58.699876,52,27
2026-02-12 10:45:59.247189,3,22
2026-02-12 10:45:59.795328,2,21
2026-02-12 10:46:00.343109,46,12
2026-02-12 10:46:00.908355,37,23
2026-02-12 10:46:01.576202,89,47
2026-02-12 10:46:02.131026,52,34
2026-02-12 10:46:02.704401,65,23
2026-02-12 10:46:03.257757,83,47
2026-02-12 10:46:03.819015,48,7
2026-02-12 10:46:04.377092,94,21
2026-02-12 10:46:04.935591,50,36
2026-02-12 10:46:05.497764,59,4
2026-02-12 10:46:06.050216,69,49
2026-02-12 10:46:06.599030,9,46
2026-02-12 10:46:07.154555,0,40
2026-02-12 10:46:07.750687,99,45
2026-02-12 10:46:08.313106,43,22
2026-02-12 10:46:08.866137,38,16
2026-02-12 10:46:09.417854,35,4
2026-02-12 10:46:09.970897,27,22
2026-02-12 10:46:10.544078,4,5
2026-02-12 10:46:11.097321,38,42
2026-02-12 10:46:11.648091,8,30
2026-02-12 10:46:12.197654,97,4
2026-02-12 10:46:12.746354,97,18
2026-02-12 10:46:13.346203,3,13
2026-02-12 10:46:13.901611,38,9
2026-02-12 10:46:14.484642,62,33
2026-02-12 10:46:15.046015,88,15
2026-02-12 10:46:15.599143,8,8
2026-02-12 10:46:16.157800,72,38
2026-02-12 10:46:16.720589,73,17
2026-02-12 10:46:17.276447,89,23
2026-02-12 10:46:17.836446,85,37
2026-02-12 10:46:18.386604,66,7
2026-02-12 10:46:18.945826,91,7
2026-02-12 10:46:19.534609,1,33
2026-02-12 10:46:20.094602,71,28
2026-02-12 10:46:20.669935,60,37
2026-02-12 10:46:21.224950,2,22
2026-02-12 10:46:21.787243,64,21
2026-02-12 10:46:22.334910,48,7
2026-02-12 10:46:22.886871,65,41
2026-02-12 10:46:23.442715,24,40
2026-02-12 10:46:23.995399,60,21
2026-02-12 10:46:24.560157,9,4
2026-02-12 10:46:25.127648,3,15
2026-02-12 10:46:25.709788,44,3
2026-02-12 10:46:26.251923,34,42
2026-02-12 10:46:26.795466,55,3
2026-02-12 10:46:27.366198,53,11
2026-02-12 10:46:27.924453,90,37
2026-02-12 10:46:28.475506,53,36
2026-02-12 10:46:29.030587,96,11
2026-02-12 10:46:29.591402,92,31
2026-02-12 10:46:30.141516,21,20
2026-02-12 10:46:30.721146,58,36
2026-02-12 10:46:31.300330,32,4
2026-02-12 10:46:31.856770,18,28
2026-02-12 10:46:32.425415,4,24
2026-02-12 10:46:32.995975,67,24
2026-02-12 10:46:33.558943,7,49
2026-02-12 10:46:34.117255,69,5
2026-02-12 10:46:34.673787,12,36
2026-02-12 10:46:35.220932,53,28
2026-02-12 10:46:35.793502,70,36
2026-02-12 10:46:36.368078,2,30
2026-02-12 10:46:36.903917,72,45
2026-02-12 10:46:37.452531,27,37
2026-02-12 10:46:38.006747,97,9
2026-02-12 10:46:38.574793,48,45
2026-02-12 10:46:39.123903,86,45
2026-02-12 10:46:39.672820,61,13
2026-02-12 10:46:40.222414,42,26
2026-02-12 10:46:40.774850,86,49
2026-02-12 10:46:41.356878,35,33
2026-02-12 10:46:41.903504,96,23
2026-02-12 10:46:42.460877,99,33
2026-02-12 10:46:43.018364,3,8
2026-02-12 10:46:43.575014,70,20
2026-02-12 10:46:44.122688,50,35
2026-02-12 10:46:44.673986,21,38
2026-02-12 10:46:45.229181,17,14
2026-02-12 10:46:45.780091,11,4
2026-02-12 10:46:46.325344,95,14
2026-02-12 10:46:46.874941,99,50
2026-02-12 10:46:47.423480,7,30
2026-02-12 10:46:47.972353,2,7
2026-02-12 10:46:48.519736,55,32
2026-02-12 10:46:49.084277,79,6
2026-02-12 10:46:49.655047,88,49
2026-02-12 10:46:50.203772,86,16
2026-02-12 10:46:50.749855,12,19
2026-02-12 10:46:51.312092,67,48
2026-02-12 10:46:51.861406,11,41
2026-02-12 10:46:52.450648,27,46
2026-02-12 10:46:52.997348,98,12
2026-02-12 10:46:53.549874,65,19
2026-02-12 10:46:54.122983,71,42
2026-02-12 10:46:54.687372,24,39
2026-02-12 10:46:55.266133,53,17
2026-02-12 10:46:55.817047,36,1
2026-02-12 10:46:56.364605,10,14
2026-02-12 10:46:56.913757,52,22
2026-02-12 10:46:57.464041,12,36
2026-02-12 10:46:58.067458,33,30
2026-02-12 10:46:58.613213,54,46
2026-02-12 10:46:59.164970,83,16
2026-02-12 10:46:59.711239,14,27
2026-02-12 10:47:00.260365,38,38
2026-02-12 10:47:00.843141,58,21
2026-02-12 10:47:01.405680,51,3
2026-02-12 10:47:01.954656,45,48
2026-02-12 10:47:02.503240,83,13
2026-02-12 10:47:03.065177,80,23
2026-02-12 10:47:03.661150,37,33
2026-02-12 10:47:04.207816,26,29
2026-02-12 10:47:04.781254,20,15
2026-02-12 10:47:05.332761,93,8
2026-02-12 10:47:05.897070,0,44
2026-02-12 10:47:06.454609,95,22
2026-02-12 10:47:07.022175,36,37
2026-02-12 10:47:07.616766,98,32
2026-02-12 10:47:08.166268,60,35
2026-02-12 10:47:08.722838,48,49
2026-02-12 10:47:09.284452,89,11
2026-02-12 10:47:09.832177,14,34
2026-02-12 10:47:10.368786,47,14
2026-02-12 10:47:10.932154,42,32
2026-02-12 10:47:11.484315,91,8
2026-02-12 10:47:12.036329,96,17
2026-02-12 10:47:12.648509,34,17
2026-02-12 10:47:13.210869,61,47
2026-02-12 10:47:13.759666,74,25
2026-02-12 10:47:14.330759,44,35
2026-02-12 10:47:14.902224,35,33
2026-02-12 10:47:15.456361,61,31
2026-02-12 10:47:16.008624,2,26
2026-02-12 10:47:16.573936,50,45
2026-02-12 10:47:17.135549,44,33
2026-02-12 10:47:17.698151,31,39
2026-02-12 10:47:18.328063,55,16
2026-02-12 10:47:18.878293,19,8
2026-02-12 10:47:19.465432,78,50
2026-02-12 10:47:20.031715,15,3
2026-02-12 10:47:20.587343,46,42
2026-02-12 10:47:21.131494,93,2
2026-02-12 10:47:21.707549,91,49
2026-02-12 10:47:22.260475,69,41
2026-02-12 10:47:22.823703,64,49
2026-02-12 10:47:23.375650,80,16
2026-02-12 10:47:23.934945,57,11
2026-02-12 10:47:24.503218,58,14
2026-02-12 10:47:25.076785,23,33
2026-02-12 10:47:25.644129,31,27
2026-02-12 10:47:26.200604,7,2
2026-02-12 10:47:26.763372,1,29
2026-02-12 10:47:27.314594,35,34
2026-02-12 10:47:27.865940,13,34
2026-02-12 10:47:28.412737,42,5
2026-02-12 10:47:28.967550,20,13
2026-02-12 10:47:29.592840,51,45
2026-02-12 10:47:30.143708,15,42
2026-02-12 10:47:30.692070,78,20
2026-02-12 10:47:31.251618,41,37
2026-02-12 10:47:31.847378,88,43
2026-02-12 10:47:32.439043,93,33
2026-02-12 10:47:33.024477,90,43
2026-02-12 10:47:33.609362,67,28
2026-02-12 10:47:34.214026,71,37
2026-02-12 10:47:34.799143,65,4
2026-02-12 10:47:35.381622,82,26
2026-02-12 10:47:35.960961,58,44
2026-02-12 10:47:36.519315,34,13
2026-02-12 10:47:37.076295,52,16
2026-02-12 10:47:37.625803,11,28
2026-02-12 10:47:38.246355,35,16
2026-02-12 10:47:38.803417,88,24
2026-02-12 10:47:39.354532,2,32
2026-02-12 10:47:39.943421,35,50
2026-02-12 10:47:40.532569,32,46
2026-02-12 10:47:41.080339,69,23
2026-02-12 10:47:41.656527,51,3
2026-02-12 10:47:42.224921,78,45
2026-02-12 10:47:42.786013,69,14
2026-02-12 10:47:43.368773,29,11
2026-02-12 10:47:43.955593,54,12
2026-02-12 10:47:44.542457,1,14
2026-02-12 10:47:45.147667,20,34
2026-02-12 10:47:45.756886,78,39
2026-02-12 10:47:46.317185,54,8
2026-02-12 10:47:46.870981,23,5
2026-02-12 10:47:47.439915,97,26
2026-02-12 10:47:48.003926,29,12
2026-02-12 10:47:48.581149,4,11
2026-02-12 10:47:49.129276,83,23
2026-02-12 10:47:49.687054,50,17
2026-02-12 10:47:50.249773,57,0
2026-02-12 10:47:50.833563,33,49
2026-02-12 10:47:51.400761,44,2
2026-02-12 10:47:51.957501,5,2
2026-02-12 10:47:52.514884,61,3
2026-02-12 10:47:53.063890,61,7
2026-02-12 10:47:53.611767,55,38
2026-02-12 10:47:54.177171,61,14
2026-02-12 10:47:54.724243,98,42
2026-02-12 10:47:55.274205,25,36
2026-02-12 10:47:55.851340,18,15
2026-02-12 10:47:56.436458,43,9
2026-02-12 10:47:56.985343,54,11
2026-02-12 10:47:57.527350,44,6
2026-02-12 10:47:58.104540,59,45
2026-02-12 10:47:58.675380,11,18
2026-02-12 10:47:59.228092,87,49
2026-02-12 10:47:59.792710,8,36
2026-02-12 10:48:00.342834,67,21
2026-02-12 10:48:00.908915,22,38
2026-02-12 10:48:01.476061,31,31
2026-02-12 10:48:02.054930,58,41
2026-02-12 10:48:02.591730,83,50
2026-02-12 10:48:03.150493,23,29
2026-02-12 10:48:03.704615,90,0
2026-02-12 10:48:04.257306,78,10
2026-02-12 10:48:04.824518,71,1
2026-02-12 10:48:05.368858,24,46
2026-02-12 10:48:05.926245,72,46
2026-02-12 10:48:06.482371,66,39
2026-02-12 10:48:07.080951,53,25
2026-02-12 10:48:07.626603,34,28
2026-02-12 10:48:08.182012,35,50
2026-02-12 10:48:08.737641,92,33
2026-02-12 10:48:09.328354,31,17
2026-02-12 10:48:09.882132,95,18
2026-02-12 10:48:10.437270,19,36
2026-02-12 10:48:10.992290,92,34
2026-02-12 10:48:11.550051,31,48
2026-02-12 10:48:12.137160,88,19
2026-02-12 10:48:12.704519,71,28
2026-02-12 10:48:13.243738,19,17
2026-02-12 10:48:13.830928,18,47
2026-02-12 10:48:14.380425,53,47
2026-02-12 10:48:14.932001,52,7
2026-02-12 10:48:15.481168,99,6
2026-02-12 10:48:16.031505,78,4
2026-02-12 10:48:16.599596,46,22
2026-02-12 10:48:17.150062,6,5
2026-02-12 10:48:17.701287,90,38
2026-02-12 10:48:18.263473,57,43
2026-02-12 10:48:18.835885,91,14
2026-02-12 10:48:19.386283,39,12
2026-02-12 10:48:19.935077,86,21
2026-02-12 10:48:20.485197,48,29
2026-02-12 10:48:21.041215,14,16
2026-02-12 10:48:21.595665,44,28
2026-02-12 10:48:22.174479,29,5
2026-02-12 10:48:22.724812,21,21
2026-02-12 10:48:23.274215,36,23
2026-02-12 10:48:23.825415,71,45
2026-02-12 10:48:24.377279,71,16
2026-02-12 10:48:24.948316,95,40
2026-02-12 10:48:25.497902,3,5
2026-02-12 10:48:26.050850,17,14
2026-02-12 10:48:26.621428,80,19
2026-02-12 10:48:27.213579,47,36
2026-02-12 10:48:27.798667,60,27
2026-02-12 10:48:28.365026,87,1
2026-02-12 10:48:28.917831,23,27
2026-02-12 10:48:29.552709,58,37
2026-02-12 10:48:30.126435,4,47
2026-02-12 10:48:30.683467,70,46
2026-02-12 10:48:31.243150,87,40
2026-02-12 10:48:31.817004,76,31
2026-02-12 10:48:32.389122,77,12
2026-02-12 10:48:32.979895,24,7
2026-02-12 10:48:33.573235,96,45
2026-02-12 10:48:34.173373,21,49
2026-02-12 10:48:34.723276,51,12
2026-02-12 10:48:35.298753,89,3
2026-02-12 10:48:35.857705,95,14
2026-02-12 10:48:36.407523,88,32
2026-02-12 10:48:36.958556,48,37
2026-02-12 10:48:37.507314,44,48
2026-02-12 10:48:38.058470,90,21
2026-02-12 10:48:38.612246,56,36
2026-02-12 10:48:39.173540,47,38
2026-02-12 10:48:39.742924,39,42
2026-02-12 10:48:40.322563,9,38
2026-02-12 10:48:40.953627,62,4
2026-02-12 10:48:41.509881,81,5
2026-02-12 10:48:42.061380,40,22
2026-02-12 10:48:42.643381,69,27
2026-02-12 10:48:43.201558,76,22
2026-02-12 10:48:43.770556,99,44
2026-02-12 10:48:44.344264,12,46
2026-02-12 10:48:44.927121,90,36
2026-02-12 10:48:45.484565,89,5
2026-02-12 10:48:46.054757,13,20
2026-02-12 10:48:46.603206,28,29
2026-02-12 10:48:47.156770,84,40
2026-02-12 10:48:47.712249,27,0
2026-02-12 10:48:48.265691,16,18
2026-02-12 10:48:48.824456,18,5
2026-02-12 10:48:49.375122,46,16
2026-02-12 10:48:49.941211,69,31
2026-02-12 10:48:50.501703,53,50
2026-02-12 10:48:51.053612,61,30
2026-02-12 10:48:51.620106,90,47
2026-02-12 10:48:52.163814,52,40
2026-02-12 10:48:52.737689,69,42
2026-02-12 10:48:53.298751,58,24
2026-02-12 10:48:53.859822,24,1
2026-02-12 10:48:54.415868,22,50
2026-02-12 10:48:54.973398,22,45
2026-02-12 10:48:55.549631,97,26
2026-02-12 10:48:56.187826,12,45
2026-02-12 10:48:56.778940,80,49
2026-02-12 10:48:57.337292,14,45
2026-02-12 10:48:57.887684,84,42
2026-02-12 10:48:58.440646,40,33
2026-02-12 10:48:58.993730,34,2
2026-02-12 10:48:59.545424,27,38
2026-02-12 10:49:00.097024,79,0
2026-02-12 10:49:00.671621,10,22
2026-02-12 10:49:01.255732,21,36
2026-02-12 10:49:01.813310,89,31
2026-02-12 10:49:02.379248,6,15
2026-02-12 10:49:02.936139,100,35
2026-02-12 10:49:03.493507,95,41
2026-02-12 10:49:04.054385,10,23
2026-02-12 10:49:04.603924,88,49
2026-02-12 10:49:05.183290,96,19
2026-02-12 10:49:05.798769,43,29
2026-02-12 10:49:06.358946,45,0
2026-02-12 10:49:06.914979,60,43
2026-02-12 10:49:07.473377,9,1
2026-02-12 10:49:08.025165,98,46
2026-02-12 10:49:08.584501,77,35
2026-02-12 10:49:09.142163,21,43
2026-02-12 10:49:09.692964,63,17
2026-02-12 10:49:10.309556,32,34
2026-02-12 10:49:10.856666,54,42
2026-02-12 10:49:11.407673,13,45
2026-02-12 10:49:11.963780,80,3
2026-02-12 10:49:12.524008,76,36
2026-02-12 10:49:13.074524,15,42
2026-02-12 10:49:13.618727,1,13
2026-02-12 10:49:14.175917,99,46
2026-02-12 10:49:14.744691,80,12
2026-02-12 10:49:15.411381,77,14
2026-02-12 10:49:15.993012,88,25
2026-02-12 10:49:16.542678,1,3
2026-02-12 10:49:17.093872,67,1
2026-02-12 10:49:17.643857,56,25
2026-02-12 10:49:18.194596,60,13
2026-02-12 10:49:18.764368,69,47
2026-02-12 10:49:19.435103,21,37
2026-02-12 10:49:20.020620,41,29
2026-02-12 10:49:20.576449,14,29
2026-02-12 10:49:21.128034,26,40
2026-02-12 10:49:21.677718,4,32
2026-02-12 10:49:22.234329,49,5
2026-02-12 10:49:22.785414,32,40
2026-02-12 10:49:23.351400,2,34
2026-02-12 10:49:23.902171,0,4
2026-02-12 10:49:24.489638,55,22
2026-02-12 10:49:25.110076,34,1
2026-02-12 10:49:25.663735,94,43
2026-02-12 10:49:26.224549,29,2
2026-02-12 10:49:26.776017,37,44
2026-02-12 10:49:27.326643,71,8
2026-02-12 10:49:27.879223,82,36
2026-02-12 10:49:28.442228,29,50
2026-02-12 10:49:29.044479,43,32
2026-02-12 10:49:29.601295,80,1
2026-02-12 10:49:30.149712,93,44
2026-02-12 10:49:30.702651,9,32
2026-02-12 10:49:31.253442,42,32
2026-02-12 10:49:31.827240,54,28
2026-02-12 10:49:32.376801,50,15
2026-02-12 10:49:32.930681,27,36
2026-02-12 10:49:33.482353,74,11
2026-02-12 10:49:34.062239,36,23
2026-02-12 10:49:34.625130,93,34
2026-02-12 10:49:35.181790,95,8
2026-02-12 10:49:35.730764,65,45
2026-02-12 10:49:36.287867,15,7
2026-02-12 10:49:36.835415,9,44
2026-02-12 10:49:37.386928,39,12
2026-02-12 10:49:37.951174,90,12
2026-02-12 10:49:38.510305,25,43
2026-02-12 10:49:39.067557,10,17
2026-02-12 10:49:39.629384,61,33
2026-02-12 10:49:40.179785,56,16
2026-02-12 10:49:40.732829,66,21
2026-02-12 10:49:41.283590,39,8
2026-02-12 10:49:41.883715,47,37
2026-02-12 10:49:42.448802,49,34
2026-02-12 10:49:43.006873,75,10
2026-02-12 10:49:43.570143,74,12
2026-02-12 10:49:44.127694,90,9
2026-02-12 10:49:44.685178,69,25
2026-02-12 10:49:45.250254,83,44
2026-02-12 10:49:45.808428,8,33
2026-02-12 10:49:46.366852,11,7
2026-02-12 10:49:46.920778,52,38
2026-02-12 10:49:47.489886,71,17
2026-02-12 10:49:48.047090,27,30
2026-02-12 10:49:48.610183,15,26
2026-02-12 10:49:49.154552,16,44
2026-02-12 10:49:49.709618,64,4
2026-02-12 10:49:50.264017,41,10
2026-02-12 10:49:50.818395,54,37
2026-02-12 10:49:51.374551,62,2
2026-02-12 10:49:51.938599,1,15
2026-02-12 10:49:52.492707,46,18
2026-02-12 10:49:53.044844,7,29
2026-02-12 10:49:53.608084,85,7
2026-02-12 10:49:54.200535,11,2
2026-02-12 10:49:54.762278,79,45
2026-02-12 10:49:55.318518,28,29
2026-02-12 10:49:55.871149,86,32
2026-02-12 10:49:56.425815,68,41
2026-02-12 10:49:56.974172,95,36
2026-02-12 10:49:57.527222,5,44
2026-02-12 10:49:58.084549,86,31
2026-02-12 10:49:58.640920,38,38
2026-02-12 10:49:59.216413,27,16
2026-02-12 10:49:59.766728,75,14
2026-02-12 10:50:00.316255,51,20
2026-02-12 10:50:00.867363,16,29
2026-02-12 10:50:01.423693,39,20
2026-02-12 10:50:01.974559,61,47
2026-02-12 10:50:02.523643,69,38
2026-02-12 10:50:03.074550,8,14
2026-02-12 10:50:03.622840,83,30
2026-02-12 10:50:04.176244,70,41
2026-02-12 10:50:04.767011,42,39
2026-02-12 10:50:05.328322,65,11
2026-02-12 10:50:05.883834,31,40
2026-02-12 10:50:06.441382,32,15
2026-02-12 10:50:06.989261,100,13
2026-02-12 10:50:07.565776,54,42
2026-02-12 10:50:08.113435,4,48
2026-02-12 10:50:08.672633,100,19
2026-02-12 10:50:09.221825,9,43
2026-02-12 10:50:09.773034,66,2
2026-02-12 10:50:10.323761,83,33
2026-02-12 10:50:10.874661,40,38
2026-02-12 10:50:11.435617,67,32
2026-02-12 10:50:12.004648,91,36
2026-02-12 10:50:12.555222,67,7
2026-02-12 10:50:13.126155,92,15
2026-02-12 10:50:13.682632,92,48
2026-02-12 10:50:14.234080,77,45
2026-02-12 10:50:14.790499,65,44
2026-02-12 10:50:15.391289,8,30
2026-02-12 10:50:16.036563,98,3
2026-02-12 10:50:16.616884,8,21
2026-02-12 10:50:17.163804,36,12
2026-02-12 10:50:17.723006,74,39
2026-02-12 10:50:18.270326,15,28
2026-02-12 10:50:18.826719,37,2
2026-02-12 10:50:19.385729,4,32
2026-02-12 10:50:19.956412,64,1
2026-02-12 10:50:20.522857,25,16
2026-02-12 10:50:21.065041,22,4
2026-02-12 10:50:21.627241,46,44
2026-02-12 10:50:22.206722,98,30
2026-02-12 10:50:22.799886,7,38
2026-02-12 10:50:23.360550,7,13
2026-02-12 10:50:23.925032,76,29
2026-02-12 10:50:24.489100,40,24
2026-02-12 10:50:25.056641,4,30
2026-02-12 10:50:25.641522,24,3
2026-02-12 10:50:26.332892,42,16
2026-02-12 10:50:26.925494,97,35
2026-02-12 10:50:27.506498,74,31
2026-02-12 10:50:28.119125,49,47
2026-02-12 10:50:28.709217,56,49
2026-02-12 10:50:29.261459,65,4
2026-02-12 10:50:29.855359,72,3
2026-02-12 10:50:30.432439,65,17
2026-02-12 10:50:30.995650,29,23
2026-02-12 10:50:31.562946,61,48
2026-02-12 10:50:32.137228,23,22
2026-02-12 10:50:32.689238,82,27
2026-02-12 10:50:33.278724,52,19
2026-02-12 10:50:33.832863,58,8
2026-02-12 10:50:34.384558,26,48
2026-02-12 10:50:34.943530,71,8
2026-02-12 10:50:35.545920,98,7
2026-02-12 10:50:36.109838,24,44
2026-02-12 10:50:36.710677,25,27
2026-02-12 10:50:37.291655,45,50
2026-02-12 10:50:37.847624,53,46
2026-02-12 10:50:38.399906,79,17
2026-02-12 10:50:38.958341,91,22
2026-02-12 10:50:39.525354,92,31
2026-02-12 10:50:40.147947,100,21
2026-02-12 10:50:40.705978,84,41
2026-02-12 10:50:41.278722,36,30
2026-02-12 10:50:41.828924,7,21
2026-02-12 10:50:42.410621,11,5
2026-02-12 10:50:42.975225,52,28
2026-02-12 10:50:43.520798,58,40
2026-02-12 10:50:44.076923,82,20
2026-02-12 10:50:44.658726,38,29
2026-02-12 10:50:45.216285,52,26
2026-02-12 10:50:45.777442,55,10
2026-02-12 10:50:46.333044,20,10
2026-02-12 10:50:46.887133,75,19
2026-02-12 10:50:47.440836,3,21
2026-02-12 10:50:48.004961,96,46
2026-02-12 10:50:48.557964,35,39
2026-02-12 10:50:49.142358,72,42
2026-02-12 10:50:49.698494,87,32
2026-02-12 10:50:50.248329,47,49
2026-02-12 10:50:50.800312,25,45
2026-02-12 10:50:51.367284,37,2
2026-02-12 10:50:51.925418,45,41
2026-02-12 10:50:52.479287,39,34
2026-02-12 10:50:53.032642,1,47
2026-02-12 10:50:53.586157,24,6
2026-02-12 10:50:54.137125,5,36
2026-02-12 10:50:54.726356,87,36
2026-02-12 10:50:55.286994,6,43
2026-02-12 10:50:55.942499,93,16
2026-02-12 10:50:56.535196,13,22
2026-02-12 10:50:57.105837,20,13
2026-02-12 10:50:57.836620,2,16
2026-02-12 10:50:58.444141,63,33
2026-02-12 10:50:59.034118,76,22
2026-02-12 10:50:59.607600,67,26
2026-02-12 10:51:00.168538,72,31
2026-02-12 10:51:00.733871,39,6
2026-02-12 10:51:01.283748,39,17
2026-02-12 10:51:01.838564,56,29
2026-02-12 10:51:02.389026,63,46
2026-02-12 10:51:02.973104,99,17
2026-02-12 10:51:03.608506,39,37
2026-02-12 10:51:04.211477,16,47
2026-02-12 10:51:04.763114,30,22
2026-02-12 10:51:05.317463,0,31
2026-02-12 10:51:05.875334,97,32
2026-02-12 10:51:06.435186,61,41
2026-02-12 10:51:07.003728,9,25
2026-02-12 10:51:07.556185,67,38
2026-02-12 10:51:08.108710,35,21
2026-02-12 10:51:08.667793,87,42
2026-02-12 10:51:09.227624,89,11
2026-02-12 10:51:09.776506,86,18
2026-02-12 10:51:10.341537,24,41
2026-02-12 10:51:10.884656,37,28
2026-02-12 10:51:11.485919,63,49
2026-02-12 10:51:12.062003,8,1
2026-02-12 10:51:12.632203,23,11
2026-02-12 10:51:13.184082,9,13
2026-02-12 10:51:13.763679,24,44
2026-02-12 10:51:14.339590,51,9
2026-02-12 10:51:14.914585,38,21
2026-02-12 10:51:15.466252,44,41
2026-02-12 10:51:16.025487,85,43
2026-02-12 10:51:16.577884,71,28
2026-02-12 10:51:17.187163,59,0
2026-02-12 10:51:17.742809,48,10
2026-02-12 10:51:18.295057,61,39
2026-02-12 10:51:18.872638,74,3
2026-02-12 10:51:19.454939,49,22
2026-02-12 10:51:20.026377,21,7
2026-02-12 10:51:20.601799,68,41
2026-02-12 10:51:21.170630,70,50
2026-02-12 10:51:21.733360,40,45
2026-02-12 10:51:22.314300,33,31
2026-02-12 10:51:22.881816,48,24
2026-02-12 10:51:23.449065,75,20
2026-02-12 10:51:24.013599,85,9
2026-02-12 10:51:24.632112,32,31
2026-02-12 10:51:25.188394,83,1
2026-02-12 10:51:25.744905,98,28
2026-02-12 10:51:26.301266,98,26
2026-02-12 10:51:26.879270,19,32
2026-02-12 10:51:27.484507,73,0
2026-02-12 10:51:28.038969,66,5
2026-02-12 10:51:28.590520,31,5
2026-02-12 10:51:29.144262,32,0
2026-02-12 10:51:29.702146,69,13
2026-02-12 10:51:30.266897,18,5
2026-02-12 10:51:30.850670,12,3
2026-02-12 10:51:31.425341,31,50
2026-02-12 10:51:31.982115,28,30
2026-02-12 10:51:32.553942,80,6
2026-02-12 10:51:33.110361,73,42
2026-02-12 10:51:33.663766,34,32
2026-02-12 10:51:34.226438,15,10
2026-02-12 10:51:34.797257,95,12
2026-02-12 10:51:35.355090,25,41
2026-02-12 10:51:35.914997,5,40
2026-02-12 10:51:36.465303,57,34
2026-02-12 10:51:37.055377,59,20
2026-02-12 10:51:37.619108,55,42
2026-02-12 10:51:38.185282,76,41
2026-02-12 10:51:38.758305,47,0
2026-02-12 10:51:39.324707,90,39
2026-02-12 10:51:39.903314,7,3
2026-02-12 10:51:40.471381,59,27
2026-02-12 10:51:41.037798,27,45
2026-02-12 10:51:41.597506,43,5
2026-02-12 10:51:42.164676,38,47
2026-02-12 10:51:42.740265,75,21
2026-02-12 10:51:43.295786,81,36
2026-02-12 10:51:43.856318,3,42
2026-02-12 10:51:44.411063,99,44
2026-02-12 10:51:44.969998,34,7
2026-02-12 10:51:45.532952,98,38
2026-02-12 10:51:46.135330,79,46
2026-02-12 10:51:46.717709,16,1
2026-02-12 10:51:47.287992,24,29
2026-02-12 10:51:47.846389,17,0
2026-02-12 10:51:48.388747,12,26
2026-02-12 10:51:49.012932,25,5
2026-02-12 10:51:49.566612,73,36
2026-02-12 10:51:50.166823,61,2
2026-02-12 10:51:50.708632,29,22
2026-02-12 10:51:51.291196,76,27
2026-02-12 10:51:51.886859,38,38
2026-02-12 10:51:52.480687,88,22
2026-02-12 10:51:53.121573,56,28
2026-02-12 10:51:53.752002,87,48
2026-02-12 10:51:54.316759,35,13
2026-02-12 10:51:54.888686,35,20
2026-02-12 10:51:55.441718,34,27
2026-02-12 10:51:55.997635,91,21
2026-02-12 10:51:56.546177,36,31
2026-02-12 10:51:57.119145,90,27
2026-02-12 10:51:57.682069,75,6
2026-02-12 10:51:58.233748,83,43
2026-02-12 10:51:58.788366,40,46
2026-02-12 10:51:59.370872,94,29
2026-02-12 10:51:59.926744,19,16
2026-02-12 10:52:00.491018,47,50
2026-02-12 10:52:01.055547,47,1
2026-02-12 10:52:01.607213,3,47
2026-02-12 10:52:02.160440,82,14
2026-02-12 10:52:02.713322,83,18
2026-02-12 10:52:03.269196,30,27
2026-02-12 10:52:03.821760,95,19
2026-02-12 10:52:04.379042,54,45
2026-02-12 10:52:04.952522,70,3
2026-02-12 10:52:05.558570,36,9
2026-02-12 10:52:06.127946,95,31
2026-02-12 10:52:06.690855,36,12
2026-02-12 10:52:07.250748,30,5
2026-02-12 10:52:07.801220,76,50
2026-02-12 10:52:08.352621,54,5
2026-02-12 10:52:08.920456,93,11
2026-02-12 10:52:09.476712,69,41
2026-02-12 10:52:10.120619,54,28
2026-02-12 10:52:10.676062,79,13
2026-02-12 10:52:11.253616,81,14
2026-02-12 10:52:11.829598,29,6
2026-02-12 10:52:12.425371,43,25
2026-02-12 10:52:12.989048,75,11
2026-02-12 10:52:13.541279,87,25
2026-02-12 10:52:14.096702,71,44
2026-02-12 10:52:14.659139,38,42
2026-02-12 10:52:15.210735,31,48
2026-02-12 10:52:15.772144,80,42
2026-02-12 10:52:16.340229,59,43
2026-02-12 10:52:16.890675,4,27
2026-02-12 10:52:17.449006,6,27
2026-02-12 10:52:17.999456,90,4
2026-02-12 10:52:18.555497,93,24
2026-02-12 10:52:19.104439,61,8
2026-02-12 10:52:19.658533,43,23
2026-02-12 10:52:20.220337,27,43
2026-02-12 10:52:20.781310,2,23
2026-02-12 10:52:21.335502,59,32
2026-02-12 10:52:21.903206,41,42
2026-02-12 10:52:22.464104,100,25
2026-02-12 10:52:23.016673,84,26
2026-02-12 10:52:23.647402,77,32
2026-02-12 10:52:24.199814,16,12
2026-02-12 10:52:24.762072,39,10
2026-02-12 10:52:25.399333,24,44
2026-02-12 10:52:25.969116,75,31
2026-02-12 10:52:26.536263,41,42
2026-02-12 10:52:27.092371,44,8
2026-02-12 10:52:27.646199,59,48
2026-02-12 10:52:28.206603,59,3
2026-02-12 10:52:28.759547,49,38
2026-02-12 10:52:29.331383,73,44
2026-02-12 10:52:29.899613,12,39
2026-02-12 10:52:30.463391,16,8
2026-02-12 10:52:31.027846,23,43
2026-02-12 10:52:31.602761,88,48
2026-02-12 10:52:32.175030,2,8
2026-02-12 10:52:32.732706,38,18
2026-02-12 10:52:33.292513,30,35
2026-02-12 10:52:33.905207,96,44
2026-02-12 10:52:34.444458,68,28
2026-02-12 10:52:35.000512,41,49
2026-02-12 10:52:35.561896,15,35
2026-02-12 10:52:36.129536,98,12
2026-02-12 10:52:36.697452,46,18
2026-02-12 10:52:37.249614,58,50
2026-02-12 10:52:37.813042,60,0
2026-02-12 10:52:38.372000,2,32
2026-02-12 10:52:38.947980,77,10
2026-02-12 10:52:39.507225,33,22
2026-02-12 10:52:40.067483,91,12
2026-02-12 10:52:40.625024,58,39
2026-02-12 10:52:41.200145,17,36
2026-02-12 10:52:41.779046,100,24
2026-02-12 10:52:42.326865,40,46
2026-02-12 10:52:42.884554,98,31
2026-02-12 10:52:43.433363,78,4
2026-02-12 10:52:44.001529,85,17
2026-02-12 10:52:44.557324,1,3
2026-02-12 10:52:45.111792,30,9
2026-02-12 10:52:45.681362,35,49
2026-02-12 10:52:46.254574,70,40
2026-02-12 10:52:46.827537,30,6
2026-02-12 10:52:47.403791,74,43
2026-02-12 10:52:47.965111,36,35
2026-02-12 10:52:48.501917,25,9
2026-02-12 10:52:49.056438,95,2
2026-02-12 10:52:49.650215,70,16
2026-02-12 10:52:50.214685,45,39
2026-02-12 10:52:50.784704,73,11
2026-02-12 10:52:51.354477,16,39
2026-02-12 10:52:51.909183,65,0
2026-02-12 10:52:52.472122,39,33
2026-02-12 10:52:53.033902,50,13
2026-02-12 10:52:53.582864,54,47
2026-02-12 10:52:54.145958,14,8
2026-02-12 10:52:54.699669,39,2
2026-02-12 10:52:55.265142,92,47
2026-02-12 10:52:55.833108,63,25
2026-02-12 10:52:56.406549,45,33
2026-02-12 10:52:56.968759,29,20
2026-02-12 10:52:57.531950,60,21
2026-02-12 10:52:58.106496,31,36
2026-02-12 10:52:58.658738,20,7
2026-02-12 10:52:59.218702,87,30
2026-02-12 10:52:59.784116,36,22
2026-02-12 10:53:00.347485,10,17
2026-02-12 10:53:00.909679,52,21
2026-02-12 10:53:01.466035,68,23
2026-02-12 10:53:02.027676,29,45
2026-02-12 10:53:02.579136,90,10
2026-02-12 10:53:03.134817,4,44
2026-02-12 10:53:03.686083,99,19
2026-02-12 10:53:04.239812,43,50
2026-02-12 10:53:04.790080,99,38
2026-02-12 10:53:05.343839,56,7
2026-02-12 10:53:05.893392,49,45
2026-02-12 10:53:06.473520,71,13
2026-02-12 10:53:07.035319,57,30
2026-02-12 10:53:07.628792,7,36
2026-02-12 10:53:08.180021,15,49
2026-02-12 10:53:08.734260,36,26
2026-02-12 10:53:09.295398,83,20
2026-02-12 10:53:09.874456,76,6
2026-02-12 10:53:10.448051,8,44
2026-02-12 10:53:11.007176,1,0
2026-02-12 10:53:11.568014,85,13
2026-02-12 10:53:12.122709,90,10
2026-02-12 10:53:12.677704,53,39
2026-02-12 10:53:13.235973,87,4
2026-02-12 10:53:13.787327,37,45
2026-02-12 10:53:14.347335,48,4
2026-02-12 10:53:14.921098,43,10
2026-02-12 10:53:15.484466,22,2
2026-02-12 10:53:16.038708,71,36
2026-02-12 10:53:16.603505,98,2
2026-02-12 10:53:17.154456,81,11
2026-02-12 10:53:17.724514,7,40
2026-02-12 10:53:18.280914,20,22
2026-02-12 10:53:18.823553,66,14
2026-02-12 10:53:19.438871,62,16
2026-02-12 10:53:19.993404,0,17
2026-02-12 10:53:20.577336,81,30
2026-02-12 10:53:21.155656,17,49
2026-02-12 10:53:21.697629,3,24
2026-02-12 10:53:22.248359,18,25
2026-02-12 10:53:22.802910,10,33
2026-02-12 10:53:23.370699,14,21
2026-02-12 10:53:23.937032,29,27
2026-02-12 10:53:24.502028,89,36
2026-02-12 10:53:25.054489,98,21
2026-02-12 10:53:25.654230,39,17
2026-02-12 10:53:26.246422,43,0
2026-02-12 10:53:26.811050,18,34
2026-02-12 10:53:27.395288,48,32
2026-02-12 10:53:27.982270,49,14
2026-02-12 10:53:28.576139,100,40
2026-02-12 10:53:29.155314,93,22
2026-02-12 10:53:29.745301,90,50
2026-02-12 10:53:30.347519,58,12
2026-02-12 10:53:30.930192,28,37
2026-02-12 10:53:31.489180,1,10
2026-02-12 10:53:32.051139,46,5
2026-02-12 10:53:32.616116,71,20
2026-02-12 10:53:33.185741,31,37
2026-02-12 10:53:33.763234,82,49
2026-02-12 10:53:34.338748,2,0
2026-02-12 10:53:34.916095,91,46
2026-02-12 10:53:35.488131,40,19
2026-02-12 10:53:36.045890,5,17
2026-02-12 10:53:36.617220,93,40
2026-02-12 10:53:37.174386,50,44
2026-02-12 10:53:37.727968,20,21
2026-02-12 10:53:38.279911,23,35
2026-02-12 10:53:38.837547,99,1
2026-02-12 10:53:39.392169,49,47
2026-02-12 10:53:39.997124,6,48
2026-02-12 10:53:40.600034,33,24
2026-02-12 10:53:41.171592,66,3
2026-02-12 10:53:41.758665,78,37
2026-02-12 10:53:42.321292,9,27
2026-02-12 10:53:42.909582,56,3
2026-02-12 10:53:43.472399,89,1
2026-02-12 10:53:44.037342,54,28
2026-02-12 10:53:44.629972,36,13
2026-02-12 10:53:45.195315,95,31
2026-02-12 10:53:45.765285,25,18
2026-02-12 10:53:46.323060,2,20
2026-02-12 10:53:46.900768,15,4
2026-02-12 10:53:47.453078,67,13
2026-02-12 10:53:48.007591,73,22
2026-02-12 10:53:48.570316,53,23
2026-02-12 10:53:49.186419,75,38
2026-02-12 10:53:49.804471,56,45
2026-02-12 10:53:50.402752,39,25
2026-02-12 10:53:51.046501,80,33
2026-02-12 10:53:51.601592,9,42
2026-02-12 10:53:52.153807,96,0
2026-02-12 10:53:52.705579,40,46
2026-02-12 10:53:53.256270,17,1
2026-02-12 10:53:53.809791,39,19
2026-02-12 10:53:54.360709,65,41
2026-02-12 10:53:54.921452,51,19
2026-02-12 10:53:55.475033,71,30
2026-02-12 10:53:56.028617,47,23
2026-02-12 10:53:56.578692,91,0
2026-02-12 10:53:57.134398,82,47
2026-02-12 10:53:57.684925,27,35
2026-02-12 10:53:58.239845,89,29
2026-02-12 10:53:58.792324,36,36
2026-02-12 10:53:59.346074,21,36
2026-02-12 10:53:59.897598,31,17
2026-02-12 10:54:00.450867,9,43
2026-02-12 10:54:01.004876,43,13
2026-02-12 10:54:01.557916,25,23
2026-02-12 10:54:02.110979,55,0
2026-02-12 10:54:02.688396,39,3
2026-02-12 10:54:03.241423,43,0
2026-02-12 10:54:03.794456,86,35
2026-02-12 10:54:04.347197,53,8
2026-02-12 10:54:04.900268,62,20
2026-02-12 10:54:05.450472,98,3
2026-02-12 10:54:06.003920,92,42
2026-02-12 10:54:06.569961,55,8
2026-02-12 10:54:07.140381,3,0
2026-02-12 10:54:07.689634,39,22
2026-02-12 10:54:08.241024,72,20
2026-02-12 10:54:08.791091,77,24
2026-02-12 10:54:09.343814,64,8
2026-02-12 10:54:09.897574,68,36
2026-02-12 10:54:10.450197,42,15
2026-02-12 10:54:11.005969,45,45
2026-02-12 10:54:11.558745,27,14
2026-02-12 10:54:12.109438,54,3
2026-02-12 10:54:12.663510,58,34
2026-02-12 10:54:13.214114,60,15
2026-02-12 10:54:13.773497,100,1
2026-02-12 10:54:14.325166,23,1
2026-02-12 10:54:14.877691,92,5
2026-02-12 10:54:15.428213,21,9
2026-02-12 10:54:15.980899,87,28
2026-02-12 10:54:16.532586,11,46
2026-02-12 10:54:17.086788,88,44
2026-02-12 10:54:17.640979,57,40
2026-02-12 10:54:18.195185,82,44
2026-02-12 10:54:18.745534,55,8
2026-02-12 10:54:19.303484,10,0
2026-02-12 10:54:19.854779,27,0
2026-02-12 10:54:20.409347,58,0
2026-02-12 10:54:20.959836,2,30
2026-02-12 10:54:21.517115,23,8
2026-02-12 10:54:22.068706,45,3
2026-02-12 10:54:22.621642,46,34
2026-02-12 10:54:23.172103,5,39
2026-02-12 10:54:23.725680,77,49
2026-02-12 10:54:24.277623,59,41
2026-02-12 10:54:24.850307,68,46
2026-02-12 10:54:25.401508,2,36
2026-02-12 10:54:25.955302,72,41
2026-02-12 10:54:26.506961,10,0
2026-02-12 10:54:27.061691,2,29
2026-02-12 10:54:27.613867,25,31
2026-02-12 10:54:28.167039,54,15
2026-02-12 10:54:28.717740,89,42
2026-02-12 10:54:29.270777,43,28
2026-02-12 10:54:29.821693,6,33
2026-02-12 10:54:30.375428,74,37
2026-02-12 10:54:30.927298,32,23
2026-02-12 10:54:31.481044,20,15
2026-02-12 10:54:32.032098,41,40
2026-02-12 10:54:32.585092,70,46
2026-02-12 10:54:33.136173,31,31
2026-02-12 10:54:33.689567,0,41
2026-02-12 10:54:34.239657,63,21
2026-02-12 10:54:34.792558,2,1
2026-02-12 10:54:35.342998,80,32
2026-02-12 10:54:35.895015,95,49
2026-02-12 10:54:36.445876,49,21
2026-02-12 10:54:36.998648,13,20
2026-02-12 10:54:37.550779,55,48
2026-02-12 10:54:38.106964,92,47
2026-02-12 10:54:38.656957,16,48
2026-02-12 10:54:39.210267,33,39
2026-02-12 10:54:39.760279,97,1
2026-02-12 10:54:40.314223,65,48
2026-02-12 10:54:40.864874,35,4
2026-02-12 10:54:41.421657,40,15
2026-02-12 10:54:41.972075,48,42
2026-02-12 10:54:42.529905,5,31
2026-02-12 10:54:43.081987,2,26
2026-02-12 10:54:43.634875,83,33
2026-02-12 10:54:44.184958,20,39
2026-02-12 10:54:44.740388,76,23
2026-02-12 10:54:45.289974,93,11
2026-02-12 10:54:45.843986,13,38
2026-02-12 10:54:46.395148,4,6
2026-02-12 10:54:46.948894,87,40
2026-02-12 10:54:47.505522,76,29
2026-02-12 10:54:48.083309,18,16
2026-02-12 10:54:48.635034,8,49
2026-02-12 10:54:49.190272,15,24
2026-02-12 10:54:49.740269,90,27
2026-02-12 10:54:50.294231,3,31
2026-02-12 10:54:50.851263,69,45
2026-02-12 10:54:51.405789,65,21
2026-02-12 10:54:51.956325,46,24
2026-02-12 10:54:52.509787,19,10
2026-02-12 10:54:53.060699,48,30
2026-02-12 10:54:53.637942,26,20
2026-02-12 10:54:54.193232,96,42
2026-02-12 10:54:54.745906,30,12
2026-02-12 10:54:55.299642,43,36
2026-02-12 10:54:55.856673,81,12
2026-02-12 10:54:56.407710,65,16
2026-02-12 10:54:56.964290,99,19
2026-02-12 10:54:57.517043,2,29
2026-02-12 10:54:58.073261,34,7
2026-02-12 10:54:58.625110,70,15
2026-02-12 10:54:59.178664,11,31
2026-02-12 10:54:59.730391,18,24
2026-02-12 10:55:00.283374,92,39
2026-02-12 10:55:00.836352,33,43
2026-02-12 10:55:01.390901,16,32
2026-02-12 10:55:01.945580,24,2
2026-02-12 10:55:02.498066,66,39
2026-02-12 10:55:03.049065,96,48
2026-02-12 10:55:03.604329,29,3
2026-02-12 10:55:04.154553,29,6
2026-02-12 10:55:04.713577,82,0
2026-02-12 10:55:05.266754,51,8
2026-02-12 10:55:05.829364,66,7
2026-02-12 10:55:06.381385,51,27
2026-02-12 10:55:06.942632,45,46
2026-02-12 10:55:07.506095,96,27
2026-02-12 10:55:08.059308,37,41
2026-02-12 10:55:08.632321,23,29
2026-02-12 10:55:09.185102,71,35
2026-02-12 10:55:09.735605,60,28
2026-02-12 10:55:10.290014,44,28
2026-02-12 10:55:10.840679,23,13
2026-02-12 10:55:11.398403,85,11
2026-02-12 10:55:11.949352,70,45
2026-02-12 10:55:12.501995,55,47
2026-02-12 10:55:13.052929,10,3
2026-02-12 10:55:13.606873,11,38
2026-02-12 10:55:14.158804,52,41
2026-02-12 10:55:14.712503,15,20
2026-02-12 10:55:15.266059,20,10
2026-02-12 10:55:15.819217,26,18
2026-02-12 10:55:16.369264,57,44
2026-02-12 10:55:16.924328,88,29
2026-02-12 10:55:17.476549,77,40
2026-02-12 10:55:18.029629,20,7
2026-02-12 10:55:18.582153,79,50
2026-02-12 10:55:19.135870,97,17
2026-02-12 10:55:19.689043,92,45
2026-02-12 10:55:20.247362,100,9
2026-02-12 10:55:20.803542,46,44
2026-02-12 10:55:21.359590,22,8
2026-02-12 10:55:21.910509,42,50
2026-02-12 10:55:22.455716,69,22
2026-02-12 10:55:23.008507,70,44
2026-02-12 10:55:23.562225,41,39
2026-02-12 10:55:24.110826,63,49
2026-02-12 10:55:24.663558,3,9
2026-02-12 10:55:25.214247,43,3
2026-02-12 10:55:25.767775,28,12
2026-02-12 10:55:26.318576,7,23
2026-02-12 10:55:26.875029,72,29
2026-02-12 10:55:27.427349,16,47
2026-02-12 10:55:27.982605,14,31
2026-02-12 10:55:28.535735,27,34
2026-02-12 10:55:29.090975,85,10
2026-02-12 10:55:29.642544,7,11
2026-02-12 10:55:30.219826,65,44
2026-02-12 10:55:30.771761,70,7
2026-02-12 10:55:31.325189,87,16
2026-02-12 10:55:31.897737,36,17
2026-02-12 10:55:32.476264,91,21
2026-02-12 10:55:33.028281,44,27
2026-02-12 10:55:33.582492,31,21
2026-02-12 10:55:34.133234,13,12
2026-02-12 10:55:34.687117,73,11
2026-02-12 10:55:35.238195,41,8
2026-02-12 10:55:35.793348,19,19
2026-02-12 10:55:36.346075,28,12
2026-02-12 10:55:36.900632,56,31
2026-02-12 10:55:37.452666,81,35
2026-02-12 10:55:38.005290,80,37
2026-02-12 10:55:38.557664,57,23
2026-02-12 10:55:39.111068,55,22
2026-02-12 10:55:39.662380,14,25
2026-02-12 10:55:40.216781,24,10
2026-02-12 10:55:40.768057,77,10
2026-02-12 10:55:41.325280,31,42
2026-02-12 10:55:41.878934,99,28
2026-02-12 10:55:42.432545,90,34
2026-02-12 10:55:42.984844,23,9
2026-02-12 10:55:43.539715,76,31
2026-02-12 10:55:44.094234,61,11
2026-02-12 10:55:44.648434,16,37
2026-02-12 10:55:45.200377,61,48
2026-02-12 10:55:45.754908,79,17
2026-02-12 10:55:46.306370,91,2
2026-02-12 10:55:46.891871,80,47
2026-02-12 10:55:47.444065,23,42
2026-02-12 10:55:47.997533,81,23
2026-02-12 10:55:48.550070,34,0
2026-02-12 10:55:49.104256,45,36
2026-02-12 10:55:49.657860,12,30
2026-02-12 10:55:50.212433,10,16
2026-02-12 10:55:50.763439,28,4
2026-02-12 10:55:51.317507,30,23
2026-02-12 10:55:51.872933,87,14
2026-02-12 10:55:52.428804,19,34
2026-02-12 10:55:52.981102,75,4
2026-02-12 10:55:53.535399,74,45
2026-02-12 10:55:54.087078,83,43
2026-02-12 10:55:54.641789,88,18
2026-02-12 10:55:55.193291,59,18
2026-02-12 10:55:55.755138,73,32
2026-02-12 10:55:56.306587,27,10
2026-02-12 10:55:56.860918,96,7
2026-02-12 10:55:57.415971,19,12
2026-02-12 10:55:57.970799,24,41
2026-02-12 10:55:58.525738,72,47
2026-02-12 10:55:59.079920,48,13
2026-02-12 10:55:59.631829,85,21
2026-02-12 10:56:00.185072,76,42
2026-02-12 10:56:00.736254,62,22
2026-02-12 10:56:01.292409,39,48
2026-02-12 10:56:01.844023,64,35
2026-02-12 10:56:02.401570,66,36
2026-02-12 10:56:02.952546,44,12
2026-02-12 10:56:03.507887,15,17
2026-02-12 10:56:04.059605,30,30
2026-02-12 10:56:04.633609,55,19
2026-02-12 10:56:05.186367,20,41
2026-02-12 10:56:05.739880,18,23
2026-02-12 10:56:06.291020,93,47
2026-02-12 10:56:06.846321,86,50
2026-02-12 10:56:07.405700,50,0
2026-02-12 10:56:07.966637,45,42
2026-02-12 10:56:08.518602,7,46
2026-02-12 10:56:09.073020,59,40
2026-02-12 10:56:09.624765,89,50
2026-02-12 10:56:10.185099,54,19
2026-02-12 10:56:10.736350,24,8
2026-02-12 10:56:11.291391,76,2
2026-02-12 10:56:11.843010,59,46
2026-02-12 10:56:12.398382,18,44
2026-02-12 10:56:12.952659,50,38
2026-02-12 10:56:13.507872,78,5
2026-02-12 10:56:14.061749,44,14
2026-02-12 10:56:14.615964,41,32
2026-02-12 10:56:15.169056,73,3
2026-02-12 10:56:15.722916,17,18
2026-02-12 10:56:16.274208,56,49
2026-02-12 10:56:16.829480,63,38
2026-02-12 10:56:17.381708,73,25
2026-02-12 10:56:17.935011,35,31
2026-02-12 10:56:18.487144,54,22
2026-02-12 10:56:19.041230,7,45
2026-02-12 10:56:19.593127,88,46
2026-02-12 10:56:20.148600,100,49
2026-02-12 10:56:20.700253,100,0
2026-02-12 10:56:21.253195,35,37
2026-02-12 10:56:21.807378,67,32
2026-02-12 10:56:22.365855,77,5
2026-02-12 10:56:22.918940,11,31
2026-02-12 10:56:23.472554,1,36
2026-02-12 10:56:24.024467,20,32
2026-02-12 10:56:24.579108,59,31
2026-02-12 10:56:25.133862,51,8
2026-02-12 10:56:25.689271,61,48
2026-02-12 10:56:26.242163,73,22
2026-02-12 10:56:26.803442,69,49
2026-02-12 10:56:27.356810,51,28
2026-02-12 10:56:27.910946,25,1
2026-02-12 10:56:28.463714,12,16
2026-02-12 10:56:29.017808,60,48
2026-02-12 10:56:29.576135,29,5
2026-02-12 10:56:30.130263,67,36
2026-02-12 10:56:30.682452,39,27
2026-02-12 10:56:31.236647,82,49
2026-02-12 10:56:31.788973,91,12
2026-02-12 10:56:32.347958,83,11
2026-02-12 10:56:32.899494,49,13
2026-02-12 10:56:33.455049,5,22
2026-02-12 10:56:34.007929,70,45
2026-02-12 10:56:34.561808,61,50
2026-02-12 10:56:35.113375,47,21
2026-02-12 10:56:35.673508,53,5
2026-02-12 10:56:36.224894,85,38
2026-02-12 10:56:36.779591,69,45
2026-02-12 10:56:37.330812,22,27
2026-02-12 10:56:37.883726,34,23
2026-02-12 10:56:38.443812,72,44
2026-02-12 10:56:38.998409,72,14
2026-02-12 10:56:39.617019,9,47
2026-02-12 10:56:40.181598,40,16
2026-02-12 10:56:40.785945,96,10
2026-02-12 10:56:41.340985,40,44
2026-02-12 10:56:41.892900,1,44
2026-02-12 10:56:42.450869,11,41
2026-02-12 10:56:43.092246,87,18
2026-02-12 10:56:43.663769,81,49
2026-02-12 10:56:44.301330,8,21
2026-02-12 10:56:44.865299,27,33
2026-02-12 10:56:45.452973,22,28
2026-02-12 10:56:46.021015,5,41
2026-02-12 10:56:46.591234,23,9
2026-02-12 10:56:47.172792,32,7
2026-02-12 10:56:47.738783,3,49
2026-02-12 10:56:48.346542,7,34
2026-02-12 10:56:48.900084,84,0
2026-02-12 10:56:49.454919,70,8
2026-02-12 10:56:50.006121,44,28
2026-02-12 10:56:50.558969,71,20
2026-02-12 10:56:51.110635,19,2
2026-02-12 10:56:51.717794,51,30
2026-02-12 10:56:52.281606,45,30
2026-02-12 10:56:52.837778,54,40
2026-02-12 10:56:53.389762,50,0
2026-02-12 10:56:53.948413,67,36
2026-02-12 10:56:54.501296,86,6
2026-02-12 10:56:55.079752,8,4
2026-02-12 10:56:55.643753,90,20
2026-02-12 10:56:56.197673,54,19
2026-02-12 10:56:56.750162,39,16
2026-02-12 10:56:57.365749,100,7
2026-02-12 10:56:58.044279,36,36
2026-02-12 10:56:58.630109,55,48
2026-02-12 10:56:59.263850,87,31
2026-02-12 10:56:59.899506,58,23
2026-02-12 10:57:00.491216,84,12
2026-02-12 10:57:01.075540,54,27
2026-02-12 10:57:01.626839,19,34
2026-02-12 10:57:02.181641,34,13
2026-02-12 10:57:02.733326,5,47
2026-02-12 10:57:03.293999,0,3
2026-02-12 10:57:03.861734,29,26
2026-02-12 10:57:04.437442,41,2
2026-02-12 10:57:05.001220,83,49
2026-02-12 10:57:05.565848,4,25
2026-02-12 10:57:06.101744,22,11
2026-02-12 10:57:06.715648,74,45
2026-02-12 10:57:07.266898,63,2
2026-02-12 10:57:07.850714,81,30
2026-02-12 10:57:08.403728,57,5
2026-02-12 10:57:08.972066,91,5
2026-02-12 10:57:09.536989,55,19
2026-02-12 10:57:10.112222,48,10
2026-02-12 10:57:10.669703,78,17
2026-02-12 10:57:11.222448,93,47
2026-02-12 10:57:11.777068,62,31
2026-02-12 10:57:12.321356,28,45
2026-02-12 10:57:12.897234,11,9
2026-02-12 10:57:13.456439,50,49
2026-02-12 10:57:14.011189,87,47
2026-02-12 10:57:14.577281,82,19
2026-02-12 10:57:15.156593,40,42
2026-02-12 10:57:15.710579,77,40
2026-02-12 10:57:16.261603,72,10
2026-02-12 10:57:16.814215,75,21
2026-02-12 10:57:17.395806,22,26
2026-02-12 10:57:17.935465,42,8
2026-02-12 10:57:18.497170,25,2
2026-02-12 10:57:19.056257,40,13
2026-02-12 10:57:19.598232,80,2
2026-02-12 10:57:20.172321,28,5
2026-02-12 10:57:20.726506,42,6
2026-02-12 10:57:21.324255,23,20
2026-02-12 10:57:21.877293,50,49
2026-02-12 10:57:22.444653,48,34
2026-02-12 10:57:22.996301,46,44
2026-02-12 10:57:23.550615,29,33
2026-02-12 10:57:24.104960,41,32
2026-02-12 10:57:24.650414,7,31
2026-02-12 10:57:25.285929,6,2
2026-02-12 10:57:25.847347,0,16
2026-02-12 10:57:26.426459,21,14
2026-02-12 10:57:27.001584,74,5
2026-02-12 10:57:27.563573,32,0
2026-02-12 10:57:28.118726,47,44
2026-02-12 10:57:28.673837,70,3
2026-02-12 10:57:29.252989,7,9
2026-02-12 10:57:29.854202,23,18
2026-02-12 10:57:30.525417,68,45
2026-02-12 10:57:31.079141,58,49
2026-02-12 10:57:31.631119,45,25
2026-02-12 10:57:32.190455,24,26
2026-02-12 10:57:32.743291,3,7
2026-02-12 10:57:33.320130,44,47
2026-02-12 10:57:33.893529,24,21
2026-02-12 10:57:34.452840,81,16
2026-02-12 10:57:35.041689,47,41
2026-02-12 10:57:35.618851,61,46
2026-02-12 10:57:36.197431,41,6
2026-02-12 10:57:36.763936,8,34
2026-02-12 10:57:37.323531,65,13
2026-02-12 10:57:37.880653,70,1
2026-02-12 10:57:38.444506,45,11
2026-02-12 10:57:39.022847,19,28
2026-02-12 10:57:39.576658,76,43
2026-02-12 10:57:40.163948,21,31
2026-02-12 10:57:40.726284,87,20
2026-02-12 10:57:41.328070,92,19
2026-02-12 10:57:41.905935,41,0
2026-02-12 10:57:42.549159,48,29
2026-02-12 10:57:43.107216,37,20
2026-02-12 10:57:43.679507,97,50
2026-02-12 10:57:44.259801,15,35
2026-02-12 10:57:44.836658,19,19
2026-02-12 10:57:45.390840,42,30
2026-02-12 10:57:45.952505,17,47
2026-02-12 10:57:46.518687,82,41
2026-02-12 10:57:47.079057,79,22
2026-02-12 10:57:47.659396,33,37
2026-02-12 10:57:48.218828,83,2
2026-02-12 10:57:48.781444,73,48
2026-02-12 10:57:49.345331,100,30
2026-02-12 10:57:49.917153,54,9
2026-02-12 10:57:50.522362,5,47
2026-02-12 10:57:51.081509,95,9
2026-02-12 10:57:51.635107,9,16
2026-02-12 10:57:52.201933,88,35
2026-02-12 10:57:52.757515,15,16
2026-02-12 10:57:53.331314,65,15
2026-02-12 10:57:53.887933,41,18
2026-02-12 10:57:54.445584,0,15
2026-02-12 10:57:55.011241,29,49
2026-02-12 10:57:55.565587,17,39
2026-02-12 10:57:56.129596,77,1
2026-02-12 10:57:56.681738,73,29
2026-02-12 10:57:57.236230,88,32
2026-02-12 10:57:57.790264,29,30
2026-02-12 10:57:58.345132,89,3
2026-02-12 10:57:58.933922,21,5
2026-02-12 10:57:59.494594,44,18
2026-02-12 10:58:00.051567,22,21
2026-02-12 10:58:00.620838,59,31
2026-02-12 10:58:01.199764,70,1
2026-02-12 10:58:01.833239,4,48
2026-02-12 10:58:02.375771,12,26
2026-02-12 10:58:02.996860,100,2
2026-02-12 10:58:03.564844,3,17
2026-02-12 10:58:04.123042,17,36
2026-02-12 10:58:04.698191,76,11
2026-02-12 10:58:05.299120,17,15
2026-02-12 10:58:05.895367,17,42
2026-02-12 10:58:06.471181,22,25
2026-02-12 10:58:07.048019,48,22
2026-02-12 10:58:07.614601,47,8
2026-02-12 10:58:08.223158,80,17
2026-02-12 10:58:08.806112,49,38
2026-02-12 10:58:09.368825,46,21
2026-02-12 10:58:09.921485,49,28
2026-02-12 10:58:10.476874,81,45
2026-02-12 10:58:11.055505,73,20
2026-02-12 10:58:11.644009,90,43
2026-02-12 10:58:12.199961,34,0
2026-02-12 10:58:12.754570,14,18
2026-02-12 10:58:13.320152,41,3
2026-02-12 10:58:13.879928,92,14
2026-02-12 10:58:14.519475,48,36
2026-02-12 10:58:15.078928,2,1
2026-02-12 10:58:15.672529,35,17
2026-02-12 10:58:16.232083,71,47
2026-02-12 10:58:16.826840,78,14
2026-02-12 10:58:17.394218,32,5
2026-02-12 10:58:17.957127,84,11
2026-02-12 10:58:18.568383,59,38
2026-02-12 10:58:19.244084,39,28
2026-02-12 10:58:19.829431,39,2
2026-02-12 10:58:20.399560,37,39
2026-02-12 10:58:20.970155,49,30
2026-02-12 10:58:21.523322,27,46
2026-02-12 10:58:22.080505,40,42
2026-02-12 10:58:22.632484,7,8
2026-02-12 10:58:23.190702,43,19
2026-02-12 10:58:23.781981,95,17
2026-02-12 10:58:24.352258,17,3
2026-02-12 10:58:24.905586,80,11
2026-02-12 10:58:25.496617,69,23
2026-02-12 10:58:26.057909,56,7
2026-02-12 10:58:26.617784,83,37
2026-02-12 10:58:27.176312,46,47
2026-02-12 10:58:27.741580,38,32
2026-02-12 10:58:28.327713,59,11
2026-02-12 10:58:28.890862,96,20
2026-02-12 10:58:29.446650,26,13
2026-02-12 10:58:30.003243,4,50
2026-02-12 10:58:30.567306,37,47
2026-02-12 10:58:31.134958,76,1
2026-02-12 10:58:31.715643,45,48
2026-02-12 10:58:32.311065,28,14
2026-02-12 10:58:32.863769,94,26
2026-02-12 10:58:33.419780,14,6
2026-02-12 10:58:33.976266,75,20
2026-02-12 10:58:34.536244,45,39
2026-02-12 10:58:35.102488,35,6
2026-02-12 10:58:35.685583,13,0
2026-02-12 10:58:36.244651,21,22
2026-02-12 10:58:36.801483,93,26
2026-02-12 10:58:37.355005,54,36
2026-02-12 10:58:37.921588,66,9
2026-02-12 10:58:38.481591,63,38
2026-02-12 10:58:39.038751,86,42
2026-02-12 10:58:39.598941,12,9
2026-02-12 10:58:40.165675,14,26
2026-02-12 10:58:40.733766,55,36
2026-02-12 10:58:41.292739,20,36
2026-02-12 10:58:41.849301,93,48
2026-02-12 10:58:42.404734,90,35
2026-02-12 10:58:42.961929,96,23
2026-02-12 10:58:43.530125,60,32
2026-02-12 10:58:44.089556,64,11
2026-02-12 10:58:44.657799,87,40
2026-02-12 10:58:45.223072,26,22
2026-02-12 10:58:45.781919,34,24
2026-02-12 10:58:46.334729,15,9
2026-02-12 10:58:46.890409,82,13
2026-02-12 10:58:47.447421,15,45
2026-02-12 10:58:48.017656,62,3
2026-02-12 10:58:48.584175,12,16
2026-02-12 10:58:49.156844,6,48
2026-02-12 10:58:49.717362,47,45
2026-02-12 10:58:50.273037,80,1
2026-02-12 10:58:50.831493,39,26
2026-02-12 10:58:51.416138,24,47
2026-02-12 10:58:51.992293,45,8
2026-02-12 10:58:52.560771,43,38
2026-02-12 10:58:53.122416,57,7
2026-02-12 10:58:53.689631,82,29
2026-02-12 10:58:54.254824,16,8
2026-02-12 10:58:54.815538,85,49
2026-02-12 10:58:55.377040,77,19
2026-02-12 10:58:55.932957,71,34
2026-02-12 10:58:56.509096,22,33
2026-02-12 10:58:57.067472,12,9
2026-02-12 10:58:57.641343,54,4
2026-02-12 10:58:58.198632,70,16
2026-02-12 10:58:58.751280,58,26
2026-02-12 10:58:59.307461,46,8
2026-02-12 10:58:59.861757,22,49
2026-02-12 10:59:00.465990,50,22
2026-02-12 10:59:01.039282,36,30
2026-02-12 10:59:01.596099,90,7
2026-02-12 10:59:02.150891,14,41
2026-02-12 10:59:02.736550,5,28
2026-02-12 10:59:03.300341,52,46
2026-02-12 10:59:03.871005,47,37
2026-02-12 10:59:04.445446,36,11
2026-02-12 10:59:05.043818,89,16
2026-02-12 10:59:05.604767,78,38
2026-02-12 10:59:06.259017,25,22
2026-02-12 10:59:06.811723,32,19
2026-02-12 10:59:07.386564,79,33
2026-02-12 10:59:07.961935,92,42
2026-02-12 10:59:08.524878,60,5
2026-02-12 10:59:09.110481,56,12
2026-02-12 10:59:09.681879,25,1
2026-02-12 10:59:10.267469,50,2
2026-02-12 10:59:10.834672,7,8
2026-02-12 10:59:11.413853,90,7
2026-02-12 10:59:11.983611,95,44
2026-02-12 10:59:12.586361,46,12
2026-02-12 10:59:13.165035,84,21
2026-02-12 10:59:13.727351,52,30
2026-02-12 10:59:14.286160,63,12
2026-02-12 10:59:14.838902,46,45
2026-02-12 10:59:15.458298,87,10
2026-02-12 10:59:16.172807,28,18
2026-02-12 10:59:17.085532,58,15
2026-02-12 10:59:17.661084,36,2
2026-02-12 10:59:18.234905,79,15
2026-02-12 10:59:18.794388,52,32
2026-02-12 10:59:19.363924,36,9
2026-02-12 10:59:19.953525,27,34
2026-02-12 10:59:20.521370,42,5
2026-02-12 10:59:21.081013,67,30
2026-02-12 10:59:21.642244,18,21
2026-02-12 10:59:22.196832,48,29
2026-02-12 10:59:22.764207,14,49
2026-02-12 10:59:23.318566,31,39
2026-02-12 10:59:23.878084,67,36
2026-02-12 10:59:24.439297,5,7
2026-02-12 10:59:24.997982,50,47
2026-02-12 10:59:25.557612,14,12
2026-02-12 10:59:26.114388,18,39
2026-02-12 10:59:26.667731,33,4
2026-02-12 10:59:27.247333,57,41
2026-02-12 10:59:27.803700,100,21
2026-02-12 10:59:28.359109,44,42
2026-02-12 10:59:28.950588,79,47
2026-02-12 10:59:29.510121,88,20
2026-02-12 10:59:30.066168,28,12
2026-02-12 10:59:30.627871,21,15
2026-02-12 10:59:31.191274,47,19
2026-02-12 10:59:31.762078,40,12
2026-02-12 10:59:32.323835,94,31
2026-02-12 10:59:32.883684,36,43
2026-02-12 10:59:33.475348,4,14
2026-02-12 10:59:34.031318,71,40
2026-02-12 10:59:34.608110,39,47
2026-02-12 10:59:35.167211,21,13
2026-02-12 10:59:35.745904,100,12
2026-02-12 10:59:36.303015,63,22
2026-02-12 10:59:36.870490,69,8
2026-02-12 10:59:37.469610,65,2
2026-02-12 10:59:38.036867,27,28
2026-02-12 10:59:38.625833,84,47
2026-02-12 10:59:39.181385,4,44
2026-02-12 10:59:39.760437,55,24
2026-02-12 10:59:40.332114,21,3
2026-02-12 10:59:40.912279,18,20
2026-02-12 10:59:41.553277,68,5
2026-02-12 10:59:42.133628,93,37
2026-02-12 10:59:42.708541,93,38
2026-02-12 10:59:43.262567,46,22
2026-02-12 10:59:43.818490,45,2
2026-02-12 10:59:44.377190,98,20
2026-02-12 10:59:44.934602,55,24
2026-02-12 10:59:45.489995,4,5
2026-02-12 10:59:46.065214,4,43
2026-02-12 10:59:46.640496,47,46
2026-02-12 10:59:47.195337,80,37
2026-02-12 10:59:47.820278,32,12
2026-02-12 10:59:48.466134,79,2
2026-02-12 10:59:49.067843,30,45
2026-02-12 10:59:49.640360,62,39
2026-02-12 10:59:50.198039,43,18
2026-02-12 10:59:50.799256,24,14
2026-02-12 10:59:51.399192,67,32
2026-02-12 10:59:52.000060,83,28
2026-02-12 10:59:52.583815,60,20
2026-02-12 10:59:53.181478,15,45
2026-02-12 10:59:53.776710,6,37
2026-02-12 10:59:54.408466,70,35
2026-02-12 10:59:55.074050,49,35
2026-02-12 10:59:55.642973,46,45
2026-02-12 10:59:56.236690,30,27
2026-02-12 10:59:56.809197,68,44
2026-02-12 10:59:57.378033,31,19
2026-02-12 10:59:57.953103,9,41
2026-02-12 10:59:58.511158,73,6
2026-02-12 10:59:59.070515,50,8
2026-02-12 10:59:59.623748,85,36
2026-02-12 11:00:00.180219,45,20
2026-02-12 11:00:00.727228,32,49
2026-02-12 11:00:01.314812,90,43
2026-02-12 11:00:01.881644,54,36
2026-02-12 11:00:02.438602,10,18
2026-02-12 11:00:02.992116,37,40
2026-02-12 11:00:03.571998,85,12
2026-02-12 11:00:04.125018,31,46
2026-02-12 11:00:04.789346,27,30
2026-02-12 11:00:05.343403,23,13
2026-02-12 11:00:05.942142,90,50
2026-02-12 11:00:06.506426,64,28
2026-02-12 11:00:07.110644,67,35
2026-02-12 11:00:07.683430,26,46
2026-02-12 11:00:08.254458,14,5
2026-02-12 11:00:08.841416,70,47
2026-02-12 11:00:09.454587,97,29
2026-02-12 11:00:10.055531,30,50
2026-02-12 11:00:10.620367,66,23
2026-02-12 11:00:11.218848,80,23
2026-02-12 11:00:11.798299,36,25
2026-02-12 11:00:12.351707,97,26
2026-02-12 11:00:12.925263,12,43
2026-02-12 11:00:13.481356,17,20
2026-02-12 11:00:14.045167,14,50
2026-02-12 11:00:14.669658,17,19
2026-02-12 11:00:15.226616,51,36
2026-02-12 11:00:15.782203,89,48
2026-02-12 11:00:16.339108,63,14
2026-02-12 11:00:16.895026,23,33
2026-02-12 11:00:17.475215,79,32
2026-02-12 11:00:18.031712,70,39
2026-02-12 11:00:18.594486,87,3
2026-02-12 11:00:19.149290,30,37
2026-02-12 11:00:19.736341,76,35
2026-02-12 11:00:20.290734,95,7
2026-02-12 11:00:20.855340,38,30
2026-02-12 11:00:21.421686,77,32
2026-02-12 11:00:21.985092,88,31
2026-02-12 11:00:22.563301,11,9
2026-02-12 11:00:23.120493,56,49
2026-02-12 11:00:23.696241,85,27
2026-02-12 11:00:24.260365,84,46
2026-02-12 11:00:24.813561,16,10
2026-02-12 11:00:25.369142,27,33
2026-02-12 11:00:25.977641,53,13
2026-02-12 11:00:26.553198,5,26
2026-02-12 11:00:27.126654,27,9
2026-02-12 11:00:27.719387,64,8
2026-02-12 11:00:28.301497,70,20
2026-02-12 11:00:28.876934,66,8
2026-02-12 11:00:29.453637,49,29
2026-02-12 11:00:30.019709,31,38
2026-02-12 11:00:30.594538,96,12
2026-02-12 11:00:31.138031,18,20
2026-02-12 11:00:31.698626,6,44
2026-02-12 11:00:32.267460,26,34
2026-02-12 11:00:32.852333,21,19
2026-02-12 11:00:33.433799,88,33
2026-02-12 11:00:34.002603,75,29
2026-02-12 11:00:34.553116,99,16
2026-02-12 11:00:35.122649,30,11
2026-02-12 11:00:35.686033,35,45
2026-02-12 11:00:36.241291,82,40
2026-02-12 11:00:36.810160,15,35
2026-02-12 11:00:37.376233,61,15
2026-02-12 11:00:37.937115,32,37
2026-02-12 11:00:38.499245,30,12
2026-02-12 11:00:39.068157,66,17
2026-02-12 11:00:39.633750,25,12
2026-02-12 11:00:40.196629,79,23
2026-02-12 11:00:40.763720,76,38
2026-02-12 11:00:41.325957,33,49
2026-02-12 11:00:41.888366,70,29
2026-02-12 11:00:42.448157,48,42
2026-02-12 11:00:43.004103,39,19
2026-02-12 11:00:43.569507,83,3
2026-02-12 11:00:44.123107,5,12
2026-02-12 11:00:44.732359,49,50
2026-02-12 11:00:45.298262,81,13
2026-02-12 11:00:45.854681,98,43
2026-02-12 11:00:46.412678,16,11
2026-02-12 11:00:47.007502,77,17
2026-02-12 11:00:47.567577,85,9
2026-02-12 11:00:48.140643,19,33
2026-02-12 11:00:48.694297,14,31
2026-02-12 11:00:49.270597,23,27
2026-02-12 11:00:49.834627,100,27
2026-02-12 11:00:50.393511,24,18
2026-02-12 11:00:50.954905,73,24
2026-02-12 11:00:51.557881,13,17
2026-02-12 11:00:52.110235,79,15
2026-02-12 11:00:52.681819,89,26
2026-02-12 11:00:53.248516,6,13
2026-02-12 11:00:53.814369,42,34
2026-02-12 11:00:54.377915,88,18
2026-02-12 11:00:54.967831,81,28
2026-02-12 11:00:55.526423,55,28
2026-02-12 11:00:56.094722,40,7
2026-02-12 11:00:56.656031,63,49
2026-02-12 11:00:57.223387,27,13
2026-02-12 11:00:57.770097,56,36
2026-02-12 11:00:58.320253,15,28
2026-02-12 11:00:58.885258,71,25
2026-02-12 11:00:59.449389,5,38
2026-02-12 11:01:00.008963,100,15
2026-02-12 11:01:00.595063,69,31
2026-02-12 11:01:01.153591,85,33
2026-02-12 11:01:01.709885,62,44
2026-02-12 11:01:02.272045,22,23
2026-02-12 11:01:02.828055,34,46
2026-02-12 11:01:03.380675,28,29
2026-02-12 11:01:03.934421,30,49
2026-02-12 11:01:04.500076,81,33
2026-02-12 11:01:05.057590,22,44
2026-02-12 11:01:05.627078,80,4
2026-02-12 11:01:06.168268,57,37
2026-02-12 11:01:06.722225,9,12
2026-02-12 11:01:07.285928,75,44
2026-02-12 11:01:07.840063,40,33
2026-02-12 11:01:08.397714,67,28
2026-02-12 11:01:09.005029,62,12
2026-02-12 11:01:09.574215,69,22
2026-02-12 11:01:10.132281,15,5
2026-02-12 11:01:10.688603,5,4
2026-02-12 11:01:11.258030,87,11
2026-02-12 11:01:11.844652,12,15
2026-02-12 11:01:12.461877,60,23
2026-02-12 11:01:13.050900,2,3
2026-02-12 11:01:13.607826,74,31
2026-02-12 11:01:14.168215,97,18
2026-02-12 11:01:14.753044,62,23
2026-02-12 11:01:15.334624,85,6
2026-02-12 11:01:15.969935,42,3
2026-02-12 11:01:16.533471,92,27
2026-02-12 11:01:17.099650,11,32
2026-02-12 11:01:17.656762,59,11
2026-02-12 11:01:18.234501,27,19
2026-02-12 11:01:18.831388,100,41
2026-02-12 11:01:19.428041,56,22
2026-02-12 11:01:19.991967,19,41
2026-02-12 11:01:20.552598,89,17
2026-02-12 11:01:21.110504,39,36
2026-02-12 11:01:21.665872,13,47
2026-02-12 11:01:22.226142,10,39
2026-02-12 11:01:22.795317,92,20
2026-02-12 11:01:23.359663,66,45
2026-02-12 11:01:23.914446,33,43
2026-02-12 11:01:24.490361,83,46
2026-02-12 11:01:25.057433,12,31
2026-02-12 11:01:25.617805,63,8
2026-02-12 11:01:26.175380,98,6
2026-02-12 11:01:26.749362,85,31
2026-02-12 11:01:27.315261,89,35
2026-02-12 11:01:27.874082,10,12
2026-02-12 11:01:28.452470,89,31
2026-02-12 11:01:29.019478,53,37
2026-02-12 11:01:29.575778,8,14
2026-02-12 11:01:30.137292,77,17
2026-02-12 11:01:30.693215,12,40
2026-02-12 11:01:31.283015,93,15
2026-02-12 11:01:31.839049,76,41
2026-02-12 11:01:32.394492,78,29
2026-02-12 11:01:32.953029,46,7
2026-02-12 11:01:33.509911,84,3
2026-02-12 11:01:34.144909,69,4
2026-02-12 11:01:34.732784,73,26
2026-02-12 11:01:35.360644,39,22
2026-02-12 11:01:35.923405,26,24
2026-02-12 11:01:36.529097,58,15
2026-02-12 11:01:37.094239,98,4
2026-02-12 11:01:37.660073,22,35
2026-02-12 11:01:38.281864,2,33
2026-02-12 11:01:38.831944,85,30
2026-02-12 11:01:39.406096,87,1
2026-02-12 11:01:39.995325,46,41
2026-02-12 11:01:40.570675,5,29
2026-02-12 11:01:41.151132,95,26
2026-02-12 11:01:41.727302,73,37
2026-02-12 11:01:42.303805,70,5
2026-02-12 11:01:42.881305,13,10
2026-02-12 11:01:43.472522,71,50
2026-02-12 11:01:44.060395,87,10
2026-02-12 11:01:44.626556,67,41
2026-02-12 11:01:45.217288,28,0
2026-02-12 11:01:45.788470,95,13
2026-02-12 11:01:46.362022,67,50
2026-02-12 11:01:46.954622,85,4
2026-02-12 11:01:47.531903,54,21
2026-02-12 11:01:48.110207,41,43
2026-02-12 11:01:48.705229,15,8
2026-02-12 11:01:49.297277,52,12
2026-02-12 11:01:49.879255,64,49
2026-02-12 11:01:50.453213,79,7
2026-02-12 11:01:51.041226,100,9
2026-02-12 11:01:51.641726,85,19
2026-02-12 11:01:52.220411,53,24
2026-02-12 11:01:52.809823,93,1
2026-02-12 11:01:53.379492,50,18
2026-02-12 11:01:53.943158,37,25
2026-02-12 11:01:54.547770,67,8
2026-02-12 11:01:55.145789,57,29
2026-02-12 11:01:55.776780,2,39
2026-02-12 11:01:56.358663,46,49
2026-02-12 11:01:56.949183,17,9
2026-02-12 11:01:57.514563,86,30
2026-02-12 11:01:58.090124,81,32
2026-02-12 11:01:58.645469,50,18
2026-02-12 11:01:59.206318,52,26
2026-02-12 11:01:59.773871,28,20
2026-02-12 11:02:00.342001,3,48
2026-02-12 11:02:00.952871,59,11
2026-02-12 11:02:01.556525,4,29
2026-02-12 11:02:02.187487,24,11
2026-02-12 11:02:02.779505,45,24
2026-02-12 11:02:03.355408,51,37
2026-02-12 11:02:03.924812,34,29
2026-02-12 11:02:04.508781,51,23
2026-02-12 11:02:05.071823,61,27
2026-02-12 11:02:05.659003,99,2
2026-02-12 11:02:06.260332,39,41
2026-02-12 11:02:06.849860,64,17
2026-02-12 11:02:07.421315,64,35
2026-02-12 11:02:07.988740,99,6
2026-02-12 11:02:08.543202,40,2
2026-02-12 11:02:09.109353,64,48
2026-02-12 11:02:09.684005,7,48
2026-02-12 11:02:10.241148,67,0
2026-02-12 11:02:10.800583,98,15
2026-02-12 11:02:11.358001,23,23
2026-02-12 11:02:11.917886,87,14
2026-02-12 11:02:12.509429,33,21
2026-02-12 11:02:13.076533,83,32
2026-02-12 11:02:13.639150,65,14
2026-02-12 11:02:14.207409,5,16
2026-02-12 11:02:14.765087,98,0
2026-02-12 11:02:15.320526,46,28
2026-02-12 11:02:15.877364,31,26
2026-02-12 11:02:16.431152,0,22
2026-02-12 11:02:16.980822,94,41
2026-02-12 11:02:17.554035,46,31
2026-02-12 11:02:18.131262,45,32
2026-02-12 11:02:18.685330,93,39
2026-02-12 11:02:19.285475,79,45
2026-02-12 11:02:19.841273,0,39
2026-02-12 11:02:20.399467,32,42
2026-02-12 11:02:21.004791,82,15
2026-02-12 11:02:21.708206,44,7
2026-02-12 11:02:22.254895,67,4
2026-02-12 11:02:22.840715,16,18
2026-02-12 11:02:23.424129,87,3
2026-02-12 11:02:23.983688,63,7
2026-02-12 11:02:24.540893,48,45
2026-02-12 11:02:25.122111,53,21
2026-02-12 11:02:25.686380,64,28
2026-02-12 11:02:26.252994,39,9
2026-02-12 11:02:26.809683,90,10
2026-02-12 11:02:27.386601,100,27
2026-02-12 11:02:27.944911,64,6
2026-02-12 11:02:28.522267,83,6
2026-02-12 11:02:29.104178,48,46
2026-02-12 11:02:29.694707,87,39
2026-02-12 11:02:30.270487,7,35
2026-02-12 11:02:30.857280,56,5
2026-02-12 11:02:31.417510,91,42
2026-02-12 11:02:31.976733,41,22
2026-02-12 11:02:32.563695,53,21
2026-02-12 11:02:33.129336,66,19
2026-02-12 11:02:33.749527,83,12
2026-02-12 11:02:34.311570,30,23
2026-02-12 11:02:34.890159,23,28
2026-02-12 11:02:35.496792,68,8
2026-02-12 11:02:36.081826,6,49
2026-02-12 11:02:36.661089,93,22
2026-02-12 11:02:37.252734,64,48
2026-02-12 11:02:37.837334,65,9
2026-02-12 11:02:38.406480,97,5
2026-02-12 11:02:39.015625,82,29
2026-02-12 11:02:39.594628,24,5
2026-02-12 11:02:40.157216,36,39
2026-02-12 11:02:40.754899,36,27
2026-02-12 11:02:41.352241,71,38
2026-02-12 11:02:41.943454,22,3
2026-02-12 11:02:42.552854,4,2
2026-02-12 11:02:43.129998,41,12
2026-02-12 11:02:43.709110,28,42
2026-02-12 11:02:44.258509,38,29
2026-02-12 11:02:44.825386,72,12
2026-02-12 11:02:45.400514,20,41
2026-02-12 11:02:45.982141,70,35
2026-02-12 11:02:46.562818,67,20
2026-02-12 11:02:47.145193,87,30
2026-02-12 11:02:47.698705,68,19
2026-02-12 11:02:48.280914,51,4
2026-02-12 11:02:48.849854,66,40
2026-02-12 11:02:49.430682,89,27
2026-02-12 11:02:50.030598,9,23
2026-02-12 11:02:50.598685,36,16
2026-02-12 11:02:51.193492,57,15
2026-02-12 11:02:51.781777,95,44
2026-02-12 11:02:52.373815,11,4
2026-02-12 11:02:52.965319,5,21
2026-02-12 11:02:53.530722,6,13
2026-02-12 11:02:54.108392,79,17
2026-02-12 11:02:54.697475,95,6
2026-02-12 11:02:55.327586,2,20
2026-02-12 11:02:55.910074,8,6
2026-02-12 11:02:56.504202,43,33
2026-02-12 11:02:57.099827,13,31
2026-02-12 11:02:57.706401,52,47
2026-02-12 11:02:58.304849,6,50
2026-02-12 11:02:58.860786,35,9
2026-02-12 11:02:59.418044,38,7
2026-02-12 11:02:59.972099,24,19
2026-02-12 11:03:00.538740,55,20
2026-02-12 11:03:01.092318,30,23
2026-02-12 11:03:01.650632,99,2
2026-02-12 11:03:02.205552,69,35
2026-02-12 11:03:02.770153,42,49
2026-02-12 11:03:03.346661,66,29
2026-02-12 11:03:03.906352,12,16
2026-02-12 11:03:04.463296,90,29
2026-02-12 11:03:05.021161,15,47
2026-02-12 11:03:05.615611,96,9
2026-02-12 11:03:06.220503,44,33
2026-02-12 11:03:06.774279,59,38
2026-02-12 11:03:07.350719,83,40
2026-02-12 11:03:07.942485,78,17
2026-02-12 11:03:08.505928,24,4
2026-02-12 11:03:09.061792,66,17
2026-02-12 11:03:09.626261,32,9
2026-02-12 11:03:10.193157,87,14
2026-02-12 11:03:10.750141,54,34
2026-02-12 11:03:11.305231,44,27
2026-02-12 11:03:11.862023,33,21
2026-02-12 11:03:12.421278,57,17
2026-02-12 11:03:12.987733,77,0
2026-02-12 11:03:13.546026,39,42
2026-02-12 11:03:14.134297,26,50
2026-02-12 11:03:14.707393,16,16
2026-02-12 11:03:15.266479,73,4
2026-02-12 11:03:15.824614,85,18
2026-02-12 11:03:16.387895,45,34
2026-02-12 11:03:17.018957,72,36
2026-02-12 11:03:17.607979,66,23
2026-02-12 11:03:18.182326,77,28
2026-02-12 11:03:18.742767,73,21
2026-02-12 11:03:19.300699,98,7
2026-02-12 11:03:19.866851,43,0
2026-02-12 11:03:20.425068,2,11
2026-02-12 11:03:20.986581,61,21
2026-02-12 11:03:21.566570,49,21
2026-02-12 11:03:22.141596,94,43
2026-02-12 11:03:22.697112,28,21
2026-02-12 11:03:23.258661,59,6
2026-02-12 11:03:23.817099,98,40
2026-02-12 11:03:24.375003,4,47
2026-02-12 11:03:24.955570,65,34
2026-02-12 11:03:25.530364,85,20
2026-02-12 11:03:26.101083,2,11
2026-02-12 11:03:26.668984,96,8
2026-02-12 11:03:27.235709,74,46
2026-02-12 11:03:27.811147,67,21
2026-02-12 11:03:28.374556,48,22
2026-02-12 11:03:28.946331,9,50
2026-02-12 11:03:29.513279,41,46
2026-02-12 11:03:30.088508,9,36
2026-02-12 11:03:30.660714,86,16
2026-02-12 11:03:31.246455,37,16
2026-02-12 11:03:31.828502,88,24
2026-02-12 11:03:32.398132,67,6
2026-02-12 11:03:32.962420,88,19
2026-02-12 11:03:33.523497,94,45
2026-02-12 11:03:34.095510,77,30
2026-02-12 11:03:34.696032,88,2
2026-02-12 11:03:35.250615,69,3
2026-02-12 11:03:35.816163,50,21
2026-02-12 11:03:36.382313,35,25
2026-02-12 11:03:36.948750,54,47
2026-02-12 11:03:37.518736,84,30
2026-02-12 11:03:38.084799,44,35
2026-02-12 11:03:38.651566,44,44
2026-02-12 11:03:39.204892,20,29
2026-02-12 11:03:39.762027,39,2
2026-02-12 11:03:40.318297,19,30
2026-02-12 11:03:40.862567,96,13
2026-02-12 11:03:41.432248,66,40
2026-02-12 11:03:41.989873,56,42
2026-02-12 11:03:42.546685,45,21
2026-02-12 11:03:43.105602,61,19
2026-02-12 11:03:43.683571,1,22
2026-02-12 11:03:44.240348,93,30
2026-02-12 11:03:44.795801,18,14
2026-02-12 11:03:45.355882,83,46
2026-02-12 11:03:45.912257,83,3
2026-02-12 11:03:46.470377,92,10
2026-02-12 11:03:47.049941,56,35
2026-02-12 11:03:47.611549,59,36
2026-02-12 11:03:48.193540,19,29
2026-02-12 11:03:48.751712,31,1
2026-02-12 11:03:49.309648,99,11
2026-02-12 11:03:49.868106,19,10
2026-02-12 11:03:50.463396,71,9
2026-02-12 11:03:51.020952,5,33
2026-02-12 11:03:51.628049,51,50
2026-02-12 11:03:52.230961,37,15
2026-02-12 11:03:52.815252,91,22
2026-02-12 11:03:53.416353,53,20
2026-02-12 11:03:53.987995,77,19
2026-02-12 11:03:54.596602,14,25
2026-02-12 11:03:55.162646,74,38
2026-02-12 11:03:55.722461,72,6
2026-02-12 11:03:56.277800,89,3
2026-02-12 11:03:56.835491,40,24
2026-02-12 11:03:57.390071,32,37
2026-02-12 11:03:57.966708,1,30
2026-02-12 11:03:58.560184,31,45
2026-02-12 11:03:59.116746,71,41
2026-02-12 11:03:59.672744,23,39
2026-02-12 11:04:00.229296,42,41
2026-02-12 11:04:00.793133,38,0
2026-02-12 11:04:01.360716,97,12
2026-02-12 11:04:01.915553,54,31
2026-02-12 11:04:02.474459,67,17
2026-02-12 11:04:03.030419,98,10
2026-02-12 11:04:03.589088,51,4
2026-02-12 11:04:04.145476,37,18
2026-02-12 11:04:04.701980,8,18
2026-02-12 11:04:05.328741,43,12
2026-02-12 11:04:05.896340,63,39
2026-02-12 11:04:06.472459,61,14
2026-02-12 11:04:07.032649,71,26
2026-02-12 11:04:07.588923,100,3
2026-02-12 11:04:08.149093,83,44
2026-02-12 11:04:08.706254,37,6
2026-02-12 11:04:09.276980,33,10
2026-02-12 11:04:09.838444,27,36
2026-02-12 11:04:10.405396,6,13
2026-02-12 11:04:10.964242,32,33
2026-02-12 11:04:11.521595,47,12
2026-02-12 11:04:12.077123,33,22
2026-02-12 11:04:12.635055,60,24
2026-02-12 11:04:13.190074,59,16
2026-02-12 11:04:13.750265,72,28
2026-02-12 11:04:14.305802,1,11
2026-02-12 11:04:14.892598,35,32
2026-02-12 11:04:15.458157,80,34
2026-02-12 11:04:16.024327,49,17
2026-02-12 11:04:16.584684,95,46
2026-02-12 11:04:17.128162,33,13
2026-02-12 11:04:17.685302,9,33
2026-02-12 11:04:18.241807,93,50
2026-02-12 11:04:18.791695,82,18
2026-02-12 11:04:19.351299,79,33
2026-02-12 11:04:19.906380,11,4
2026-02-12 11:04:20.466096,30,9
2026-02-12 11:04:21.021011,1,13
2026-02-12 11:04:21.578148,58,12
2026-02-12 11:04:22.158507,84,13
2026-02-12 11:04:22.719422,29,28
2026-02-12 11:04:23.276547,60,4
2026-02-12 11:04:23.833633,40,23
2026-02-12 11:04:24.388422,78,38
2026-02-12 11:04:24.945942,9,6
2026-02-12 11:04:25.502303,16,37
2026-02-12 11:04:26.058373,14,3
2026-02-12 11:04:26.615156,54,6
2026-02-12 11:04:27.180872,76,0
2026-02-12 11:04:27.750044,21,37
2026-02-12 11:04:28.326457,44,5
2026-02-12 11:04:28.881650,62,4
2026-02-12 11:04:29.444672,54,48
2026-02-12 11:04:30.010535,55,5
2026-02-12 11:04:30.577340,32,50
2026-02-12 11:04:31.132802,4,3
2026-02-12 11:04:31.716724,54,40
2026-02-12 11:04:32.273185,85,5
2026-02-12 11:04:32.851641,82,17
2026-02-12 11:04:33.411774,5,5
2026-02-12 11:04:33.966740,27,1
2026-02-12 11:04:34.524972,38,2
2026-02-12 11:04:35.087369,35,7
2026-02-12 11:04:35.645310,92,29
2026-02-12 11:04:36.234482,10,23
2026-02-12 11:04:36.806599,11,23
2026-02-12 11:04:37.374998,76,37
2026-02-12 11:04:37.932631,64,7
2026-02-12 11:04:38.488145,41,15
2026-02-12 11:04:39.064787,82,23
2026-02-12 11:04:39.623512,79,42
2026-02-12 11:04:40.194318,61,8
2026-02-12 11:04:40.750252,0,35
2026-02-12 11:04:41.333875,80,30
2026-02-12 11:04:41.893573,80,10
2026-02-12 11:04:42.467122,77,46
2026-02-12 11:04:43.104971,65,19
2026-02-12 11:04:43.669330,13,5
2026-02-12 11:04:44.235852,44,23
2026-02-12 11:04:44.793973,25,43
2026-02-12 11:04:45.340255,34,9
2026-02-12 11:04:45.922309,0,31
2026-02-12 11:04:46.477241,66,30
2026-02-12 11:04:47.044245,81,39
2026-02-12 11:04:47.591611,90,43
2026-02-12 11:04:48.188725,15,19
2026-02-12 11:04:48.763227,76,47
2026-02-12 11:04:49.338909,19,8
2026-02-12 11:04:49.907037,80,39
2026-02-12 11:04:50.482167,46,20
2026-02-12 11:04:51.053576,54,13
2026-02-12 11:04:51.614255,34,43
2026-02-12 11:04:52.183709,22,2
2026-02-12 11:04:52.764331,9,13
2026-02-12 11:04:53.331675,75,15
2026-02-12 11:04:53.897466,4,24
2026-02-12 11:04:54.462951,25,8
2026-02-12 11:04:55.032007,63,39
2026-02-12 11:04:55.600648,27,3
2026-02-12 11:04:56.176105,94,14
2026-02-12 11:04:56.738046,47,28
2026-02-12 11:04:57.283050,30,42
2026-02-12 11:04:57.853905,34,10
2026-02-12 11:04:58.401548,27,38
2026-02-12 11:04:59.020337,6,36
2026-02-12 11:04:59.597215,27,49
2026-02-12 11:05:00.178038,37,37
2026-02-12 11:05:00.789067,49,32
2026-02-12 11:05:01.374921,6,19
2026-02-12 11:05:01.930155,5,1
2026-02-12 11:05:02.499890,26,5
2026-02-12 11:05:03.092189,23,45
2026-02-12 11:05:03.657604,77,29
2026-02-12 11:05:04.226930,42,10
2026-02-12 11:05:04.798736,56,34
2026-02-12 11:05:05.369231,85,42
2026-02-12 11:05:05.934900,74,19
2026-02-12 11:05:06.499169,97,12
2026-02-12 11:05:07.075918,90,9
2026-02-12 11:05:07.651984,15,0
2026-02-12 11:05:08.210792,29,28
2026-02-12 11:05:08.772716,20,3
2026-02-12 11:05:09.329548,73,22
2026-02-12 11:05:09.912666,41,35
2026-02-12 11:05:10.476683,23,43
2026-02-12 11:05:11.037411,58,14
2026-02-12 11:05:11.609686,29,32
2026-02-12 11:05:12.168469,30,13
2026-02-12 11:05:12.723498,96,24
2026-02-12 11:05:13.299899,85,23
2026-02-12 11:05:13.859704,7,33
2026-02-12 11:05:14.430182,63,34
2026-02-12 11:05:14.987238,21,22
2026-02-12 11:05:15.560069,79,11
2026-02-12 11:05:16.121176,97,38
2026-02-12 11:05:16.682614,72,9
2026-02-12 11:05:17.248865,73,44
2026-02-12 11:05:17.807607,51,14
2026-02-12 11:05:18.364406,33,33
2026-02-12 11:05:18.936800,43,6
2026-02-12 11:05:19.498194,34,47
2026-02-12 11:05:20.041758,3,30
2026-02-12 11:05:20.645706,37,7
2026-02-12 11:05:21.238403,27,35
2026-02-12 11:05:21.807362,97,20
2026-02-12 11:05:22.377804,14,48
2026-02-12 11:05:22.945893,96,25
2026-02-12 11:05:23.532969,32,32
2026-02-12 11:05:24.103418,95,28
2026-02-12 11:05:24.679445,73,25
2026-02-12 11:05:25.234822,33,18
2026-02-12 11:05:25.789560,65,19
2026-02-12 11:05:26.350549,39,43
2026-02-12 11:05:26.924839,68,23
2026-02-12 11:05:27.502398,28,28
2026-02-12 11:05:28.076732,91,32
2026-02-12 11:05:28.635775,35,27
2026-02-12 11:05:29.209742,94,28
2026-02-12 11:05:29.784523,10,42
2026-02-12 11:05:30.349556,71,23
2026-02-12 11:05:30.925166,1,32
2026-02-12 11:05:31.493162,51,29
2026-02-12 11:05:32.076886,59,43
2026-02-12 11:05:32.641734,13,50
2026-02-12 11:05:33.202066,74,22
2026-02-12 11:05:33.765256,83,39
2026-02-12 11:05:34.332260,27,23
2026-02-12 11:05:34.899874,96,46
2026-02-12 11:05:35.465301,72,35
2026-02-12 11:05:36.025094,12,6
2026-02-12 11:05:36.589025,48,34
2026-02-12 11:05:37.170288,28,30
2026-02-12 11:05:37.733813,50,11
2026-02-12 11:05:38.292657,34,33
2026-02-12 11:05:38.852804,95,5
2026-02-12 11:05:39.413613,38,4
2026-02-12 11:05:39.971120,72,26
2026-02-12 11:05:40.541551,49,34
2026-02-12 11:05:41.097215,35,34
2026-02-12 11:05:41.663971,71,25
2026-02-12 11:05:42.217681,60,4
2026-02-12 11:05:42.776472,39,46
2026-02-12 11:05:43.332790,54,17
2026-02-12 11:05:43.893872,68,6
2026-02-12 11:05:44.450348,56,4
2026-02-12 11:05:45.009612,23,12
2026-02-12 11:05:45.565001,93,42
2026-02-12 11:05:46.129598,79,19
2026-02-12 11:05:46.686155,65,50
2026-02-12 11:05:47.257687,43,23
2026-02-12 11:05:47.813128,60,24
2026-02-12 11:05:48.371017,25,4
2026-02-12 11:05:49.024531,14,46
2026-02-12 11:05:49.583195,0,47
2026-02-12 11:05:50.139967,42,45
2026-02-12 11:05:50.698502,50,10
2026-02-12 11:05:51.256054,45,1
2026-02-12 11:05:51.815083,35,35
2026-02-12 11:05:52.371995,11,20
2026-02-12 11:05:52.929871,18,2
2026-02-12 11:05:53.486477,59,29
2026-02-12 11:05:54.045020,97,11
2026-02-12 11:05:54.601184,58,49
2026-02-12 11:05:55.159706,22,42
2026-02-12 11:05:55.719448,34,34
2026-02-12 11:05:56.277711,20,34
2026-02-12 11:05:56.833495,84,16
2026-02-12 11:05:57.392380,9,11
2026-02-12 11:05:57.949419,6,31
2026-02-12 11:05:58.521210,38,14
2026-02-12 11:05:59.077835,80,23
2026-02-12 11:05:59.637354,95,22
2026-02-12 11:06:00.200927,43,44
2026-02-12 11:06:00.758807,63,24
2026-02-12 11:06:01.325397,54,48
2026-02-12 11:06:01.883225,53,44
2026-02-12 11:06:02.457339,52,7
2026-02-12 11:06:02.999508,48,2
2026-02-12 11:06:03.578280,55,30
2026-02-12 11:06:04.146120,78,31
2026-02-12 11:06:04.709098,87,14
2026-02-12 11:06:05.279986,24,25
2026-02-12 11:06:05.886674,17,30
2026-02-12 11:06:06.457831,17,31
2026-02-12 11:06:07.038192,82,5
2026-02-12 11:06:07.599993,57,47
2026-02-12 11:06:08.168760,55,18
2026-02-12 11:06:08.729186,71,41
2026-02-12 11:06:09.277213,81,45
2026-02-12 11:06:09.845354,1,50
2026-02-12 11:06:10.429732,44,25
2026-02-12 11:06:11.003772,32,32
2026-02-12 11:06:11.554016,86,48
2026-02-12 11:06:12.123071,64,15
2026-02-12 11:06:12.680658,53,0
2026-02-12 11:06:13.247489,52,33
2026-02-12 11:06:13.806880,5,27
2026-02-12 11:06:14.353429,86,10
2026-02-12 11:06:14.923120,92,25
2026-02-12 11:06:15.499354,31,24
2026-02-12 11:06:16.111463,75,14
2026-02-12 11:06:16.665925,88,46
2026-02-12 11:06:17.249057,93,44
2026-02-12 11:06:17.814634,21,16
2026-02-12 11:06:18.391271,100,12
2026-02-12 11:06:18.969107,88,15
2026-02-12 11:06:19.534232,89,39
2026-02-12 11:06:20.115819,69,6
2026-02-12 11:06:20.683928,36,14
2026-02-12 11:06:21.278750,18,22
2026-02-12 11:06:21.845980,84,35
2026-02-12 11:06:22.418991,66,39
2026-02-12 11:06:22.983797,92,15
2026-02-12 11:06:23.544854,10,2
2026-02-12 11:06:24.102879,35,46
2026-02-12 11:06:24.662459,88,28
2026-02-12 11:06:25.219191,90,6
2026-02-12 11:06:25.826304,59,8
2026-02-12 11:06:26.384282,48,10
2026-02-12 11:06:26.943772,60,10
2026-02-12 11:06:27.502969,3,34
2026-02-12 11:06:28.085996,50,39
2026-02-12 11:06:28.729606,56,48
2026-02-12 11:06:29.338424,48,35
2026-02-12 11:06:29.955200,42,32
2026-02-12 11:06:30.545159,45,10
2026-02-12 11:06:31.149777,91,26
2026-02-12 11:06:31.713081,93,28
2026-02-12 11:06:32.279071,96,13
2026-02-12 11:06:32.840453,61,29
2026-02-12 11:06:33.402840,61,1
2026-02-12 11:06:33.969179,71,1
2026-02-12 11:06:34.530589,7,48
2026-02-12 11:06:35.086720,27,32
2026-02-12 11:06:35.645722,52,50
2026-02-12 11:06:36.200988,27,25
2026-02-12 11:06:36.759742,6,33
2026-02-12 11:06:37.316667,79,13
2026-02-12 11:06:37.875748,17,27
2026-02-12 11:06:38.435577,19,7
2026-02-12 11:06:39.017276,90,49
2026-02-12 11:06:39.576345,64,40
2026-02-12 11:06:40.134361,58,43
2026-02-12 11:06:40.692717,21,20
2026-02-12 11:06:41.251433,77,34
2026-02-12 11:06:41.834324,65,15
2026-02-12 11:06:42.404545,100,15
2026-02-12 11:06:42.968236,73,17
2026-02-12 11:06:43.531251,51,8
2026-02-12 11:06:44.087623,94,23
2026-02-12 11:06:44.653014,57,42
2026-02-12 11:06:45.210595,85,13
2026-02-12 11:06:45.805556,5,13
2026-02-12 11:06:46.377801,27,49
2026-02-12 11:06:46.958036,89,31
2026-02-12 11:06:47.515794,83,33
2026-02-12 11:06:48.074303,16,23
2026-02-12 11:06:48.629825,3,39
2026-02-12 11:06:49.199433,46,44
2026-02-12 11:06:49.756387,99,15
2026-02-12 11:06:50.328995,99,35
2026-02-12 11:06:50.912196,30,44
2026-02-12 11:06:51.472454,41,46
2026-02-12 11:06:52.019649,44,30
2026-02-12 11:06:52.571572,32,32
2026-02-12 11:06:53.146900,10,24
2026-02-12 11:06:53.716721,63,29
2026-02-12 11:06:54.298852,23,4
2026-02-12 11:06:54.875692,38,6
2026-02-12 11:06:55.435416,3,41
2026-02-12 11:06:55.980228,70,44
2026-02-12 11:06:56.558289,63,37
2026-02-12 11:06:57.127302,8,47
2026-02-12 11:06:57.728335,20,24
2026-02-12 11:06:58.380738,32,43
2026-02-12 11:06:58.939947,78,47
2026-02-12 11:06:59.560353,94,27
2026-02-12 11:07:00.129925,36,27
2026-02-12 11:07:00.699158,1,9
2026-02-12 11:07:01.297283,69,8
2026-02-12 11:07:01.841128,41,38
2026-02-12 11:07:02.409179,75,21
2026-02-12 11:07:02.975921,6,20
2026-02-12 11:07:03.545077,33,50
2026-02-12 11:07:04.106114,35,35
2026-02-12 11:07:04.664444,32,29
2026-02-12 11:07:05.233942,64,39
2026-02-12 11:07:05.785504,17,16
2026-02-12 11:07:06.333354,49,7
2026-02-12 11:07:06.893517,55,35
2026-02-12 11:07:07.464842,4,26
2026-02-12 11:07:08.025871,26,41
2026-02-12 11:07:08.580254,8,46
2026-02-12 11:07:09.165513,74,4
2026-02-12 11:07:09.734321,66,5
2026-02-12 11:07:10.297804,48,15
2026-02-12 11:07:10.890709,64,46
2026-02-12 11:07:11.447318,52,44
2026-02-12 11:07:12.006639,7,11
2026-02-12 11:07:12.562950,5,28
2026-02-12 11:07:13.125823,35,2
2026-02-12 11:07:13.682305,66,20
2026-02-12 11:07:14.241903,96,50
2026-02-12 11:07:14.797754,27,23
2026-02-12 11:07:15.357481,13,45
2026-02-12 11:07:15.915168,14,7
2026-02-12 11:07:16.474863,59,15
2026-02-12 11:07:17.032384,18,36
2026-02-12 11:07:17.608868,52,19
2026-02-12 11:07:18.270162,23,5
2026-02-12 11:07:18.832937,86,20
2026-02-12 11:07:19.396322,36,46
2026-02-12 11:07:19.955256,47,25
2026-02-12 11:07:20.513531,43,0
2026-02-12 11:07:21.070574,71,3
2026-02-12 11:07:21.632287,28,25
2026-02-12 11:07:22.198953,19,25
2026-02-12 11:07:22.759807,18,17
2026-02-12 11:07:23.315580,50,12
2026-02-12 11:07:23.959209,89,20
2026-02-12 11:07:24.556789,79,47
2026-02-12 11:07:25.115949,73,27
2026-02-12 11:07:25.673124,30,0
2026-02-12 11:07:26.232264,92,8
2026-02-12 11:07:26.792378,28,29
2026-02-12 11:07:27.352283,78,2
2026-02-12 11:07:27.930383,13,38
2026-02-12 11:07:28.490225,69,48
2026-02-12 11:07:29.047592,22,18
2026-02-12 11:07:29.606486,32,5
2026-02-12 11:07:30.174255,23,0
2026-02-12 11:07:30.741371,23,6
2026-02-12 11:07:31.299708,79,7
2026-02-12 11:07:31.858575,16,8
2026-02-12 11:07:32.541081,6,27
2026-02-12 11:07:33.099847,57,2
2026-02-12 11:07:33.704316,41,39
2026-02-12 11:07:34.262716,36,33
2026-02-12 11:07:34.877829,57,43
2026-02-12 11:07:35.534214,27,20
2026-02-12 11:07:36.090591,37,28
2026-02-12 11:07:36.653373,18,43
2026-02-12 11:07:37.264944,47,39
2026-02-12 11:07:37.824911,91,24
2026-02-12 11:07:38.382080,38,14
2026-02-12 11:07:38.944139,14,43
2026-02-12 11:07:39.505088,62,4
2026-02-12 11:07:40.098763,92,14
2026-02-12 11:07:40.660806,6,37
2026-02-12 11:07:41.221721,19,27
2026-02-12 11:07:41.780642,82,31
2026-02-12 11:07:42.341553,53,37
2026-02-12 11:07:42.902663,27,48
2026-02-12 11:07:43.482469,96,40
2026-02-12 11:07:44.068776,11,24
2026-02-12 11:07:44.626000,56,48
2026-02-12 11:07:45.185091,59,20
2026-02-12 11:07:45.745585,39,46
2026-02-12 11:07:46.409202,98,20
2026-02-12 11:07:46.968207,55,16
2026-02-12 11:07:47.529089,23,7
2026-02-12 11:07:48.086885,90,18
2026-02-12 11:07:48.645084,91,42
2026-02-12 11:07:49.201866,8,48
2026-02-12 11:07:49.762180,6,20
2026-02-12 11:07:50.318457,74,27
2026-02-12 11:07:50.879209,83,0
2026-02-12 11:07:51.439875,25,29
2026-02-12 11:07:51.998730,60,33
2026-02-12 11:07:52.556673,44,14
2026-02-12 11:07:53.115202,31,49
2026-02-12 11:07:53.671208,26,12
2026-02-12 11:07:54.230217,22,1
2026-02-12 11:07:54.786883,8,27
2026-02-12 11:07:55.365928,51,4
2026-02-12 11:07:55.925050,88,13
2026-02-12 11:07:56.512101,46,17
2026-02-12 11:07:57.068798,100,4
2026-02-12 11:07:57.633160,73,4
2026-02-12 11:07:58.191452,78,36
2026-02-12 11:07:58.756158,42,27
2026-02-12 11:07:59.336540,5,5
2026-02-12 11:07:59.895180,23,16
2026-02-12 11:08:00.452919,89,10
2026-02-12 11:08:01.014315,38,14
2026-02-12 11:08:01.571412,58,32
2026-02-12 11:08:02.154836,97,10
2026-02-12 11:08:02.711950,42,50
2026-02-12 11:08:03.283373,39,17
2026-02-12 11:08:03.864789,23,8
2026-02-12 11:08:04.446447,78,8
2026-02-12 11:08:05.020648,24,13
2026-02-12 11:08:05.596454,43,26
2026-02-12 11:08:06.164492,18,22
2026-02-12 11:08:06.734491,91,27
2026-02-12 11:08:07.296845,28,21
2026-02-12 11:08:07.856831,7,47
2026-02-12 11:08:08.429103,20,28
2026-02-12 11:08:09.015895,91,35
2026-02-12 11:08:09.577285,90,45
2026-02-12 11:08:10.138725,29,42
2026-02-12 11:08:10.697134,47,31
2026-02-12 11:08:11.278463,77,23
2026-02-12 11:08:11.864425,36,41
2026-02-12 11:08:12.424186,62,6
2026-02-12 11:08:12.984515,12,46
2026-02-12 11:08:13.563984,43,0
2026-02-12 11:08:14.124365,73,46
2026-02-12 11:08:14.697328,46,2
2026-02-12 11:08:15.266597,66,44
2026-02-12 11:08:15.843613,98,39
2026-02-12 11:08:16.404255,31,2
2026-02-12 11:08:16.944153,11,31
2026-02-12 11:08:17.514902,50,35
2026-02-12 11:08:18.099169,62,37
2026-02-12 11:08:18.681841,88,50
2026-02-12 11:08:19.249282,55,23
2026-02-12 11:08:19.825110,42,16
2026-02-12 11:08:20.391607,93,20
2026-02-12 11:08:20.956294,85,37
2026-02-12 11:08:21.537291,79,16
2026-02-12 11:08:22.095353,1,25
2026-02-12 11:08:22.698314,54,2
2026-02-12 11:08:23.236616,13,4
2026-02-12 11:08:23.764294,12,12
2026-02-12 11:08:24.315115,2,22
2026-02-12 11:08:24.884503,49,5
2026-02-12 11:08:25.456701,42,10
2026-02-12 11:08:26.018457,68,25
2026-02-12 11:08:26.588770,15,27
2026-02-12 11:08:27.151215,81,18
2026-02-12 11:08:27.717913,64,18
2026-02-12 11:08:28.304149,45,44
2026-02-12 11:08:28.868156,15,17
2026-02-12 11:08:29.449581,37,0
2026-02-12 11:08:30.015134,47,8
2026-02-12 11:08:30.565627,83,48
2026-02-12 11:08:31.138354,30,22
2026-02-12 11:08:31.696620,61,34
2026-02-12 11:08:32.257041,0,32
2026-02-12 11:08:32.813169,20,10
2026-02-12 11:08:33.417060,53,33
2026-02-12 11:08:33.978316,87,25
2026-02-12 11:08:34.558511,11,11
2026-02-12 11:08:35.126922,46,8
2026-02-12 11:08:35.691816,92,30
2026-02-12 11:08:36.270734,36,47
2026-02-12 11:08:36.831337,14,50
2026-02-12 11:08:37.388406,68,9
2026-02-12 11:08:37.948179,27,34
2026-02-12 11:08:38.506385,85,5
2026-02-12 11:08:39.067098,37,36
2026-02-12 11:08:39.655532,54,17
2026-02-12 11:08:40.219669,47,20
2026-02-12 11:08:40.806667,1,44
2026-02-12 11:08:41.372955,71,4
2026-02-12 11:08:41.932070,59,4
2026-02-12 11:08:42.502958,3,23
2026-02-12 11:08:43.107036,15,0
2026-02-12 11:08:43.666077,46,23
2026-02-12 11:08:44.226630,70,16
2026-02-12 11:08:44.800604,12,2
2026-02-12 11:08:45.428232,31,24
2026-02-12 11:08:46.002436,21,36
2026-02-12 11:08:46.563776,58,25
2026-02-12 11:08:47.123618,66,33
2026-02-12 11:08:47.682192,27,5
2026-02-12 11:08:48.242843,34,20
2026-02-12 11:08:48.800689,57,22
2026-02-12 11:08:49.359757,85,32
2026-02-12 11:08:49.921642,74,43
2026-02-12 11:08:50.487692,33,37
2026-02-12 11:08:51.044211,59,13
2026-02-12 11:08:51.611200,61,22
2026-02-12 11:08:52.183382,55,14
2026-02-12 11:08:52.758181,71,49
2026-02-12 11:08:53.317055,69,21
2026-02-12 11:08:53.877256,17,5
2026-02-12 11:08:54.436041,96,48
2026-02-12 11:08:55.003439,21,11
2026-02-12 11:08:55.563878,54,40
2026-02-12 11:08:56.124621,100,44
2026-02-12 11:08:56.671249,100,0
2026-02-12 11:08:57.238803,38,2
2026-02-12 11:08:57.803081,81,20
2026-02-12 11:08:58.367151,7,8
2026-02-12 11:08:58.926445,70,28
2026-02-12 11:08:59.497620,78,22
2026-02-12 11:09:00.054788,90,27
2026-02-12 11:09:00.615351,100,50
2026-02-12 11:09:01.176963,48,47
2026-02-12 11:09:01.736958,60,11
2026-02-12 11:09:02.296981,39,8
2026-02-12 11:09:02.858171,39,32
2026-02-12 11:09:03.415682,71,14
2026-02-12 11:09:03.979453,54,39
2026-02-12 11:09:04.537025,49,25
2026-02-12 11:09:05.096883,43,10
2026-02-12 11:09:05.654344,82,2
2026-02-12 11:09:06.218887,78,35
2026-02-12 11:09:06.775904,84,49
2026-02-12 11:09:07.345887,76,14
2026-02-12 11:09:07.905199,89,10
2026-02-12 11:09:08.469777,54,40
2026-02-12 11:09:09.028443,84,28
2026-02-12 11:09:09.588259,64,25
2026-02-12 11:09:10.150815,95,35
2026-02-12 11:09:10.704295,37,1
2026-02-12 11:09:11.300689,72,40
2026-02-12 11:09:11.879924,95,9
2026-02-12 11:09:12.454653,22,21
2026-02-12 11:09:13.029166,58,31
2026-02-12 11:09:13.611098,0,37
2026-02-12 11:09:14.171741,56,43
2026-02-12 11:09:14.732024,37,0
2026-02-12 11:09:15.313870,93,38
2026-02-12 11:09:15.877726,50,41
2026-02-12 11:09:16.455203,88,50
2026-02-12 11:09:17.012464,58,34
2026-02-12 11:09:17.620181,18,20
2026-02-12 11:09:18.182684,72,50
2026-02-12 11:09:18.749727,10,4
2026-02-12 11:09:19.305687,53,43
2026-02-12 11:09:19.896476,80,47
2026-02-12 11:09:20.461877,54,41
2026-02-12 11:09:21.030479,7,39
2026-02-12 11:09:21.598709,65,32
2026-02-12 11:09:22.176814,12,6
2026-02-12 11:09:22.775003,49,22
2026-02-12 11:09:23.324152,36,23
2026-02-12 11:09:23.916589,4,2
2026-02-12 11:09:24.497384,42,17
2026-02-12 11:09:25.059404,28,0
2026-02-12 11:09:25.647159,36,7
2026-02-12 11:09:26.229153,45,24
2026-02-12 11:09:26.789303,35,33
2026-02-12 11:09:27.348681,38,30
2026-02-12 11:09:27.909418,60,3
2026-02-12 11:09:28.470389,99,36
2026-02-12 11:09:29.031246,46,17
2026-02-12 11:09:29.588413,72,20
2026-02-12 11:09:30.149197,80,8
2026-02-12 11:09:30.706115,42,30
2026-02-12 11:09:31.274600,31,30
2026-02-12 11:09:31.834055,35,23
2026-02-12 11:09:32.395322,8,12
2026-02-12 11:09:32.952144,79,20
2026-02-12 11:09:33.519581,19,32
2026-02-12 11:09:34.076132,81,37
2026-02-12 11:09:34.635704,37,10
2026-02-12 11:09:35.196289,61,14
2026-02-12 11:09:35.756300,65,12
2026-02-12 11:09:36.314047,97,43
2026-02-12 11:09:36.873879,6,43
2026-02-12 11:09:37.439445,91,10
2026-02-12 11:09:38.000402,55,9
2026-02-12 11:09:38.557649,95,39
2026-02-12 11:09:39.117088,74,5
2026-02-12 11:09:39.674834,47,30
2026-02-12 11:09:40.236617,6,1
2026-02-12 11:09:40.794706,45,26
2026-02-12 11:09:41.392827,58,35
2026-02-12 11:09:41.950891,65,6
2026-02-12 11:09:42.552199,25,29
2026-02-12 11:09:43.109886,54,4
2026-02-12 11:09:43.671317,57,43
2026-02-12 11:09:44.229178,81,1
2026-02-12 11:09:44.792560,25,8
2026-02-12 11:09:45.378657,19,43
2026-02-12 11:09:45.940765,7,19
2026-02-12 11:09:46.568704,44,26
2026-02-12 11:09:47.213599,67,6
2026-02-12 11:09:47.789589,30,24
2026-02-12 11:09:48.348918,8,42
2026-02-12 11:09:48.907618,92,0
2026-02-12 11:09:49.470356,0,47
2026-02-12 11:09:50.029440,21,26
2026-02-12 11:09:50.667213,42,7
2026-02-12 11:09:51.246471,85,18
2026-02-12 11:09:51.854596,75,21
2026-02-12 11:09:52.412574,44,11
2026-02-12 11:09:52.972377,78,35
2026-02-12 11:09:53.564311,52,0
2026-02-12 11:09:54.125243,71,24
2026-02-12 11:09:54.725461,97,33
2026-02-12 11:09:55.297249,66,18
2026-02-12 11:09:55.854654,83,6
2026-02-12 11:09:56.414755,27,7
2026-02-12 11:09:56.977230,42,32
2026-02-12 11:09:57.540612,70,37
2026-02-12 11:09:58.120053,98,11
2026-02-12 11:09:58.679095,92,31
2026-02-12 11:09:59.243259,74,3
2026-02-12 11:09:59.804012,47,31
2026-02-12 11:10:00.363646,93,36
2026-02-12 11:10:00.941477,19,22
2026-02-12 11:10:01.500306,82,14
2026-02-12 11:10:02.064063,57,50
2026-02-12 11:10:02.622757,95,40
2026-02-12 11:10:03.203850,60,44
2026-02-12 11:10:03.765284,6,33
2026-02-12 11:10:04.348513,40,50
2026-02-12 11:10:04.911905,24,43
2026-02-12 11:10:05.472462,56,42
2026-02-12 11:10:06.030385,82,37
2026-02-12 11:10:06.596168,97,35
2026-02-12 11:10:07.156670,83,24
2026-02-12 11:10:07.718191,67,36
2026-02-12 11:10:08.277735,37,27
2026-02-12 11:10:08.840475,40,6
2026-02-12 11:10:09.415737,37,47
2026-02-12 11:10:09.978470,82,19
2026-02-12 11:10:10.535488,10,20
2026-02-12 11:10:11.099349,34,40
2026-02-12 11:10:11.703079,97,9
2026-02-12 11:10:12.278186,51,32
2026-02-12 11:10:12.846932,76,5
2026-02-12 11:10:13.408601,64,39
2026-02-12 11:10:13.981067,38,1
2026-02-12 11:10:14.542605,99,1
2026-02-12 11:10:15.123288,70,18
2026-02-12 11:10:15.719523,77,6
2026-02-12 11:10:16.291045,89,1
2026-02-12 11:10:16.858549,19,8
2026-02-12 11:10:17.416843,44,7
2026-02-12 11:10:17.983608,27,37
2026-02-12 11:10:18.550416,28,25
2026-02-12 11:10:19.112267,10,19
2026-02-12 11:10:19.681953,83,9
2026-02-12 11:10:20.235516,39,13
2026-02-12 11:10:20.805037,95,22
2026-02-12 11:10:21.387811,20,4
2026-02-12 11:10:21.957284,3,10
2026-02-12 11:10:22.511496,55,36
2026-02-12 11:10:23.069988,47,16
2026-02-12 11:10:23.630186,84,21
2026-02-12 11:10:24.212360,89,31
2026-02-12 11:10:24.757002,79,50
2026-02-12 11:10:25.330400,85,15
2026-02-12 11:10:25.891508,31,12
2026-02-12 11:10:26.441458,9,40
2026-02-12 11:10:27.012593,50,35
2026-02-12 11:10:27.556076,47,15
2026-02-12 11:10:28.113148,61,23
2026-02-12 11:10:28.672730,55,9
2026-02-12 11:10:29.230941,46,48
2026-02-12 11:10:29.794034,58,9
2026-02-12 11:10:30.358089,92,6
2026-02-12 11:10:30.918686,25,43
2026-02-12 11:10:31.475429,94,29
2026-02-12 11:10:32.039001,25,39
2026-02-12 11:10:32.612888,84,39
2026-02-12 11:10:33.178201,100,10
2026-02-12 11:10:33.736226,37,50
2026-02-12 11:10:34.298099,20,50
2026-02-12 11:10:34.902592,80,35
2026-02-12 11:10:35.476322,9,29
2026-02-12 11:10:36.037390,36,13
2026-02-12 11:10:36.644420,73,22
2026-02-12 11:10:37.206244,0,46
2026-02-12 11:10:37.783320,86,30
2026-02-12 11:10:38.357112,57,12
2026-02-12 11:10:38.934137,38,4
2026-02-12 11:10:39.490875,4,49
2026-02-12 11:10:40.075173,62,32
2026-02-12 11:10:40.648574,25,44
2026-02-12 11:10:41.209437,62,15
2026-02-12 11:10:41.767179,59,24
2026-02-12 11:10:42.328505,43,3
2026-02-12 11:10:42.888123,64,10
2026-02-12 11:10:43.497368,45,13
2026-02-12 11:10:44.055794,71,9
2026-02-12 11:10:44.619539,100,20
2026-02-12 11:10:45.178632,76,20
2026-02-12 11:10:45.741651,35,12
2026-02-12 11:10:46.298887,7,48
2026-02-12 11:10:46.860832,2,5
2026-02-12 11:10:47.418266,56,9
2026-02-12 11:10:47.979932,79,10
2026-02-12 11:10:48.548055,59,42
2026-02-12 11:10:49.107271,51,38
2026-02-12 11:10:49.665226,95,6
2026-02-12 11:10:50.226722,92,31
2026-02-12 11:10:50.785020,41,35
2026-02-12 11:10:51.350950,84,24
2026-02-12 11:10:51.908969,38,24
2026-02-12 11:10:52.469927,51,12
2026-02-12 11:10:53.027444,8,3
2026-02-12 11:10:53.587819,19,1
2026-02-12 11:10:54.151084,63,11
2026-02-12 11:10:54.711073,64,11
2026-02-12 11:10:55.271540,74,12
2026-02-12 11:10:55.831389,52,23
2026-02-12 11:10:56.391611,2,4
2026-02-12 11:10:56.953809,3,36
2026-02-12 11:10:57.511902,14,48
2026-02-12 11:10:58.101924,84,35
2026-02-12 11:10:58.659137,52,37
2026-02-12 11:10:59.218855,90,31
2026-02-12 11:10:59.777330,7,5
2026-02-12 11:11:00.337350,94,22
2026-02-12 11:11:00.895703,4,15
2026-02-12 11:11:01.456688,7,7
2026-02-12 11:11:02.015692,51,11
2026-02-12 11:11:02.574640,29,14
2026-02-12 11:11:03.131841,31,24
2026-02-12 11:11:03.693801,86,30
2026-02-12 11:11:04.252327,39,31
2026-02-12 11:11:04.812301,10,23
2026-02-12 11:11:05.370047,44,49
2026-02-12 11:11:05.930194,21,15
2026-02-12 11:11:06.490074,0,35
2026-02-12 11:11:07.055885,90,46
2026-02-12 11:11:07.637067,57,16
2026-02-12 11:11:08.196644,22,45
2026-02-12 11:11:08.764677,8,49
2026-02-12 11:11:09.326950,87,16
2026-02-12 11:11:09.885300,14,7
2026-02-12 11:11:10.446026,74,9
2026-02-12 11:11:11.008271,4,12
2026-02-12 11:11:11.576638,70,45
2026-02-12 11:11:12.156405,2,30
2026-02-12 11:11:12.728513,6,46
2026-02-12 11:11:13.287930,86,50
2026-02-12 11:11:13.847709,51,1
2026-02-12 11:11:14.408473,19,20
2026-02-12 11:11:14.969901,63,46
2026-02-12 11:11:15.572084,44,26
2026-02-12 11:11:16.132788,86,18
2026-02-12 11:11:16.695976,77,36
2026-02-12 11:11:17.256979,55,30
2026-02-12 11:11:17.794573,58,46
2026-02-12 11:11:18.372297,24,4
2026-02-12 11:11:18.941780,27,30
2026-02-12 11:11:19.508746,58,29
2026-02-12 11:11:20.067425,49,34
2026-02-12 11:11:20.637420,29,9
2026-02-12 11:11:21.226528,84,11
2026-02-12 11:11:21.833742,45,50
2026-02-12 11:11:22.404308,87,39
2026-02-12 11:11:22.980592,27,14
2026-02-12 11:11:23.554666,1,25
2026-02-12 11:11:24.136433,28,6
2026-02-12 11:11:24.720764,36,15
2026-02-12 11:11:25.331666,19,31
2026-02-12 11:11:25.904088,62,15
2026-02-12 11:11:26.477912,70,21
2026-02-12 11:11:27.048172,21,47
2026-02-12 11:11:27.629993,93,30
2026-02-12 11:11:28.222779,75,45
2026-02-12 11:11:28.807240,49,47
2026-02-12 11:11:29.432490,27,0
2026-02-12 11:11:30.011513,69,27
2026-02-12 11:11:30.591084,75,5
2026-02-12 11:11:31.152578,79,15
2026-02-12 11:11:31.711358,40,32
2026-02-12 11:11:32.299792,93,22
2026-02-12 11:11:32.902805,48,30
2026-02-12 11:11:33.504568,41,22
2026-02-12 11:11:34.111744,16,9
2026-02-12 11:11:34.699390,47,25
2026-02-12 11:11:35.280441,53,1
2026-02-12 11:11:35.867375,26,21
2026-02-12 11:11:36.437423,18,29
2026-02-12 11:11:37.060935,49,25
2026-02-12 11:11:37.666563,14,39
2026-02-12 11:11:38.237670,70,26
2026-02-12 11:11:38.813752,98,47
2026-02-12 11:11:39.396225,0,31
2026-02-12 11:11:39.963310,87,11
2026-02-12 11:11:40.548730,92,45
2026-02-12 11:11:41.110509,5,37
2026-02-12 11:11:41.663908,10,4
2026-02-12 11:11:42.208633,73,4
2026-02-12 11:11:42.763564,82,44
2026-02-12 11:11:43.334899,72,30
2026-02-12 11:11:43.898873,21,38
2026-02-12 11:11:44.471946,44,16
2026-02-12 11:11:45.034245,47,36
2026-02-12 11:11:45.604945,86,8
2026-02-12 11:11:46.171889,79,8
2026-02-12 11:11:46.743506,79,27
2026-02-12 11:11:47.310899,17,27
2026-02-12 11:11:47.858858,8,31
2026-02-12 11:11:48.442750,82,10
2026-02-12 11:11:49.000027,98,37
2026-02-12 11:11:49.570547,51,23
2026-02-12 11:11:50.142299,36,19
2026-02-12 11:11:50.692888,22,7
2026-02-12 11:11:51.248293,33,22
2026-02-12 11:11:51.859951,83,0
2026-02-12 11:11:52.478476,11,1
2026-02-12 11:11:53.046333,83,16
2026-02-12 11:11:53.618526,64,30
2026-02-12 11:11:54.158250,33,8
2026-02-12 11:11:54.734251,46,11
2026-02-12 11:11:55.347777,82,8
2026-02-12 11:11:55.952917,50,0
2026-02-12 11:11:56.514251,100,3
2026-02-12 11:11:57.079135,36,27
2026-02-12 11:11:57.637251,6,8
2026-02-12 11:11:58.200625,4,18
2026-02-12 11:11:58.762236,14,12
2026-02-12 11:11:59.363695,72,33
2026-02-12 11:11:59.922834,0,40
2026-02-12 11:12:00.483500,40,48
2026-02-12 11:12:01.044985,90,43
2026-02-12 11:12:01.607146,12,30
2026-02-12 11:12:02.211174,85,25
2026-02-12 11:12:02.791267,84,7
2026-02-12 11:12:03.350415,61,4
2026-02-12 11:12:03.911288,93,48
2026-02-12 11:12:04.470229,35,42
2026-02-12 11:12:05.107640,60,27
2026-02-12 11:12:05.669921,6,47
2026-02-12 11:12:06.269723,42,15
2026-02-12 11:12:06.844786,35,21
2026-02-12 11:12:07.447243,60,8
2026-02-12 11:12:08.047573,11,48
2026-02-12 11:12:08.651478,92,2
2026-02-12 11:12:09.278026,55,11
2026-02-12 11:12:09.889172,24,47
2026-02-12 11:12:10.465672,26,46
2026-02-12 11:12:11.032401,91,34
2026-02-12 11:12:11.590746,77,7
2026-02-12 11:12:12.156159,60,46
2026-02-12 11:12:12.722387,14,32
2026-02-12 11:12:13.285400,8,44
2026-02-12 11:12:13.877274,36,26
2026-02-12 11:12:14.462652,70,47
2026-02-12 11:12:15.022675,87,16
2026-02-12 11:12:15.596718,13,1
2026-02-12 11:12:16.181316,32,49
2026-02-12 11:12:16.796804,36,48
2026-02-12 11:12:17.388346,26,29
2026-02-12 11:12:17.962686,86,4
2026-02-12 11:12:18.524942,24,17
2026-02-12 11:12:19.098146,8,21
2026-02-12 11:12:19.675604,87,44
2026-02-12 11:12:20.263699,22,35
2026-02-12 11:12:20.864235,48,4
2026-02-12 11:12:21.426067,66,20
2026-02-12 11:12:22.018074,73,4
2026-02-12 11:12:22.625240,70,12
2026-02-12 11:12:23.219021,21,41
2026-02-12 11:12:23.892690,56,35
2026-02-12 11:12:24.519068,33,34
2026-02-12 11:12:25.112876,15,40
2026-02-12 11:12:25.771074,47,32
2026-02-12 11:12:26.378764,77,42
2026-02-12 11:12:27.021962,89,27
2026-02-12 11:12:27.634916,36,18
2026-02-12 11:12:28.239659,91,38
2026-02-12 11:12:28.865336,45,21
2026-02-12 11:12:29.456909,90,49
2026-02-12 11:12:30.023564,97,13
2026-02-12 11:12:30.584291,62,1
2026-02-12 11:12:31.145775,19,47
2026-02-12 11:12:31.706685,99,45
2026-02-12 11:12:32.270247,19,49
2026-02-12 11:12:32.840159,1,46
2026-02-12 11:12:33.438882,88,22
2026-02-12 11:12:34.040028,74,24
2026-02-12 11:12:34.610057,71,46
2026-02-12 11:12:35.188054,48,35
2026-02-12 11:12:35.746935,93,20
2026-02-12 11:12:36.554085,54,7
2026-02-12 11:12:37.217659,28,10
2026-02-12 11:12:37.814235,17,40
2026-02-12 11:12:38.508287,21,8
2026-02-12 11:12:39.469065,92,4
2026-02-12 11:12:40.026426,76,32
2026-02-12 11:12:40.614878,43,47
2026-02-12 11:12:41.259479,0,34
2026-02-12 11:12:41.834774,17,34
2026-02-12 11:12:42.449604,29,5
2026-02-12 11:12:43.047314,8,42
2026-02-12 11:12:43.670158,64,20
2026-02-12 11:12:44.246834,61,22
2026-02-12 11:12:44.870344,43,39
2026-02-12 11:12:45.486583,8,22
2026-02-12 11:12:46.101752,44,38
2026-02-12 11:12:46.690383,30,15
2026-02-12 11:12:47.307444,0,14
2026-02-12 11:12:47.929502,26,15
2026-02-12 11:12:48.558722,60,50
2026-02-12 11:12:49.157160,57,17
2026-02-12 11:12:49.755028,36,8
2026-02-12 11:12:50.379604,88,47
2026-02-12 11:12:51.060115,44,20
2026-02-12 11:12:51.634367,49,29
2026-02-12 11:12:52.230591,21,28
2026-02-12 11:12:52.800871,72,25
2026-02-12 11:12:53.378229,52,35
2026-02-12 11:12:53.947250,21,6
2026-02-12 11:12:54.511298,50,12
2026-02-12 11:12:55.074707,31,16
2026-02-12 11:12:55.689153,50,42
2026-02-12 11:12:56.282678,33,48
2026-02-12 11:12:56.878129,29,41
2026-02-12 11:12:57.445292,72,31
2026-02-12 11:12:58.013410,19,26
2026-02-12 11:12:58.603612,29,31
2026-02-12 11:12:59.166555,76,5
2026-02-12 11:12:59.728926,57,26
2026-02-12 11:13:00.404100,20,43
2026-02-12 11:13:00.966304,73,41
2026-02-12 11:13:01.553199,66,0
2026-02-12 11:13:02.138683,16,23
2026-02-12 11:13:02.711495,90,43
2026-02-12 11:13:03.321993,81,32
2026-02-12 11:13:03.922722,77,11
2026-02-12 11:13:04.519536,46,13
2026-02-12 11:13:05.185193,56,44
2026-02-12 11:13:05.764904,48,44
2026-02-12 11:13:06.349542,82,6
2026-02-12 11:13:06.920850,28,3
2026-02-12 11:13:07.497648,33,40
2026-02-12 11:13:08.059842,5,39
2026-02-12 11:13:08.787099,72,20
2026-02-12 11:13:09.383580,43,26
2026-02-12 11:13:09.968159,77,21
2026-02-12 11:13:10.551308,30,16
2026-02-12 11:13:11.125198,40,50
2026-02-12 11:13:11.679595,57,17
2026-02-12 11:13:12.249244,3,15
2026-02-12 11:13:12.818403,6,24
2026-02-12 11:13:13.386100,15,1
2026-02-12 11:13:13.970032,98,7
2026-02-12 11:13:14.591655,89,0
2026-02-12 11:13:15.167603,73,25
2026-02-12 11:13:15.769241,58,30
2026-02-12 11:13:16.351086,22,37
2026-02-12 11:13:17.020243,21,43
2026-02-12 11:13:17.625859,26,27
2026-02-12 11:13:18.235925,35,25
2026-02-12 11:13:18.824161,21,10
2026-02-12 11:13:19.406951,81,9
2026-02-12 11:13:19.977595,94,28
2026-02-12 11:13:20.558001,77,38
2026-02-12 11:13:21.123417,21,16
2026-02-12 11:13:21.710657,47,7
2026-02-12 11:13:22.279971,17,31
2026-02-12 11:13:22.864085,15,2
2026-02-12 11:13:23.437062,71,21
2026-02-12 11:13:24.021593,35,13
2026-02-12 11:13:24.589511,62,42
2026-02-12 11:13:25.161265,16,30
2026-02-12 11:13:25.727438,59,3
2026-02-12 11:13:26.301970,98,17
2026-02-12 11:13:26.872107,45,48
2026-02-12 11:13:27.446435,73,12
2026-02-12 11:13:28.008944,16,22
2026-02-12 11:13:28.572376,49,28
2026-02-12 11:13:29.143849,23,44
2026-02-12 11:13:29.712737,79,6
2026-02-12 11:13:30.292887,70,50
2026-02-12 11:13:30.874686,71,22
2026-02-12 11:13:31.436483,25,20
2026-02-12 11:13:32.035276,4,24
2026-02-12 11:13:32.596575,54,14
2026-02-12 11:13:33.174631,63,48
2026-02-12 11:13:33.759448,81,9
2026-02-12 11:13:34.325225,1,20
2026-02-12 11:13:34.887864,28,2
2026-02-12 11:13:35.466453,26,50
2026-02-12 11:13:36.078245,11,48
2026-02-12 11:13:36.699998,75,3
2026-02-12 11:13:37.305584,43,38
2026-02-12 11:13:37.882072,93,33
2026-02-12 11:13:38.443235,50,43
2026-02-12 11:13:39.032990,12,18
2026-02-12 11:13:39.593897,46,1
2026-02-12 11:13:40.213192,28,18
2026-02-12 11:13:40.826877,30,4
2026-02-12 11:13:41.392034,41,44
2026-02-12 11:13:41.959751,58,21
2026-02-12 11:13:42.552423,82,45
2026-02-12 11:13:43.154976,15,45
2026-02-12 11:13:43.765083,70,12
2026-02-12 11:13:44.329321,30,38
2026-02-12 11:13:44.889826,68,36
2026-02-12 11:13:45.464512,92,46
2026-02-12 11:13:46.036596,48,11
2026-02-12 11:13:46.599506,51,37
2026-02-12 11:13:47.177364,96,3
2026-02-12 11:13:47.781030,96,11
2026-02-12 11:13:48.347806,90,50
2026-02-12 11:13:48.902398,53,16
2026-02-12 11:13:49.486683,65,30
2026-02-12 11:13:50.056436,26,40
2026-02-12 11:13:50.620716,86,19
2026-02-12 11:13:51.185134,13,6
2026-02-12 11:13:51.781981,40,33
2026-02-12 11:13:52.349058,34,2
2026-02-12 11:13:52.907442,35,22
2026-02-12 11:13:53.460337,62,43
2026-02-12 11:13:54.044504,25,45
2026-02-12 11:13:54.605210,62,2
2026-02-12 11:13:55.178970,20,19
2026-02-12 11:13:55.733110,19,25
2026-02-12 11:13:56.298963,89,32
2026-02-12 11:13:56.864539,94,12
2026-02-12 11:13:57.434324,49,18
2026-02-12 11:13:57.984617,27,20
2026-02-12 11:13:58.553968,40,17
2026-02-12 11:13:59.114900,44,49
2026-02-12 11:13:59.690675,34,1
2026-02-12 11:14:00.236540,60,25
2026-02-12 11:14:00.800787,43,2
2026-02-12 11:14:01.377483,27,4
2026-02-12 11:14:01.950566,58,40
2026-02-12 11:14:02.531293,100,17
2026-02-12 11:14:03.097788,28,2
2026-02-12 11:14:03.666436,19,6
2026-02-12 11:14:04.265057,25,12
2026-02-12 11:14:04.861549,18,43
2026-02-12 11:14:05.427776,81,13
2026-02-12 11:14:06.022813,0,44
2026-02-12 11:14:06.596676,53,32
2026-02-12 11:14:07.155312,87,38
2026-02-12 11:14:07.725141,17,1
2026-02-12 11:14:08.299711,96,40
2026-02-12 11:14:08.859951,88,26
2026-02-12 11:14:09.421537,47,27
2026-02-12 11:14:10.088636,100,9
2026-02-12 11:14:10.699600,15,33
2026-02-12 11:14:11.261686,85,13
2026-02-12 11:14:11.831652,16,21
2026-02-12 11:14:12.414223,93,9
2026-02-12 11:14:12.975146,19,6
2026-02-12 11:14:13.553895,34,6
2026-02-12 11:14:14.162114,57,19
2026-02-12 11:14:14.733401,64,21
2026-02-12 11:14:15.303829,6,50
2026-02-12 11:14:15.871747,61,0
2026-02-12 11:14:16.449610,41,50
2026-02-12 11:14:17.019194,78,11
2026-02-12 11:14:17.590520,77,7
2026-02-12 11:14:18.156066,35,27
2026-02-12 11:14:18.720510,80,12
2026-02-12 11:14:19.312090,50,1
2026-02-12 11:14:19.895875,46,12
2026-02-12 11:14:20.462055,63,16
2026-02-12 11:14:21.026830,34,11
2026-02-12 11:14:21.589136,64,38
2026-02-12 11:14:22.149600,15,7
2026-02-12 11:14:22.731950,97,38
2026-02-12 11:14:23.313281,21,14
2026-02-12 11:14:23.894883,93,7
2026-02-12 11:14:24.474533,24,16
2026-02-12 11:14:25.036221,76,21
2026-02-12 11:14:25.603655,31,17
2026-02-12 11:14:26.165574,13,20
2026-02-12 11:14:26.724763,57,33
2026-02-12 11:14:27.286997,46,5
2026-02-12 11:14:27.902499,55,21
2026-02-12 11:14:28.503872,70,12
2026-02-12 11:14:29.074560,50,28
2026-02-12 11:14:29.658131,10,31
2026-02-12 11:14:30.217831,20,40
2026-02-12 11:14:30.780039,100,46
2026-02-12 11:14:31.340235,41,44
2026-02-12 11:14:31.911342,72,37
2026-02-12 11:14:32.492410,18,23
2026-02-12 11:14:33.058155,75,31
2026-02-12 11:14:33.651586,46,12
2026-02-12 11:14:34.215166,18,18
2026-02-12 11:14:34.780514,13,49
2026-02-12 11:14:35.344027,47,50
2026-02-12 11:14:35.911961,0,39
2026-02-12 11:14:36.475408,39,26
2026-02-12 11:14:37.040155,62,16
2026-02-12 11:14:37.596006,21,15
2026-02-12 11:14:38.183712,45,19
2026-02-12 11:14:38.758582,98,24
2026-02-12 11:14:39.333460,87,40
2026-02-12 11:14:39.911441,21,5
2026-02-12 11:14:40.487197,84,36
2026-02-12 11:14:41.069239,85,29
2026-02-12 11:14:41.650202,34,4
2026-02-12 11:14:42.204226,52,20
2026-02-12 11:14:42.773616,91,7
2026-02-12 11:14:43.320917,90,14
2026-02-12 11:14:43.902591,97,18
2026-02-12 11:14:44.485111,19,37
2026-02-12 11:14:45.086750,61,4
2026-02-12 11:14:45.654734,94,27
2026-02-12 11:14:46.193726,95,29
2026-02-12 11:14:46.767134,42,16
2026-02-12 11:14:47.325642,99,41
2026-02-12 11:14:47.894714,72,4
2026-02-12 11:14:48.491731,54,13
2026-02-12 11:14:49.062173,15,14
2026-02-12 11:14:49.628594,35,41
2026-02-12 11:14:50.199683,74,26
2026-02-12 11:14:50.774304,65,50
2026-02-12 11:14:51.342800,38,37
2026-02-12 11:14:51.922214,52,46
2026-02-12 11:14:52.488796,5,1
2026-02-12 11:14:53.045443,47,5
2026-02-12 11:14:53.617695,27,27
2026-02-12 11:14:54.183324,36,12
2026-02-12 11:14:54.754114,34,25
2026-02-12 11:14:55.294911,50,19
2026-02-12 11:14:55.883174,42,33
2026-02-12 11:14:56.442307,86,18
2026-02-12 11:14:57.006027,97,39
2026-02-12 11:14:57.565262,48,23
2026-02-12 11:14:58.130669,52,18
2026-02-12 11:14:58.715816,45,13
2026-02-12 11:14:59.277070,35,10
2026-02-12 11:14:59.837827,10,39
2026-02-12 11:15:00.401433,57,26
2026-02-12 11:15:00.963487,57,24
2026-02-12 11:15:01.565913,86,47
2026-02-12 11:15:02.141352,12,24
2026-02-12 11:15:02.712870,48,25
2026-02-12 11:15:03.272757,86,4
2026-02-12 11:15:03.840140,45,20
2026-02-12 11:15:04.399208,51,17
2026-02-12 11:15:04.980514,35,49
2026-02-12 11:15:05.543972,67,21
2026-02-12 11:15:06.106187,5,26
2026-02-12 11:15:06.665479,40,45
2026-02-12 11:15:07.228513,22,7
2026-02-12 11:15:07.796758,99,11
2026-02-12 11:15:08.359265,22,40
2026-02-12 11:15:08.921689,98,47
2026-02-12 11:15:09.487615,0,13
2026-02-12 11:15:10.047588,58,40
2026-02-12 11:15:10.623321,6,1
2026-02-12 11:15:11.247734,38,39
2026-02-12 11:15:11.811257,58,27
2026-02-12 11:15:12.377301,87,27
2026-02-12 11:15:12.955676,30,32
2026-02-12 11:15:13.524951,24,30
2026-02-12 11:15:14.093540,88,23
2026-02-12 11:15:14.659255,54,22
2026-02-12 11:15:15.277894,90,19
2026-02-12 11:15:15.859441,94,1
2026-02-12 11:15:16.423767,73,33
2026-02-12 11:15:16.982059,75,49
2026-02-12 11:15:17.546511,82,21
2026-02-12 11:15:18.106498,31,48
2026-02-12 11:15:18.669611,94,14
2026-02-12 11:15:19.231078,87,12
2026-02-12 11:15:19.795511,37,31
2026-02-12 11:15:20.447948,89,1
2026-02-12 11:15:21.009623,44,4
2026-02-12 11:15:21.576292,80,25
2026-02-12 11:15:22.139597,51,17
2026-02-12 11:15:22.696521,27,34
2026-02-12 11:15:23.258642,73,21
2026-02-12 11:15:23.818727,6,30
2026-02-12 11:15:24.398977,12,10
2026-02-12 11:15:24.971818,78,31
2026-02-12 11:15:25.578084,100,30
2026-02-12 11:15:26.140319,85,19
2026-02-12 11:15:26.720302,59,32
2026-02-12 11:15:27.279843,10,14
2026-02-12 11:15:27.842632,45,46
2026-02-12 11:15:28.438140,95,46
2026-02-12 11:15:29.108237,84,15
2026-02-12 11:15:29.715348,52,19
2026-02-12 11:15:30.280433,6,21
2026-02-12 11:15:30.845138,22,47
2026-02-12 11:15:31.444811,89,31
2026-02-12 11:15:32.071681,46,26
2026-02-12 11:15:32.623189,4,5
2026-02-12 11:15:33.197967,15,22
2026-02-12 11:15:33.754581,52,7
2026-02-12 11:15:34.331821,45,33
2026-02-12 11:15:34.901439,81,24
2026-02-12 11:15:35.500701,92,32
2026-02-12 11:15:36.077769,17,20
2026-02-12 11:15:36.661054,88,25
2026-02-12 11:15:37.238437,95,16
2026-02-12 11:15:37.803357,4,49
2026-02-12 11:15:38.370392,94,23
2026-02-12 11:15:38.933469,40,26
2026-02-12 11:15:39.495683,0,34
2026-02-12 11:15:40.071145,13,5
2026-02-12 11:15:40.631370,1,28
2026-02-12 11:15:41.197110,62,38
2026-02-12 11:15:41.780994,14,0
2026-02-12 11:15:42.369841,15,23
2026-02-12 11:15:42.937249,31,46
2026-02-12 11:15:43.516488,43,42
2026-02-12 11:15:44.090009,5,0
2026-02-12 11:15:44.665474,91,34
2026-02-12 11:15:45.283637,74,43
2026-02-12 11:15:45.913168,24,49
2026-02-12 11:15:46.505244,45,3
2026-02-12 11:15:47.083186,86,1
2026-02-12 11:15:47.646183,20,45
2026-02-12 11:15:48.211007,14,2
2026-02-12 11:15:48.774650,64,37
2026-02-12 11:15:49.362846,67,0
2026-02-12 11:15:49.945523,64,43
2026-02-12 11:15:50.551342,60,13
2026-02-12 11:15:51.138917,66,15
2026-02-12 11:15:51.714776,91,4
2026-02-12 11:15:52.316110,79,41
2026-02-12 11:15:52.918673,38,16
2026-02-12 11:15:53.497447,68,16
2026-02-12 11:15:54.066084,75,24
2026-02-12 11:15:54.658698,60,19
2026-02-12 11:15:55.241215,7,19
2026-02-12 11:15:55.816869,64,18
2026-02-12 11:15:56.383361,6,49
2026-02-12 11:15:56.979135,28,21
2026-02-12 11:15:57.584606,71,8
2026-02-12 11:15:58.175282,79,45
2026-02-12 11:15:58.766146,95,43
2026-02-12 11:15:59.339249,100,12
2026-02-12 11:15:59.907461,1,46
2026-02-12 11:16:00.544810,31,35
2026-02-12 11:16:01.119555,28,27
2026-02-12 11:16:01.712656,25,4
2026-02-12 11:16:02.283143,0,44
2026-02-12 11:16:02.847806,8,36
2026-02-12 11:16:03.423168,29,16
2026-02-12 11:16:03.991532,86,8
2026-02-12 11:16:04.564356,59,47
2026-02-12 11:16:05.159970,15,13
2026-02-12 11:16:05.732107,25,38
2026-02-12 11:16:06.301062,71,6
2026-02-12 11:16:06.855473,21,47
2026-02-12 11:16:07.434717,77,25
2026-02-12 11:16:08.004242,30,34
2026-02-12 11:16:08.569357,27,9
2026-02-12 11:16:09.133915,9,14
2026-02-12 11:16:09.704568,72,1
2026-02-12 11:16:10.277344,35,32
2026-02-12 11:16:10.841066,82,45
2026-02-12 11:16:11.406109,100,40
2026-02-12 11:16:11.969637,50,46
2026-02-12 11:16:12.584077,76,39
2026-02-12 11:16:13.155270,67,44
2026-02-12 11:16:13.773513,59,8
2026-02-12 11:16:14.338175,22,47
2026-02-12 11:16:14.901495,70,31
2026-02-12 11:16:15.468721,84,0
2026-02-12 11:16:16.033239,88,42
2026-02-12 11:16:16.621902,86,46
2026-02-12 11:16:17.193370,100,29
2026-02-12 11:16:17.756954,15,32
2026-02-12 11:16:18.324975,26,25
2026-02-12 11:16:18.886955,20,9
2026-02-12 11:16:19.452580,81,25
2026-02-12 11:16:20.023033,31,24
2026-02-12 11:16:20.587264,1,27
2026-02-12 11:16:21.153095,20,20
2026-02-12 11:16:21.717774,2,8
2026-02-12 11:16:22.282071,95,7
2026-02-12 11:16:22.847076,10,38
2026-02-12 11:16:23.410259,44,27
2026-02-12 11:16:23.980060,51,19
2026-02-12 11:16:24.544637,37,44
2026-02-12 11:16:25.111703,75,38
2026-02-12 11:16:25.675262,5,14
2026-02-12 11:16:26.240210,84,33
2026-02-12 11:16:26.804458,14,14
2026-02-12 11:16:27.369989,46,44
2026-02-12 11:16:27.934315,76,45
2026-02-12 11:16:28.499914,67,23
2026-02-12 11:16:29.091392,50,14
2026-02-12 11:16:29.657173,39,44
2026-02-12 11:16:30.254904,10,33
2026-02-12 11:16:30.848032,24,35
2026-02-12 11:16:31.415309,65,13
2026-02-12 11:16:31.980030,70,27
2026-02-12 11:16:32.544296,33,28
2026-02-12 11:16:33.110594,53,33
2026-02-12 11:16:33.702665,90,31
2026-02-12 11:16:34.267726,61,10
2026-02-12 11:16:34.832204,86,17
2026-02-12 11:16:35.399057,16,43
2026-02-12 11:16:35.962478,25,44
2026-02-12 11:16:36.561982,46,1
2026-02-12 11:16:37.126160,68,37
2026-02-12 11:16:37.695009,13,46
2026-02-12 11:16:38.287914,91,5
2026-02-12 11:16:38.882072,96,36
2026-02-12 11:16:39.449454,32,29
2026-02-12 11:16:40.017613,63,49
2026-02-12 11:16:40.581408,71,41
2026-02-12 11:16:41.148275,81,3
2026-02-12 11:16:41.730446,26,36
2026-02-12 11:16:42.316329,81,23
2026-02-12 11:16:42.953149,57,0
2026-02-12 11:16:43.522175,64,11
2026-02-12 11:16:44.103052,94,43
2026-02-12 11:16:44.669975,70,14
2026-02-12 11:16:45.233170,14,11
2026-02-12 11:16:45.804779,98,50
2026-02-12 11:16:46.365162,35,33
2026-02-12 11:16:46.936935,19,1
2026-02-12 11:16:47.521465,83,7
2026-02-12 11:16:48.122428,95,7
2026-02-12 11:16:48.737123,14,27
2026-02-12 11:16:49.314756,6,42
2026-02-12 11:16:49.898578,28,17
2026-02-12 11:16:50.474058,49,28
2026-02-12 11:16:51.050130,64,43
2026-02-12 11:16:51.624987,81,10
2026-02-12 11:16:52.182363,48,49
2026-02-12 11:16:52.741417,59,19
2026-02-12 11:16:53.309555,41,0
2026-02-12 11:16:53.868690,67,25
2026-02-12 11:16:54.417728,100,14
2026-02-12 11:16:54.985726,8,33
2026-02-12 11:16:55.569181,67,32
2026-02-12 11:16:56.140342,96,36
2026-02-12 11:16:56.680516,72,11
2026-02-12 11:16:57.240179,76,34
2026-02-12 11:16:57.805051,81,44
2026-02-12 11:16:58.374941,87,49
2026-02-12 11:16:58.922721,55,39
2026-02-12 11:16:59.494546,56,9
2026-02-12 11:17:00.062326,18,11
2026-02-12 11:17:00.635249,28,44
2026-02-12 11:17:01.199196,80,16
2026-02-12 11:17:01.788326,51,35
2026-02-12 11:17:02.337551,72,34
2026-02-12 11:17:02.898680,98,32
2026-02-12 11:17:03.460953,76,17
2026-02-12 11:17:04.025757,65,47
2026-02-12 11:17:04.602047,13,33
2026-02-12 11:17:05.236087,37,32
2026-02-12 11:17:05.785878,99,28
2026-02-12 11:17:06.353202,32,20
2026-02-12 11:17:06.922566,46,42
2026-02-12 11:17:07.476705,19,46
2026-02-12 11:17:08.044615,37,3
2026-02-12 11:17:08.600948,93,41
2026-02-12 11:17:09.174179,5,23
2026-02-12 11:17:09.746366,27,43
2026-02-12 11:17:10.293510,68,17
2026-02-12 11:17:10.861032,40,18
2026-02-12 11:17:11.428236,97,32
2026-02-12 11:17:11.995885,49,32
2026-02-12 11:17:12.559116,19,40
2026-02-12 11:17:13.200203,94,29
2026-02-12 11:17:13.824974,83,24
2026-02-12 11:17:14.392720,74,20
2026-02-12 11:17:14.960873,54,2
2026-02-12 11:17:15.527493,18,31
2026-02-12 11:17:16.128617,77,3
2026-02-12 11:17:16.694298,67,7
2026-02-12 11:17:17.260624,19,12
2026-02-12 11:17:17.826163,33,39
2026-02-12 11:17:18.410628,79,22
2026-02-12 11:17:18.977792,9,6
2026-02-12 11:17:19.546589,96,14
2026-02-12 11:17:20.113556,83,49
2026-02-12 11:17:20.681491,78,30
2026-02-12 11:17:21.306055,62,38
2026-02-12 11:17:21.905002,94,16
2026-02-12 11:17:22.474118,23,29
2026-02-12 11:17:23.041873,6,9
2026-02-12 11:17:23.605711,77,13
2026-02-12 11:17:24.172263,8,22
2026-02-12 11:17:24.735069,29,33
2026-02-12 11:17:25.303343,38,20
2026-02-12 11:17:25.866569,4,2
2026-02-12 11:17:26.437144,62,47
2026-02-12 11:17:27.000463,79,0
2026-02-12 11:17:27.572337,10,0
2026-02-12 11:17:28.144261,96,44
2026-02-12 11:17:28.710481,27,33
2026-02-12 11:17:29.274904,14,5
2026-02-12 11:17:29.840833,69,30
2026-02-12 11:17:30.403940,61,32
2026-02-12 11:17:31.005798,11,1
2026-02-12 11:17:31.671752,58,19
2026-02-12 11:17:32.241786,34,39
2026-02-12 11:17:32.943973,88,8
2026-02-12 11:17:33.522859,79,8
2026-02-12 11:17:34.086313,50,8
2026-02-12 11:17:34.653947,57,35
2026-02-12 11:17:35.243660,80,10
2026-02-12 11:17:35.888547,16,22
2026-02-12 11:17:36.494790,83,23
2026-02-12 11:17:37.075296,45,30
2026-02-12 11:17:37.663787,75,38
2026-02-12 11:17:38.230370,100,25
2026-02-12 11:17:38.797276,54,1
2026-02-12 11:17:39.363818,40,47
2026-02-12 11:17:39.961398,68,50
2026-02-12 11:17:40.529038,36,9
2026-02-12 11:17:41.111986,62,20
2026-02-12 11:17:41.679547,9,47
2026-02-12 11:17:42.244161,61,37
2026-02-12 11:17:42.827156,60,38
2026-02-12 11:17:43.395253,59,24
2026-02-12 11:17:43.975440,40,14
2026-02-12 11:17:44.541332,90,35
2026-02-12 11:17:45.110428,57,19
2026-02-12 11:17:45.683908,13,24
2026-02-12 11:17:46.260802,73,28
2026-02-12 11:17:46.825522,49,29
2026-02-12 11:17:47.394779,2,49
2026-02-12 11:17:47.960007,14,0
2026-02-12 11:17:48.540863,60,47
2026-02-12 11:17:49.103027,73,16
2026-02-12 11:17:49.735912,91,33
2026-02-12 11:17:50.301888,98,5
2026-02-12 11:17:50.850770,5,16
2026-02-12 11:17:51.418687,37,48
2026-02-12 11:17:51.987105,81,28
2026-02-12 11:17:52.558861,61,22
2026-02-12 11:17:53.130969,21,20
2026-02-12 11:17:53.706554,93,6
2026-02-12 11:17:54.293464,39,24
2026-02-12 11:17:54.902608,43,22
2026-02-12 11:17:55.516790,16,28
2026-02-12 11:17:56.098964,27,18
2026-02-12 11:17:56.691607,8,44
2026-02-12 11:17:57.261596,91,5
2026-02-12 11:17:57.838633,18,34
2026-02-12 11:17:58.404526,44,6
2026-02-12 11:17:58.969000,34,25
2026-02-12 11:17:59.542823,45,13
2026-02-12 11:18:00.136403,66,31
2026-02-12 11:18:00.702453,98,41
2026-02-12 11:18:01.276801,24,44
2026-02-12 11:18:01.846620,27,12
2026-02-12 11:18:02.412530,58,11
2026-02-12 11:18:02.973844,18,35
2026-02-12 11:18:03.545350,12,41
2026-02-12 11:18:04.112270,72,16
2026-02-12 11:18:04.687727,17,12
2026-02-12 11:18:05.259734,14,25
2026-02-12 11:18:05.834051,55,47
2026-02-12 11:18:06.385522,31,3
2026-02-12 11:18:06.957890,98,49
2026-02-12 11:18:07.516820,62,25
2026-02-12 11:18:08.104866,78,24
2026-02-12 11:18:08.666389,24,33
2026-02-12 11:18:09.219017,20,11
2026-02-12 11:18:09.798257,25,10
2026-02-12 11:18:10.364084,99,32
2026-02-12 11:18:10.933241,68,15
2026-02-12 11:18:11.504758,55,44
2026-02-12 11:18:12.073970,33,35
2026-02-12 11:18:12.645882,5,7
2026-02-12 11:18:13.230817,58,4
2026-02-12 11:18:13.804096,96,9
2026-02-12 11:18:14.373933,17,43
2026-02-12 11:18:14.990254,77,2
2026-02-12 11:18:15.580556,53,10
2026-02-12 11:18:16.164898,53,29
2026-02-12 11:18:16.748806,14,23
2026-02-12 11:18:17.335791,25,24
2026-02-12 11:18:17.912950,86,11
2026-02-12 11:18:18.478043,1,44
2026-02-12 11:18:19.055114,11,18
2026-02-12 11:18:19.623217,59,10
2026-02-12 11:18:20.242994,0,19
2026-02-12 11:18:20.812344,33,3
2026-02-12 11:18:21.389486,83,25
2026-02-12 11:18:21.962051,80,9
2026-02-12 11:18:22.530539,38,46
2026-02-12 11:18:23.115623,52,5
2026-02-12 11:18:23.684565,69,50
2026-02-12 11:18:24.253600,100,27
2026-02-12 11:18:24.822313,44,2
2026-02-12 11:18:25.396904,2,42
2026-02-12 11:18:25.965281,31,32
2026-02-12 11:18:26.541511,22,45
2026-02-12 11:18:27.161791,73,3
2026-02-12 11:18:27.737028,24,34
2026-02-12 11:18:28.314978,89,5
2026-02-12 11:18:28.894176,76,9
2026-02-12 11:18:29.468553,3,7
2026-02-12 11:18:30.087073,62,47
2026-02-12 11:18:30.721966,29,43
2026-02-12 11:18:31.321468,7,15
2026-02-12 11:18:31.924932,90,18
2026-02-12 11:18:32.505606,1,21
2026-02-12 11:18:33.120542,53,2
2026-02-12 11:18:33.704097,44,32
2026-02-12 11:18:34.300341,26,39
2026-02-12 11:18:34.885655,6,25
2026-02-12 11:18:35.468137,67,8
2026-02-12 11:18:36.038284,2,1
2026-02-12 11:18:36.648208,71,19
2026-02-12 11:18:37.245768,4,0
2026-02-12 11:18:37.837724,69,39
2026-02-12 11:18:38.420407,13,38
2026-02-12 11:18:38.990106,34,18
2026-02-12 11:18:39.615557,9,14
2026-02-12 11:18:40.181990,60,24
2026-02-12 11:18:40.760883,89,6
2026-02-12 11:18:41.325868,21,4
2026-02-12 11:18:41.880288,60,23
2026-02-12 11:18:42.451859,21,8
2026-02-12 11:18:43.020689,88,33
2026-02-12 11:18:43.594791,34,5
2026-02-12 11:18:44.162579,16,20
2026-02-12 11:18:44.730420,26,33
2026-02-12 11:18:45.298154,59,46
2026-02-12 11:18:45.898094,46,36
2026-02-12 11:18:46.464378,27,30
2026-02-12 11:18:47.012477,82,47
2026-02-12 11:18:47.575224,69,24
2026-02-12 11:18:48.163156,78,37
2026-02-12 11:18:48.743417,7,27
2026-02-12 11:18:49.341977,68,32
2026-02-12 11:18:49.933543,11,34
2026-02-12 11:18:50.492706,15,16
2026-02-12 11:18:51.086407,35,3
2026-02-12 11:18:51.706089,98,9
2026-02-12 11:18:52.307056,65,11
2026-02-12 11:18:52.889585,80,24
2026-02-12 11:18:53.475864,77,6
2026-02-12 11:18:54.017994,79,39
2026-02-12 11:18:54.561988,72,21
2026-02-12 11:18:55.111065,69,1
2026-02-12 11:18:55.664236,49,44
2026-02-12 11:18:56.292044,65,15
2026-02-12 11:18:56.852835,49,50
2026-02-12 11:18:57.423856,23,30
2026-02-12 11:18:57.997087,17,43
2026-02-12 11:18:58.571758,7,48
2026-02-12 11:18:59.140299,49,1
2026-02-12 11:18:59.699167,48,5
2026-02-12 11:19:00.272116,18,15
2026-02-12 11:19:00.848330,6,2
2026-02-12 11:19:01.417039,80,47
2026-02-12 11:19:01.983465,46,46
2026-02-12 11:19:02.599142,53,1
2026-02-12 11:19:03.163854,76,19
2026-02-12 11:19:03.732292,84,14
2026-02-12 11:19:04.297766,69,5
2026-02-12 11:19:04.894166,94,8
2026-02-12 11:19:05.461288,77,42
2026-02-12 11:19:06.028539,97,1
2026-02-12 11:19:06.647385,69,31
2026-02-12 11:19:07.214914,99,27
2026-02-12 11:19:07.856746,67,5
2026-02-12 11:19:08.449650,13,28
2026-02-12 11:19:09.054894,84,11
2026-02-12 11:19:09.628541,5,47
2026-02-12 11:19:10.237903,13,46
2026-02-12 11:19:10.815249,72,16
2026-02-12 11:19:11.387007,5,16
2026-02-12 11:19:11.966911,21,16
2026-02-12 11:19:12.553859,97,45
2026-02-12 11:19:13.173079,55,27
2026-02-12 11:19:13.789843,91,25
2026-02-12 11:19:14.390170,42,26
2026-02-12 11:19:14.974544,39,13
2026-02-12 11:19:15.540280,51,2
2026-02-12 11:19:16.135101,83,15
2026-02-12 11:19:16.710062,81,21
2026-02-12 11:19:17.288293,1,47
2026-02-12 11:19:17.874656,56,30
2026-02-12 11:19:18.461038,52,41
2026-02-12 11:19:19.032565,37,4
2026-02-12 11:19:19.603300,83,26
2026-02-12 11:19:20.212429,72,2
2026-02-12 11:19:20.785811,66,31
2026-02-12 11:19:21.367738,72,27
2026-02-12 11:19:21.977298,24,28
2026-02-12 11:19:22.559607,13,46
2026-02-12 11:19:23.132877,8,25
2026-02-12 11:19:23.698299,6,15
2026-02-12 11:19:24.317794,10,4
2026-02-12 11:19:24.886414,26,29
2026-02-12 11:19:25.460834,59,23
2026-02-12 11:19:26.024612,46,7
2026-02-12 11:19:26.599324,68,25
2026-02-12 11:19:27.167051,66,0
2026-02-12 11:19:27.735020,95,1
2026-02-12 11:19:28.303066,48,31
2026-02-12 11:19:28.870997,60,11
2026-02-12 11:19:29.443239,71,39
2026-02-12 11:19:30.095499,23,11
2026-02-12 11:19:30.662933,32,34
2026-02-12 11:19:31.233727,60,24
2026-02-12 11:19:31.825829,4,23
2026-02-12 11:19:32.399641,21,7
2026-02-12 11:19:32.964591,78,20
2026-02-12 11:19:33.535632,73,19
2026-02-12 11:19:34.101188,80,31
2026-02-12 11:19:34.668002,76,17
2026-02-12 11:19:35.234139,61,26
2026-02-12 11:19:35.802931,70,37
2026-02-12 11:19:36.388519,65,26
2026-02-12 11:19:36.958844,26,15
2026-02-12 11:19:37.523852,70,25
2026-02-12 11:19:38.088487,48,2
2026-02-12 11:19:38.654637,59,26
2026-02-12 11:19:39.225309,19,20
2026-02-12 11:19:39.795914,2,18
2026-02-12 11:19:40.383909,27,34
2026-02-12 11:19:40.949854,49,19
2026-02-12 11:19:41.519191,40,50
2026-02-12 11:19:42.091392,27,37
2026-02-12 11:19:42.660123,87,16
2026-02-12 11:19:43.234158,66,13
2026-02-12 11:19:43.816152,36,27
2026-02-12 11:19:44.384712,88,43
2026-02-12 11:19:44.955563,2,4
2026-02-12 11:19:45.521385,16,36
2026-02-12 11:19:46.095659,43,2
2026-02-12 11:19:46.661812,19,39
2026-02-12 11:19:47.295610,75,37
2026-02-12 11:19:47.859989,94,34
2026-02-12 11:19:48.429998,22,28
2026-02-12 11:19:48.999541,47,24
2026-02-12 11:19:49.569590,42,25
2026-02-12 11:19:50.137340,33,0
2026-02-12 11:19:50.707164,69,27
2026-02-12 11:19:51.275221,34,28
2026-02-12 11:19:51.905391,100,6
2026-02-12 11:19:52.472327,81,43
2026-02-12 11:19:53.088366,6,22
2026-02-12 11:19:53.654178,77,25
2026-02-12 11:19:54.222661,14,42
2026-02-12 11:19:54.790760,58,5
2026-02-12 11:19:55.359591,97,48
2026-02-12 11:19:55.946547,29,4
2026-02-12 11:19:56.520622,65,43
2026-02-12 11:19:57.088275,81,49
2026-02-12 11:19:57.669366,22,18
2026-02-12 11:19:58.247316,88,31
2026-02-12 11:19:58.814158,98,18
2026-02-12 11:19:59.396849,75,49
2026-02-12 11:19:59.974396,15,2
2026-02-12 11:20:00.558842,90,0
2026-02-12 11:20:01.130890,70,43
2026-02-12 11:20:01.697807,24,46
2026-02-12 11:20:02.281155,7,26
2026-02-12 11:20:02.851399,53,4
2026-02-12 11:20:03.531014,9,16
2026-02-12 11:20:04.103455,16,1
2026-02-12 11:20:04.720129,49,4
2026-02-12 11:20:05.294191,35,14
2026-02-12 11:20:05.898057,40,32
2026-02-12 11:20:06.467472,20,16
2026-02-12 11:20:07.035399,59,20
2026-02-12 11:20:07.605795,89,24
2026-02-12 11:20:08.175870,52,18
2026-02-12 11:20:08.741110,74,45
2026-02-12 11:20:09.310211,42,41
2026-02-12 11:20:09.881568,35,27
2026-02-12 11:20:10.493582,64,44
2026-02-12 11:20:11.106234,98,41
2026-02-12 11:20:11.711700,58,31
2026-02-12 11:20:12.323522,12,45
2026-02-12 11:20:12.927853,47,33
2026-02-12 11:20:13.511669,75,1
2026-02-12 11:20:14.083763,84,33
2026-02-12 11:20:14.660562,78,30
2026-02-12 11:20:15.311377,15,2
2026-02-12 11:20:15.920624,95,40
2026-02-12 11:20:16.515476,40,38
2026-02-12 11:20:17.100088,24,5
2026-02-12 11:20:17.672649,67,5
2026-02-12 11:20:18.242166,35,26
2026-02-12 11:20:18.822551,68,8
2026-02-12 11:20:19.403801,31,33
2026-02-12 11:20:20.020129,34,14
2026-02-12 11:20:20.613694,99,4
2026-02-12 11:20:21.213974,84,25
2026-02-12 11:20:21.802899,28,40
2026-02-12 11:20:22.383750,97,3
2026-02-12 11:20:22.965587,50,28
2026-02-12 11:20:23.547637,43,25
2026-02-12 11:20:24.117856,46,41
2026-02-12 11:20:24.736169,41,32
2026-02-12 11:20:25.371190,7,41
2026-02-12 11:20:25.948915,0,50
2026-02-12 11:20:26.518884,63,18
2026-02-12 11:20:27.086807,12,1
2026-02-12 11:20:27.656650,60,5
2026-02-12 11:20:28.250236,38,5
2026-02-12 11:20:28.838776,58,40
2026-02-12 11:20:29.426485,97,13
2026-02-12 11:20:30.061891,88,12
2026-02-12 11:20:30.624311,84,41
2026-02-12 11:20:31.189391,84,37
2026-02-12 11:20:31.759659,75,26
2026-02-12 11:20:32.333121,95,38
2026-02-12 11:20:32.903102,0,16
2026-02-12 11:20:33.476755,61,48
2026-02-12 11:20:34.047188,48,50
2026-02-12 11:20:34.618714,81,45
2026-02-12 11:20:35.189277,38,2
2026-02-12 11:20:35.757994,11,11
2026-02-12 11:20:36.364398,21,49
2026-02-12 11:20:36.935645,49,25
2026-02-12 11:20:37.526600,17,39
2026-02-12 11:20:38.071025,39,50
2026-02-12 11:20:38.639931,4,22
2026-02-12 11:20:39.228527,28,49
2026-02-12 11:20:39.792958,2,27
2026-02-12 11:20:40.428156,5,25
2026-02-12 11:20:41.013801,64,21
2026-02-12 11:20:41.609638,100,28
2026-02-12 11:20:42.199871,65,40
2026-02-12 11:20:42.768352,30,26
2026-02-12 11:20:43.326430,51,46
2026-02-12 11:20:43.887709,0,16
2026-02-12 11:20:44.448532,4,29
2026-02-12 11:20:45.000250,77,38
2026-02-12 11:20:45.580925,59,13
2026-02-12 11:20:46.135583,18,19
2026-02-12 11:20:46.703314,0,6
2026-02-12 11:20:47.276465,5,33
2026-02-12 11:20:47.849456,76,42
2026-02-12 11:20:48.418141,15,14
2026-02-12 11:20:48.988908,15,29
2026-02-12 11:20:49.553478,2,39
2026-02-12 11:20:50.123608,12,26
2026-02-12 11:20:50.690330,22,3
2026-02-12 11:20:51.308967,25,3
2026-02-12 11:20:51.877472,41,41
2026-02-12 11:20:52.458297,51,29
2026-02-12 11:20:53.031807,1,28
2026-02-12 11:20:53.600011,13,28
2026-02-12 11:20:54.164819,71,35
2026-02-12 11:20:54.733320,12,24
2026-02-12 11:20:55.302607,39,40
2026-02-12 11:20:55.872403,1,43
2026-02-12 11:20:56.438437,10,25
2026-02-12 11:20:57.009179,95,10
2026-02-12 11:20:57.602023,3,18
2026-02-12 11:20:58.194450,69,43
2026-02-12 11:20:58.760498,22,19
2026-02-12 11:20:59.443376,31,39
2026-02-12 11:21:00.011444,43,19
2026-02-12 11:21:00.579481,57,39
2026-02-12 11:21:01.144881,95,1
2026-02-12 11:21:01.714169,69,24
2026-02-12 11:21:02.280042,1,32
2026-02-12 11:21:02.848846,11,14
2026-02-12 11:21:03.416357,80,17
2026-02-12 11:21:03.983356,88,19
2026-02-12 11:21:04.600840,91,21
2026-02-12 11:21:05.250388,92,3
2026-02-12 11:21:05.852349,18,45
2026-02-12 11:21:06.444026,67,42
2026-02-12 11:21:07.028553,1,2
2026-02-12 11:21:07.681850,4,39
2026-02-12 11:21:08.265425,65,9
2026-02-12 11:21:08.853272,98,20
2026-02-12 11:21:09.477466,41,34
2026-02-12 11:21:10.066811,84,8
2026-02-12 11:21:10.662302,83,12
2026-02-12 11:21:11.240531,47,3
2026-02-12 11:21:11.824294,65,16
2026-02-12 11:21:12.395789,13,15
2026-02-12 11:21:12.967341,7,34
2026-02-12 11:21:13.552058,19,0
2026-02-12 11:21:14.134358,22,12
2026-02-12 11:21:14.719280,97,19
2026-02-12 11:21:15.293136,69,14
2026-02-12 11:21:15.897475,32,12
2026-02-12 11:21:16.550070,66,10
2026-02-12 11:21:17.142700,61,3
2026-02-12 11:21:17.748728,39,8
2026-02-12 11:21:18.332168,66,16
2026-02-12 11:21:18.905952,75,47
2026-02-12 11:21:19.475396,41,22
2026-02-12 11:21:20.042068,48,6
2026-02-12 11:21:20.610815,43,21
2026-02-12 11:21:21.175793,36,29
2026-02-12 11:21:21.757996,61,37
2026-02-12 11:21:22.366259,73,7
2026-02-12 11:21:22.965486,99,22
2026-02-12 11:21:23.597335,73,22
2026-02-12 11:21:24.177558,22,46
2026-02-12 11:21:24.766633,59,30
2026-02-12 11:21:25.368924,49,4
2026-02-12 11:21:26.004802,100,1
2026-02-12 11:21:26.593173,97,30
2026-02-12 11:21:27.187815,84,37
2026-02-12 11:21:27.770453,55,49
2026-02-12 11:21:28.359636,48,11
2026-02-12 11:21:28.952806,12,36
2026-02-12 11:21:29.527927,39,21
2026-02-12 11:21:30.124476,61,31
2026-02-12 11:21:30.706629,69,43
2026-02-12 11:21:31.274366,18,23
2026-02-12 11:21:31.842190,8,17
2026-02-12 11:21:32.410449,28,5
2026-02-12 11:21:32.980250,55,34
2026-02-12 11:21:33.570884,6,7
2026-02-12 11:21:34.145137,28,33
2026-02-12 11:21:34.732665,12,7
2026-02-12 11:21:35.329412,28,22
2026-02-12 11:21:35.905936,34,43
2026-02-12 11:21:36.494442,89,11
2026-02-12 11:21:37.073411,48,14
2026-02-12 11:21:37.667840,32,5
2026-02-12 11:21:38.239911,3,0
2026-02-12 11:21:38.822396,0,30
2026-02-12 11:21:39.408280,95,39
2026-02-12 11:21:39.976291,52,20
2026-02-12 11:21:40.541065,74,30
2026-02-12 11:21:41.117416,57,4
2026-02-12 11:21:41.683623,98,41
2026-02-12 11:21:42.256632,3,32
2026-02-12 11:21:42.824238,97,15
2026-02-12 11:21:43.395972,93,22
2026-02-12 11:21:43.984101,41,8
2026-02-12 11:21:44.555979,69,49
2026-02-12 11:21:45.139227,94,41
2026-02-12 11:21:45.706629,54,6
2026-02-12 11:21:46.276108,91,12
2026-02-12 11:21:46.843776,99,12
2026-02-12 11:21:47.411510,42,35
2026-02-12 11:21:47.986922,72,36
2026-02-12 11:21:48.567126,36,48
2026-02-12 11:21:49.142203,86,37
2026-02-12 11:21:49.691984,16,20
2026-02-12 11:21:50.296404,11,8
2026-02-12 11:21:50.880944,81,33
2026-02-12 11:21:51.492651,49,18
2026-02-12 11:21:52.083513,51,16
2026-02-12 11:21:52.762649,69,27
2026-02-12 11:21:53.348122,7,47
2026-02-12 11:21:53.985937,31,1
2026-02-12 11:21:54.572976,95,1
2026-02-12 11:21:55.252936,25,18
2026-02-12 11:21:55.856454,21,13
2026-02-12 11:21:56.452219,80,2
2026-02-12 11:21:57.036750,72,12
2026-02-12 11:21:57.609793,15,12
2026-02-12 11:21:58.218622,60,43
2026-02-12 11:21:58.801812,95,11
2026-02-12 11:21:59.408697,61,3
2026-02-12 11:22:00.012066,89,17
2026-02-12 11:22:00.606951,51,28
2026-02-12 11:22:01.188517,54,32
2026-02-12 11:22:01.776068,72,34
2026-02-12 11:22:02.346609,61,34
2026-02-12 11:22:02.944484,53,48
2026-02-12 11:22:03.528705,51,15
2026-02-12 11:22:04.095024,98,0
2026-02-12 11:22:04.666649,41,0
2026-02-12 11:22:05.242327,87,4
2026-02-12 11:22:05.811923,89,0
2026-02-12 11:22:06.395857,81,31
2026-02-12 11:22:06.963979,57,9
2026-02-12 11:22:07.547238,84,30
2026-02-12 11:22:08.146024,100,14
2026-02-12 11:22:08.764568,38,25
2026-02-12 11:22:09.374783,24,49
2026-02-12 11:22:09.956616,23,4
2026-02-12 11:22:10.539793,44,31
2026-02-12 11:22:11.118796,13,14
2026-02-12 11:22:11.686797,7,45
2026-02-12 11:22:12.270764,100,49
2026-02-12 11:22:12.857014,57,43
2026-02-12 11:22:13.459579,16,4
2026-02-12 11:22:14.051638,26,9
2026-02-12 11:22:14.682205,14,34
2026-02-12 11:22:15.262069,9,15
2026-02-12 11:22:15.855385,100,19
2026-02-12 11:22:16.481802,3,47
2026-02-12 11:22:17.048658,83,18
2026-02-12 11:22:17.623471,35,33
2026-02-12 11:22:18.188798,24,8
2026-02-12 11:22:18.754109,62,48
2026-02-12 11:22:19.345737,32,11
2026-02-12 11:22:19.915397,22,45
2026-02-12 11:22:20.481214,19,46
2026-02-12 11:22:21.049898,60,11
2026-02-12 11:22:21.619066,52,10
2026-02-12 11:22:22.186902,88,19
2026-02-12 11:22:22.769418,89,14
2026-02-12 11:22:23.341482,75,9
2026-02-12 11:22:23.907290,3,27
2026-02-12 11:22:24.475145,78,3
2026-02-12 11:22:25.042659,8,4
2026-02-12 11:22:25.627110,64,37
2026-02-12 11:22:26.194287,41,41
2026-02-12 11:22:26.768402,92,38
2026-02-12 11:22:27.330506,56,15
2026-02-12 11:22:27.902880,61,27
2026-02-12 11:22:28.569161,7,47
2026-02-12 11:22:29.149667,100,9
2026-02-12 11:22:29.743767,68,47
2026-02-12 11:22:30.330067,78,18
2026-02-12 11:22:30.907736,36,48
2026-02-12 11:22:31.494806,65,11
2026-02-12 11:22:32.064763,17,17
2026-02-12 11:22:32.650546,64,9
2026-02-12 11:22:33.224313,27,49
2026-02-12 11:22:33.814888,70,1
2026-02-12 11:22:34.428851,11,28
2026-02-12 11:22:35.028956,10,41
2026-02-12 11:22:35.614223,88,42
2026-02-12 11:22:36.234606,9,26
2026-02-12 11:22:36.870308,82,35
2026-02-12 11:22:37.466278,100,20
2026-02-12 11:22:38.047944,76,29
2026-02-12 11:22:38.635082,100,12
2026-02-12 11:22:39.219518,71,8
2026-02-12 11:22:39.807072,9,34
2026-02-12 11:22:40.395724,100,37
2026-02-12 11:22:40.968137,53,30
2026-02-12 11:22:41.572937,30,37
2026-02-12 11:22:42.225163,14,33
2026-02-12 11:22:42.857692,39,39
2026-02-12 11:22:43.459407,1,45
2026-02-12 11:22:44.044481,55,16
2026-02-12 11:22:44.619484,24,22
2026-02-12 11:22:45.196732,90,43
2026-02-12 11:22:45.849967,16,15
2026-02-12 11:22:46.418892,90,19
2026-02-12 11:22:47.015001,53,50
2026-02-12 11:22:47.641447,33,33
2026-02-12 11:22:48.245900,12,13
2026-02-12 11:22:48.807062,39,26
2026-02-12 11:22:49.433567,84,16
2026-02-12 11:22:50.026236,64,3
2026-02-12 11:22:50.623518,32,15
2026-02-12 11:22:51.209467,85,39
2026-02-12 11:22:51.784318,47,33
2026-02-12 11:22:52.351624,79,18
2026-02-12 11:22:52.923210,51,4
2026-02-12 11:22:53.493295,44,37
2026-02-12 11:22:54.084633,82,36
2026-02-12 11:22:54.651612,60,31
2026-02-12 11:22:55.226751,95,43
2026-02-12 11:22:55.863609,58,42
2026-02-12 11:22:56.508021,15,34
2026-02-12 11:22:57.089099,45,11
2026-02-12 11:22:57.663882,64,41
2026-02-12 11:22:58.248516,93,10
2026-02-12 11:22:58.826974,22,40
2026-02-12 11:22:59.396020,87,6
2026-02-12 11:23:00.012546,35,50
2026-02-12 11:23:00.584804,65,11
2026-02-12 11:23:01.207357,39,5
2026-02-12 11:23:01.780564,73,16
2026-02-12 11:23:02.370569,32,0
2026-02-12 11:23:02.993298,66,39
2026-02-12 11:23:03.603754,66,11
2026-02-12 11:23:04.179093,80,27
2026-02-12 11:23:04.830709,7,46
2026-02-12 11:23:05.456149,53,37
2026-02-12 11:23:06.023309,10,13
2026-02-12 11:23:06.622771,87,49
2026-02-12 11:23:07.194033,9,16
2026-02-12 11:23:07.783162,8,50
2026-02-12 11:23:08.361731,76,28
2026-02-12 11:23:08.932951,27,12
2026-02-12 11:23:09.518971,47,17
2026-02-12 11:23:10.091437,17,6
2026-02-12 11:23:10.659644,14,21
2026-02-12 11:23:11.232244,37,25
2026-02-12 11:23:11.803676,73,31
2026-02-12 11:23:12.375192,94,24
2026-02-12 11:23:12.945425,54,12
2026-02-12 11:23:13.515144,36,30
2026-02-12 11:23:14.089781,96,5
2026-02-12 11:23:14.668947,85,4
2026-02-12 11:23:15.245478,100,37
2026-02-12 11:23:15.856984,10,27
2026-02-12 11:23:16.426217,29,39
2026-02-12 11:23:16.996601,51,1
2026-02-12 11:23:17.582111,100,50
2026-02-12 11:23:18.151181,48,49
2026-02-12 11:23:18.738228,36,28
2026-02-12 11:23:19.311037,90,26
2026-02-12 11:23:19.946203,11,9
2026-02-12 11:23:20.538123,59,43
2026-02-12 11:23:21.104227,45,19
2026-02-12 11:23:21.675185,90,35
2026-02-12 11:23:22.244333,58,0
2026-02-12 11:23:22.831908,61,43
2026-02-12 11:23:23.398427,44,39
2026-02-12 11:23:23.967918,70,22
2026-02-12 11:23:24.537582,83,44
2026-02-12 11:23:25.110967,24,12
2026-02-12 11:23:25.677863,98,49
2026-02-12 11:23:26.247698,94,16
2026-02-12 11:23:26.805932,35,30
2026-02-12 11:23:27.375841,45,17
2026-02-12 11:23:27.983885,37,21
2026-02-12 11:23:28.564657,65,33
2026-02-12 11:23:29.147773,7,42
2026-02-12 11:23:29.729716,1,40
2026-02-12 11:23:30.345530,48,44
2026-02-12 11:23:30.947230,17,16
2026-02-12 11:23:31.544048,45,29
2026-02-12 11:23:32.178736,14,9
2026-02-12 11:23:32.763010,100,41
2026-02-12 11:23:33.335057,86,12
2026-02-12 11:23:33.880370,68,4
2026-02-12 11:23:34.433566,62,32
2026-02-12 11:23:34.998280,13,9
2026-02-12 11:23:35.596331,96,48
2026-02-12 11:23:36.176466,38,9
2026-02-12 11:23:36.744579,49,10
2026-02-12 11:23:37.323894,39,6
2026-02-12 11:23:37.879291,95,18
2026-02-12 11:23:38.439863,25,38
2026-02-12 11:23:39.065601,48,12
2026-02-12 11:23:39.628425,9,2
2026-02-12 11:23:40.212924,93,31
2026-02-12 11:23:40.765912,76,3
2026-02-12 11:23:41.358847,51,36
2026-02-12 11:23:41.909168,95,2
2026-02-12 11:23:42.477865,89,39
2026-02-12 11:23:43.056366,3,43
2026-02-12 11:23:43.630394,32,41
2026-02-12 11:23:44.210409,34,31
2026-02-12 11:23:44.801535,62,38
2026-02-12 11:23:45.371712,15,46
2026-02-12 11:23:45.939816,27,50
2026-02-12 11:23:46.509993,32,29
2026-02-12 11:23:47.079240,31,50
2026-02-12 11:23:47.650135,69,20
2026-02-12 11:23:48.219710,88,21
2026-02-12 11:23:48.790906,23,6
2026-02-12 11:23:49.381509,94,13
2026-02-12 11:23:49.953034,21,8
2026-02-12 11:23:50.522478,66,17
2026-02-12 11:23:51.108165,42,1
2026-02-12 11:23:51.697321,26,23
2026-02-12 11:23:52.264822,50,7
2026-02-12 11:23:52.863128,95,22
2026-02-12 11:23:53.439747,7,12
2026-02-12 11:23:54.036305,76,32
2026-02-12 11:23:54.603596,95,20
2026-02-12 11:23:55.173919,67,6
2026-02-12 11:23:55.740436,61,46
2026-02-12 11:23:56.311510,73,8
2026-02-12 11:23:56.929632,95,47
2026-02-12 11:23:57.499782,68,39
2026-02-12 11:23:58.071405,91,7
2026-02-12 11:23:58.639918,70,16
2026-02-12 11:23:59.206776,36,20
2026-02-12 11:23:59.803289,12,49
2026-02-12 11:24:00.376382,15,18
2026-02-12 11:24:00.945251,12,29
2026-02-12 11:24:01.511189,62,27
2026-02-12 11:24:02.078975,55,46
2026-02-12 11:24:02.645385,69,24
2026-02-12 11:24:03.214685,22,34
2026-02-12 11:24:03.782349,13,43
2026-02-12 11:24:04.350062,100,5
2026-02-12 11:24:04.921160,4,2
2026-02-12 11:24:05.488922,45,2
2026-02-12 11:24:06.055155,44,31
2026-02-12 11:24:06.624713,57,14
2026-02-12 11:24:07.189348,59,36
2026-02-12 11:24:07.776956,10,44
2026-02-12 11:24:08.369010,0,18
2026-02-12 11:24:08.940829,54,25
2026-02-12 11:24:09.510417,96,41
2026-02-12 11:24:10.083156,52,45
2026-02-12 11:24:10.659309,52,9
2026-02-12 11:24:11.238621,41,15
2026-02-12 11:24:11.826202,0,25
2026-02-12 11:24:12.396329,2,29
2026-02-12 11:24:12.965563,83,9
2026-02-12 11:24:13.535228,87,19
2026-02-12 11:24:14.124408,90,41
2026-02-12 11:24:14.701338,68,4
2026-02-12 11:24:15.281435,59,7
2026-02-12 11:24:15.876338,46,26
2026-02-12 11:24:16.465094,60,37
2026-02-12 11:24:17.042296,62,17
2026-02-12 11:24:17.620345,42,50
2026-02-12 11:24:18.195249,28,28
2026-02-12 11:24:18.768258,31,16
2026-02-12 11:24:19.343322,9,45
2026-02-12 11:24:19.924681,90,43
2026-02-12 11:24:20.489899,6,27
2026-02-12 11:24:21.059092,42,35
2026-02-12 11:24:21.626471,22,31
2026-02-12 11:24:22.273901,25,46
2026-02-12 11:24:22.880465,20,42
2026-02-12 11:24:23.453427,83,7
2026-02-12 11:24:24.034948,91,32
2026-02-12 11:24:24.608494,95,32
2026-02-12 11:24:25.175803,16,46
2026-02-12 11:24:25.747191,38,46
2026-02-12 11:24:26.314401,21,43
2026-02-12 11:24:26.887742,22,15
2026-02-12 11:24:27.455567,23,49
2026-02-12 11:24:28.025457,10,41
2026-02-12 11:24:28.593372,37,12
2026-02-12 11:24:29.163710,20,7
2026-02-12 11:24:29.731546,35,6
2026-02-12 11:24:30.301307,94,45
2026-02-12 11:24:30.882603,24,16
2026-02-12 11:24:31.451434,78,24
2026-02-12 11:24:32.020762,72,13
2026-02-12 11:24:32.590643,29,10
2026-02-12 11:24:33.164264,25,21
2026-02-12 11:24:33.740134,35,18
2026-02-12 11:24:34.293042,76,50
2026-02-12 11:24:34.862578,10,46
2026-02-12 11:24:35.429288,38,7
2026-02-12 11:24:36.030764,93,10
2026-02-12 11:24:36.619034,63,10
2026-02-12 11:24:37.215044,39,10
2026-02-12 11:24:37.784707,21,33
2026-02-12 11:24:38.366255,26,35
2026-02-12 11:24:38.936916,98,33
2026-02-12 11:24:39.505411,33,25
2026-02-12 11:24:40.071872,36,29
2026-02-12 11:24:40.633508,76,27
2026-02-12 11:24:41.263366,28,2
2026-02-12 11:24:41.879922,65,26
2026-02-12 11:24:42.456770,35,40
2026-02-12 11:24:43.026259,19,30
2026-02-12 11:24:43.632761,49,24
2026-02-12 11:24:44.219025,9,43
2026-02-12 11:24:44.788197,56,32
2026-02-12 11:24:45.397937,14,32
2026-02-12 11:24:45.959051,87,17
2026-02-12 11:24:46.534837,55,50
2026-02-12 11:24:47.109251,10,19
2026-02-12 11:24:47.690033,13,15
2026-02-12 11:24:48.256007,17,23
2026-02-12 11:24:48.830693,17,41
2026-02-12 11:24:49.436329,5,1
2026-02-12 11:24:50.015063,15,39
2026-02-12 11:24:50.614482,78,22
2026-02-12 11:24:51.182174,96,41
2026-02-12 11:24:51.764135,37,24
2026-02-12 11:24:52.351165,7,15
2026-02-12 11:24:52.924201,58,7
2026-02-12 11:24:53.495470,4,39
2026-02-12 11:24:54.072166,44,31
2026-02-12 11:24:54.623242,21,17
2026-02-12 11:24:55.175927,66,43
2026-02-12 11:24:55.769313,79,34
2026-02-12 11:24:56.335618,96,19
2026-02-12 11:24:56.905646,40,13
2026-02-12 11:24:57.473095,39,43
2026-02-12 11:24:58.042762,55,5
2026-02-12 11:24:58.638315,39,16
2026-02-12 11:24:59.209408,77,42
2026-02-12 11:24:59.835432,65,14
2026-02-12 11:25:00.443479,20,28
2026-02-12 11:25:01.081901,25,36
2026-02-12 11:25:01.688005,38,43
2026-02-12 11:25:02.271830,67,22
2026-02-12 11:25:02.841768,33,3
2026-02-12 11:25:03.408176,62,6
2026-02-12 11:25:03.977204,16,50
2026-02-12 11:25:04.624931,60,3
2026-02-12 11:25:05.194376,17,28
2026-02-12 11:25:05.773972,40,20
2026-02-12 11:25:06.353383,7,6
2026-02-12 11:25:06.933063,81,39
2026-02-12 11:25:07.528315,32,40
2026-02-12 11:25:08.107838,98,4
2026-02-12 11:25:08.680159,38,36
2026-02-12 11:25:09.246780,22,13
2026-02-12 11:25:09.850141,44,29
2026-02-12 11:25:10.434600,96,50
2026-02-12 11:25:11.055360,41,44
2026-02-12 11:25:11.622769,100,20
2026-02-12 11:25:12.194668,7,0
2026-02-12 11:25:12.768294,28,35
2026-02-12 11:25:13.341955,34,28
2026-02-12 11:25:13.909805,14,17
2026-02-12 11:25:14.498847,81,11
2026-02-12 11:25:15.072813,29,24
2026-02-12 11:25:15.651268,68,36
2026-02-12 11:25:16.220092,83,30
2026-02-12 11:25:16.790019,39,43
2026-02-12 11:25:17.382691,22,41
2026-02-12 11:25:17.953202,14,36
2026-02-12 11:25:18.537902,46,27
2026-02-12 11:25:19.089790,80,17
2026-02-12 11:25:19.663759,69,3
2026-02-12 11:25:20.234442,54,25
2026-02-12 11:25:20.801713,97,4
2026-02-12 11:25:21.372376,62,43
2026-02-12 11:25:21.939822,44,11
2026-02-12 11:25:22.508584,77,5
2026-02-12 11:25:23.097313,55,44
2026-02-12 11:25:23.673309,6,30
2026-02-12 11:25:24.291310,30,19
2026-02-12 11:25:24.868713,73,42
2026-02-12 11:25:25.447681,66,42
2026-02-12 11:25:26.018023,3,44
2026-02-12 11:25:26.602137,15,42
2026-02-12 11:25:27.174526,48,39
2026-02-12 11:25:27.741149,80,25
2026-02-12 11:25:28.329628,54,32
2026-02-12 11:25:28.897118,26,8
2026-02-12 11:25:29.483537,45,40
2026-02-12 11:25:30.051124,55,27
2026-02-12 11:25:30.622364,38,34
2026-02-12 11:25:31.214840,84,44
2026-02-12 11:25:31.786755,33,20
2026-02-12 11:25:32.387320,71,27
2026-02-12 11:25:32.967945,56,11
2026-02-12 11:25:33.566843,60,44
2026-02-12 11:25:34.145658,25,46
2026-02-12 11:25:34.714894,93,37
2026-02-12 11:25:35.284303,28,27
2026-02-12 11:25:35.859778,43,50
2026-02-12 11:25:36.431816,67,4
2026-02-12 11:25:37.011589,77,43
2026-02-12 11:25:37.583389,27,11
2026-02-12 11:25:38.150055,1,45
2026-02-12 11:25:38.721899,59,46
2026-02-12 11:25:39.293072,16,29
2026-02-12 11:25:39.862713,4,42
2026-02-12 11:25:40.435084,85,10
2026-02-12 11:25:41.050647,90,19
2026-02-12 11:25:41.617979,65,30
2026-02-12 11:25:42.192224,41,49
2026-02-12 11:25:42.764300,23,9
2026-02-12 11:25:43.339348,49,31
2026-02-12 11:25:43.909010,99,17
2026-02-12 11:25:44.505587,71,49
2026-02-12 11:25:45.076385,43,11
2026-02-12 11:25:45.647403,43,0
2026-02-12 11:25:46.224315,10,4
2026-02-12 11:25:46.796951,19,45
2026-02-12 11:25:47.378845,7,8
2026-02-12 11:25:47.969034,88,47
2026-02-12 11:25:48.563352,91,44
2026-02-12 11:25:49.147080,20,10
2026-02-12 11:25:49.732747,3,21
2026-02-12 11:25:50.303632,23,44
2026-02-12 11:25:50.874082,57,23
2026-02-12 11:25:51.446317,90,5
2026-02-12 11:25:52.014535,43,16
2026-02-12 11:25:52.584298,83,18
2026-02-12 11:25:53.152641,58,5
2026-02-12 11:25:53.727476,81,22
2026-02-12 11:25:54.327935,84,22
2026-02-12 11:25:54.899840,80,26
2026-02-12 11:25:55.469192,94,8
2026-02-12 11:25:56.038526,56,27
2026-02-12 11:25:56.606395,40,11
2026-02-12 11:25:57.177592,84,47
2026-02-12 11:25:57.749351,81,47
2026-02-12 11:25:58.319707,94,44
2026-02-12 11:25:58.903446,96,26
2026-02-12 11:25:59.515331,11,31
2026-02-12 11:26:00.095010,87,10
2026-02-12 11:26:00.708835,86,15
2026-02-12 11:26:01.290680,28,4
2026-02-12 11:26:01.866725,84,17
2026-02-12 11:26:02.438001,56,7
2026-02-12 11:26:03.027768,5,4
2026-02-12 11:26:03.621890,34,4
2026-02-12 11:26:04.240158,3,41
2026-02-12 11:26:04.821045,40,27
2026-02-12 11:26:05.382402,47,17
2026-02-12 11:26:05.972572,39,25
2026-02-12 11:26:06.546314,61,5
2026-02-12 11:26:07.150264,11,16
2026-02-12 11:26:07.731800,0,47
2026-02-12 11:26:08.327694,88,13
2026-02-12 11:26:08.910483,74,37
2026-02-12 11:26:09.462646,44,42
2026-02-12 11:26:10.030145,19,17
2026-02-12 11:26:10.612497,7,46
2026-02-12 11:26:11.184751,7,32
2026-02-12 11:26:11.761477,28,25
2026-02-12 11:26:12.352585,8,18
2026-02-12 11:26:12.925879,8,40
2026-02-12 11:26:13.513315,90,9
2026-02-12 11:26:14.098185,67,6
2026-02-12 11:26:14.681171,31,1
2026-02-12 11:26:15.273047,19,48
2026-02-12 11:26:15.871010,67,6
2026-02-12 11:26:16.447011,31,36
2026-02-12 11:26:17.020113,89,24
2026-02-12 11:26:17.587752,96,46
2026-02-12 11:26:18.154725,99,10
2026-02-12 11:26:18.733019,26,4
2026-02-12 11:26:19.309096,97,38
2026-02-12 11:26:19.903530,17,11
2026-02-12 11:26:20.483279,63,1
2026-02-12 11:26:21.051273,0,2
2026-02-12 11:26:21.609491,18,6
2026-02-12 11:26:22.185253,7,29
2026-02-12 11:26:22.762291,43,7
2026-02-12 11:26:23.338551,47,9
2026-02-12 11:26:23.923143,39,36
2026-02-12 11:26:24.500558,72,44
2026-02-12 11:26:25.079978,61,20
2026-02-12 11:26:25.665500,96,17
2026-02-12 11:26:26.236359,17,45
2026-02-12 11:26:26.801440,88,1
2026-02-12 11:26:27.390784,51,24
2026-02-12 11:26:27.963812,66,10
2026-02-12 11:26:28.549184,61,49
2026-02-12 11:26:29.118371,75,37
2026-02-12 11:26:29.706025,14,36
2026-02-12 11:26:30.284499,31,47
2026-02-12 11:26:30.853450,8,47
2026-02-12 11:26:31.406469,43,12
2026-02-12 11:26:31.983832,71,35
2026-02-12 11:26:32.568146,34,1
2026-02-12 11:26:33.152380,54,24
2026-02-12 11:26:33.744060,1,49
2026-02-12 11:26:34.337360,99,6
2026-02-12 11:26:34.903652,90,34
2026-02-12 11:26:35.525255,40,44
2026-02-12 11:26:36.158158,74,39
2026-02-12 11:26:36.729257,74,48
2026-02-12 11:26:37.324228,71,24
2026-02-12 11:26:37.898438,70,38
2026-02-12 11:26:38.478550,28,40
2026-02-12 11:26:39.051653,79,45
2026-02-12 11:26:39.647860,70,11
2026-02-12 11:26:40.258654,89,32
2026-02-12 11:26:40.846545,57,6
2026-02-12 11:26:41.420128,24,8
2026-02-12 11:26:41.992673,67,33
2026-02-12 11:26:42.567397,2,7
2026-02-12 11:26:43.139389,30,15
2026-02-12 11:26:43.709490,1,23
2026-02-12 11:26:44.281034,90,37
2026-02-12 11:26:44.853279,48,17
2026-02-12 11:26:45.422934,27,34
2026-02-12 11:26:45.992248,30,41
2026-02-12 11:26:46.563770,74,39
2026-02-12 11:26:47.136892,4,34
2026-02-12 11:26:47.710386,75,26
2026-02-12 11:26:48.304456,8,25
2026-02-12 11:26:48.872461,36,20
2026-02-12 11:26:49.442620,17,36
2026-02-12 11:26:50.010679,79,1
2026-02-12 11:26:50.582718,74,35
2026-02-12 11:26:51.153112,66,14
2026-02-12 11:26:51.727204,48,33
2026-02-12 11:26:52.296495,71,49
2026-02-12 11:26:52.866237,62,5
2026-02-12 11:26:53.433313,51,23
2026-02-12 11:26:54.007450,41,24
2026-02-12 11:26:54.575912,12,15
2026-02-12 11:26:55.148665,31,34
2026-02-12 11:26:55.716004,40,38
2026-02-12 11:26:56.285825,89,21
2026-02-12 11:26:56.857683,36,48
2026-02-12 11:26:57.431313,70,11
2026-02-12 11:26:57.998324,65,47
2026-02-12 11:26:58.568400,41,33
2026-02-12 11:26:59.133603,34,23
2026-02-12 11:26:59.703549,34,2
2026-02-12 11:27:00.273673,59,41
2026-02-12 11:27:00.855025,92,50
2026-02-12 11:27:01.420974,8,1
2026-02-12 11:27:01.991304,13,20
2026-02-12 11:27:02.559975,32,43
2026-02-12 11:27:03.129202,73,24
2026-02-12 11:27:03.698357,93,14
2026-02-12 11:27:04.269378,30,28
2026-02-12 11:27:04.836132,93,36
2026-02-12 11:27:05.407031,83,13
2026-02-12 11:27:05.973738,100,40
2026-02-12 11:27:06.543577,21,13
2026-02-12 11:27:07.110711,5,32
2026-02-12 11:27:07.682293,93,46
2026-02-12 11:27:08.253696,81,33
2026-02-12 11:27:08.826355,32,24
2026-02-12 11:27:09.394981,20,17
2026-02-12 11:27:09.964770,96,50
2026-02-12 11:27:10.534003,28,11
2026-02-12 11:27:11.105169,1,38
2026-02-12 11:27:11.674685,65,43
2026-02-12 11:27:12.245031,0,30
2026-02-12 11:27:12.813112,0,19
2026-02-12 11:27:13.384465,9,24
2026-02-12 11:27:13.952401,79,0
2026-02-12 11:27:14.524270,79,0
2026-02-12 11:27:15.091667,87,13
2026-02-12 11:27:15.679662,41,50
2026-02-12 11:27:16.256854,30,24
2026-02-12 11:27:16.828783,24,19
2026-02-12 11:27:17.397754,73,44
2026-02-12 11:27:17.968063,48,7
2026-02-12 11:27:18.538173,95,4
2026-02-12 11:27:19.107907,60,17
2026-02-12 11:27:19.675725,84,36
2026-02-12 11:27:20.246512,22,31
2026-02-12 11:27:20.816057,48,10
2026-02-12 11:27:21.393847,71,31
2026-02-12 11:27:21.961265,6,45
2026-02-12 11:27:22.558743,82,32
2026-02-12 11:27:23.145446,30,49
2026-02-12 11:27:23.745911,67,0
2026-02-12 11:27:24.325772,97,20
2026-02-12 11:27:24.921534,63,4
2026-02-12 11:27:25.521341,10,33
2026-02-12 11:27:26.111143,37,5
2026-02-12 11:27:26.797723,3,40
2026-02-12 11:27:27.395562,20,47
2026-02-12 11:27:27.981460,26,39
2026-02-12 11:27:28.546184,26,49
2026-02-12 11:27:29.144445,16,24
2026-02-12 11:27:29.748186,56,35
2026-02-12 11:27:30.362048,88,2
2026-02-12 11:27:30.943234,99,48
2026-02-12 11:27:31.515488,60,42
2026-02-12 11:27:32.094053,89,10
2026-02-12 11:27:32.665876,64,11
2026-02-12 11:27:33.237937,1,44
2026-02-12 11:27:33.825003,81,21
2026-02-12 11:27:34.397617,52,49
2026-02-12 11:27:34.965388,29,23
2026-02-12 11:27:35.536269,28,2
2026-02-12 11:27:36.104624,25,2
2026-02-12 11:27:36.675421,15,48
2026-02-12 11:27:37.243615,6,25
2026-02-12 11:27:37.816011,16,0
2026-02-12 11:27:38.387687,95,12
2026-02-12 11:27:38.959421,9,15
2026-02-12 11:27:39.530343,84,32
2026-02-12 11:27:40.103307,89,9
2026-02-12 11:27:40.673187,75,20
2026-02-12 11:27:41.246390,77,50
2026-02-12 11:27:41.815826,91,1
2026-02-12 11:27:42.498638,87,47
2026-02-12 11:27:43.123784,97,3
2026-02-12 11:27:43.695159,83,32
2026-02-12 11:27:44.264990,55,44
2026-02-12 11:27:44.833900,4,12
2026-02-12 11:27:45.405771,52,25
2026-02-12 11:27:45.973375,12,19
2026-02-12 11:27:46.566569,38,36
2026-02-12 11:27:47.158745,95,20
2026-02-12 11:27:47.729105,44,4
2026-02-12 11:27:48.297150,5,0
2026-02-12 11:27:48.869195,8,40
2026-02-12 11:27:49.444622,51,44
2026-02-12 11:27:50.017655,48,26
2026-02-12 11:27:50.605780,49,11
2026-02-12 11:27:51.188241,51,24
2026-02-12 11:27:51.755802,60,22
2026-02-12 11:27:52.326679,16,20
2026-02-12 11:27:52.895870,39,8
2026-02-12 11:27:53.488862,25,6
2026-02-12 11:27:54.059492,30,34
2026-02-12 11:27:54.630951,59,29
2026-02-12 11:27:55.200643,62,49
2026-02-12 11:27:55.784271,91,17
2026-02-12 11:27:56.352388,55,11
2026-02-12 11:27:56.935983,48,21
2026-02-12 11:27:57.504998,11,25
2026-02-12 11:27:58.105671,86,26
2026-02-12 11:27:58.673632,92,47
2026-02-12 11:27:59.247288,72,43
2026-02-12 11:27:59.815765,87,41
2026-02-12 11:28:00.406981,19,2
2026-02-12 11:28:00.977078,28,22
2026-02-12 11:28:01.548014,94,46
2026-02-12 11:28:02.116710,51,3
2026-02-12 11:28:02.688259,4,26
2026-02-12 11:28:03.251753,12,42
2026-02-12 11:28:03.825586,89,13
2026-02-12 11:28:04.410424,47,43
2026-02-12 11:28:04.992916,8,2
2026-02-12 11:28:05.574469,14,32
2026-02-12 11:28:06.151465,55,49
2026-02-12 11:28:06.734006,56,2
2026-02-12 11:28:07.358405,80,41
2026-02-12 11:28:08.002614,71,10
2026-02-12 11:28:08.570625,3,24
2026-02-12 11:28:09.144787,16,36
2026-02-12 11:28:09.711238,49,4
2026-02-12 11:28:10.261520,54,50
2026-02-12 11:28:10.852103,21,15
2026-02-12 11:28:11.422962,70,50
2026-02-12 11:28:12.009677,95,11
2026-02-12 11:28:12.580603,35,23
2026-02-12 11:28:13.177229,96,13
2026-02-12 11:28:13.739609,44,47
2026-02-12 11:28:14.318099,45,1
2026-02-12 11:28:14.899990,27,41
2026-02-12 11:28:15.477363,72,50
2026-02-12 11:28:16.119954,52,15
2026-02-12 11:28:16.701082,25,47
2026-02-12 11:28:17.321720,70,25
2026-02-12 11:28:17.898071,41,27
2026-02-12 11:28:18.470224,87,37
2026-02-12 11:28:19.072362,68,19
2026-02-12 11:28:19.649701,84,5
2026-02-12 11:28:20.253399,72,5
2026-02-12 11:28:20.834000,41,15
2026-02-12 11:28:21.403904,4,20
2026-02-12 11:28:22.001323,53,42
2026-02-12 11:28:22.576722,9,16
2026-02-12 11:28:23.136855,49,24
2026-02-12 11:28:23.703803,26,20
2026-02-12 11:28:24.279819,72,14
2026-02-12 11:28:24.849885,83,13
2026-02-12 11:28:25.436842,99,6
2026-02-12 11:28:26.014392,31,26
2026-02-12 11:28:26.564102,92,18
2026-02-12 11:28:27.155365,42,36
2026-02-12 11:28:27.728441,60,13
2026-02-12 11:28:28.323655,94,12
2026-02-12 11:28:28.921605,47,13
2026-02-12 11:28:29.496919,22,43
2026-02-12 11:28:30.069352,1,0
2026-02-12 11:28:30.678986,28,26
2026-02-12 11:28:31.299354,6,41
2026-02-12 11:28:31.939576,9,35
2026-02-12 11:28:32.518314,80,15
2026-02-12 11:28:33.114691,29,9
2026-02-12 11:28:33.698341,29,25
2026-02-12 11:28:34.273213,65,31
2026-02-12 11:28:34.843204,17,26
2026-02-12 11:28:35.414834,26,34
2026-02-12 11:28:36.004774,73,33
2026-02-12 11:28:36.604938,88,0
2026-02-12 11:28:37.199635,80,25
2026-02-12 11:28:37.774123,40,35
2026-02-12 11:28:38.350858,50,44
2026-02-12 11:28:38.926467,16,26
2026-02-12 11:28:39.496007,74,28
2026-02-12 11:28:40.067300,29,23
2026-02-12 11:28:40.643813,97,9
2026-02-12 11:28:41.214699,100,37
2026-02-12 11:28:41.808977,14,3
2026-02-12 11:28:42.381862,10,40
2026-02-12 11:28:42.950388,40,28
2026-02-12 11:28:43.522132,4,32
2026-02-12 11:28:44.090078,12,41
2026-02-12 11:28:44.668439,29,17
2026-02-12 11:28:45.240649,38,50
2026-02-12 11:28:45.809829,24,16
2026-02-12 11:28:46.400107,0,30
2026-02-12 11:28:46.982921,39,17
2026-02-12 11:28:47.550094,33,31
2026-02-12 11:28:48.141737,54,28
2026-02-12 11:28:48.753340,38,20
2026-02-12 11:28:49.324603,94,45
2026-02-12 11:28:49.903407,68,3
2026-02-12 11:28:50.482946,42,43
2026-02-12 11:28:51.063029,82,45
2026-02-12 11:28:51.633040,24,31
2026-02-12 11:28:52.223954,24,23
2026-02-12 11:28:52.813234,88,10
2026-02-12 11:28:53.428627,19,41
2026-02-12 11:28:54.025835,57,16
2026-02-12 11:28:54.617059,5,32
2026-02-12 11:28:55.190801,58,9
2026-02-12 11:28:55.796202,35,34
2026-02-12 11:28:56.366359,85,35
2026-02-12 11:28:56.941733,70,8
2026-02-12 11:28:57.503819,44,19
2026-02-12 11:28:58.061124,75,27
2026-02-12 11:28:58.636596,81,38
2026-02-12 11:28:59.216485,61,29
2026-02-12 11:28:59.784126,17,4
2026-02-12 11:29:00.366361,17,6
2026-02-12 11:29:00.924961,100,38
2026-02-12 11:29:01.493301,89,45
2026-02-12 11:29:02.054722,96,7
2026-02-12 11:29:02.633490,85,5
2026-02-12 11:29:03.203191,46,41
2026-02-12 11:29:03.787459,91,11
2026-02-12 11:29:04.354216,45,31
2026-02-12 11:29:04.902967,87,50
2026-02-12 11:29:05.480698,45,28
2026-02-12 11:29:06.046861,84,23
2026-02-12 11:29:06.618649,69,21
2026-02-12 11:29:07.179108,58,36
2026-02-12 11:29:07.738875,82,2
2026-02-12 11:29:08.293416,83,48
2026-02-12 11:29:08.865407,93,2
2026-02-12 11:29:09.427835,78,46
2026-02-12 11:29:09.983789,36,45
2026-02-12 11:29:10.556021,14,0
2026-02-12 11:29:11.133338,53,9
2026-02-12 11:29:11.713323,41,45
2026-02-12 11:29:12.290839,30,27
2026-02-12 11:29:12.870183,76,30
2026-02-12 11:29:13.473710,68,39
2026-02-12 11:29:14.039916,22,50
2026-02-12 11:29:14.651154,69,29
2026-02-12 11:29:15.240375,50,37
2026-02-12 11:29:15.816261,56,21
2026-02-12 11:29:16.390176,80,39
2026-02-12 11:29:16.963048,51,16
2026-02-12 11:29:17.533952,24,50
2026-02-12 11:29:18.128237,8,24
2026-02-12 11:29:18.694299,9,25
2026-02-12 11:29:19.263730,57,28
2026-02-12 11:29:19.857375,72,30
2026-02-12 11:29:20.426067,7,32
2026-02-12 11:29:21.000362,66,19
2026-02-12 11:29:21.571131,63,49
2026-02-12 11:29:22.142131,94,22
2026-02-12 11:29:22.713127,83,24
2026-02-12 11:29:23.328642,43,11
2026-02-12 11:29:23.898729,94,43
2026-02-12 11:29:24.471014,48,35
2026-02-12 11:29:25.042096,15,29
2026-02-12 11:29:25.615762,43,18
2026-02-12 11:29:26.204924,73,2
2026-02-12 11:29:26.777073,44,32
2026-02-12 11:29:27.349968,39,42
2026-02-12 11:29:27.921383,22,0
2026-02-12 11:29:28.546972,85,41
2026-02-12 11:29:29.117105,68,27
2026-02-12 11:29:29.694803,74,1
2026-02-12 11:29:30.268032,24,14
2026-02-12 11:29:30.865703,55,8
2026-02-12 11:29:31.435114,32,13
2026-02-12 11:29:32.009393,84,15
2026-02-12 11:29:32.585397,23,0
2026-02-12 11:29:33.157071,56,46
2026-02-12 11:29:33.731809,62,24
2026-02-12 11:29:34.300507,42,3
2026-02-12 11:29:34.888645,14,1
2026-02-12 11:29:35.463222,0,41
2026-02-12 11:29:36.046736,55,45
2026-02-12 11:29:36.618774,85,29
2026-02-12 11:29:37.197989,24,34
2026-02-12 11:29:37.769412,53,25
2026-02-12 11:29:38.435562,19,35
2026-02-12 11:29:39.041382,41,24
2026-02-12 11:29:39.647728,93,30
2026-02-12 11:29:40.222349,58,34
2026-02-12 11:29:40.800728,13,36
2026-02-12 11:29:41.369629,31,48
2026-02-12 11:29:41.968752,65,19
2026-02-12 11:29:42.566242,85,8
2026-02-12 11:29:43.148027,14,21
2026-02-12 11:29:43.718992,18,32
2026-02-12 11:29:44.295007,52,36
2026-02-12 11:29:44.864537,56,13
2026-02-12 11:29:45.451260,19,28
2026-02-12 11:29:46.021159,18,22
2026-02-12 11:29:46.629612,77,40
2026-02-12 11:29:47.249666,63,24
2026-02-12 11:29:47.835671,4,27
2026-02-12 11:29:48.404422,38,47
2026-02-12 11:29:48.994330,8,20
2026-02-12 11:29:49.580414,4,15
2026-02-12 11:29:50.153191,22,31
2026-02-12 11:29:50.722082,81,40
2026-02-12 11:29:51.319636,60,16
2026-02-12 11:29:51.920374,47,28
2026-02-12 11:29:52.489893,1,32
2026-02-12 11:29:53.062352,90,28
2026-02-12 11:29:53.637347,57,12
2026-02-12 11:29:54.330976,38,2
2026-02-12 11:29:54.913978,10,12
2026-02-12 11:29:55.485057,42,47
2026-02-12 11:29:56.065879,91,17
2026-02-12 11:29:56.637329,98,19
2026-02-12 11:29:57.227974,78,46
2026-02-12 11:29:57.806850,6,27
2026-02-12 11:29:58.375574,36,42
2026-02-12 11:29:58.978653,16,28
2026-02-12 11:29:59.554581,35,38
2026-02-12 11:30:00.124893,71,49
2026-02-12 11:30:00.698883,39,38
2026-02-12 11:30:01.272076,83,30
2026-02-12 11:30:01.841489,37,21
2026-02-12 11:30:02.416556,22,25
2026-02-12 11:30:02.990267,83,24
2026-02-12 11:30:03.598130,23,35
2026-02-12 11:30:04.180719,59,0
2026-02-12 11:30:04.754733,71,7
2026-02-12 11:30:05.326473,10,15
2026-02-12 11:30:05.900645,77,15
2026-02-12 11:30:06.470941,21,12
2026-02-12 11:30:07.071254,96,46
2026-02-12 11:30:07.683180,26,33
2026-02-12 11:30:08.285386,23,27
2026-02-12 11:30:08.881359,31,18
2026-02-12 11:30:09.452521,48,4
2026-02-12 11:30:10.036160,8,11
2026-02-12 11:30:10.609344,44,35
2026-02-12 11:30:11.173186,38,17
2026-02-12 11:30:11.765791,56,12
2026-02-12 11:30:12.356131,21,27
2026-02-12 11:30:12.939312,4,43
2026-02-12 11:30:13.510878,30,50
2026-02-12 11:30:14.081146,54,26
2026-02-12 11:30:14.662937,69,42
2026-02-12 11:30:15.252502,81,43
2026-02-12 11:30:15.851646,52,12
2026-02-12 11:30:16.425446,28,26
2026-02-12 11:30:17.035878,32,45
2026-02-12 11:30:17.631876,100,16
2026-02-12 11:30:18.208609,39,20
2026-02-12 11:30:18.809257,44,44
2026-02-12 11:30:19.404658,33,32
2026-02-12 11:30:20.002929,10,38
2026-02-12 11:30:20.589273,33,47
2026-02-12 11:30:21.165991,28,24
2026-02-12 11:30:21.768902,88,43
2026-02-12 11:30:22.343924,40,27
2026-02-12 11:30:22.931542,33,10
2026-02-12 11:30:23.537450,76,50
2026-02-12 11:30:24.131205,65,12
2026-02-12 11:30:24.687438,30,39
2026-02-12 11:30:25.266280,82,9
2026-02-12 11:30:25.848134,36,44
2026-02-12 11:30:26.431483,53,49
2026-02-12 11:30:26.994154,92,26
2026-02-12 11:30:27.595272,3,32
2026-02-12 11:30:28.202929,39,9
2026-02-12 11:30:28.819408,57,42
2026-02-12 11:30:29.405413,15,1
2026-02-12 11:30:30.018845,16,20
2026-02-12 11:30:30.634552,0,5
2026-02-12 11:30:31.221510,76,16
2026-02-12 11:30:31.836910,35,24
2026-02-12 11:30:32.439503,69,1
2026-02-12 11:30:33.052997,41,38
2026-02-12 11:30:33.690579,96,24
2026-02-12 11:30:34.302109,1,14
2026-02-12 11:30:34.911113,41,39
2026-02-12 11:30:35.522914,50,49
2026-02-12 11:30:36.127705,52,49
2026-02-12 11:30:36.723621,9,3
2026-02-12 11:30:37.376708,3,18
2026-02-12 11:30:38.001440,29,5
2026-02-12 11:30:38.606163,6,42
2026-02-12 11:30:39.205862,7,13
2026-02-12 11:30:39.820037,34,19
2026-02-12 11:30:40.413961,5,37
2026-02-12 11:30:41.020400,33,23
2026-02-12 11:30:41.610636,93,16
2026-02-12 11:30:42.214287,76,39
2026-02-12 11:30:42.800319,52,50
2026-02-12 11:30:43.399902,23,20
2026-02-12 11:30:43.976563,25,10
2026-02-12 11:30:44.587419,70,20
2026-02-12 11:30:45.194097,89,1
2026-02-12 11:30:45.777620,83,4
2026-02-12 11:30:46.359269,1,15
2026-02-12 11:30:46.929282,77,38
2026-02-12 11:30:47.504287,12,38
2026-02-12 11:30:48.073723,4,32
2026-02-12 11:30:48.688835,44,3
2026-02-12 11:30:49.259536,15,28
2026-02-12 11:30:49.841522,34,25
2026-02-12 11:30:50.438091,55,34
2026-02-12 11:30:51.011011,53,32
2026-02-12 11:30:51.580638,38,9
2026-02-12 11:30:52.152023,29,46
2026-02-12 11:30:52.723323,43,43
2026-02-12 11:30:53.311106,21,36
2026-02-12 11:30:53.880950,58,38
2026-02-12 11:30:54.453620,59,24
2026-02-12 11:30:55.023805,90,24
2026-02-12 11:30:55.599433,18,47
2026-02-12 11:30:56.168443,53,50
2026-02-12 11:30:56.741191,24,45
2026-02-12 11:30:57.314563,29,14
2026-02-12 11:30:57.887430,30,27
2026-02-12 11:30:58.458373,31,41
2026-02-12 11:30:59.032784,64,34
2026-02-12 11:30:59.604081,78,11
2026-02-12 11:31:00.178098,39,16
2026-02-12 11:31:00.809069,93,23
2026-02-12 11:31:01.381962,82,49
2026-02-12 11:31:01.982455,1,24
2026-02-12 11:31:02.557334,69,13
2026-02-12 11:31:03.128401,13,23
2026-02-12 11:31:03.721774,44,2
2026-02-12 11:31:04.311483,88,20
2026-02-12 11:31:04.895681,88,27
2026-02-12 11:31:05.484601,52,17
2026-02-12 11:31:06.059309,70,22
2026-02-12 11:31:06.665617,60,27
2026-02-12 11:31:07.244904,11,23
2026-02-12 11:31:07.851246,57,21
2026-02-12 11:31:08.424775,59,38
2026-02-12 11:31:08.998472,99,16
2026-02-12 11:31:09.575986,93,50
2026-02-12 11:31:10.161105,96,28
2026-02-12 11:31:10.737306,62,15
2026-02-12 11:31:11.313356,15,18
2026-02-12 11:31:11.886409,90,31
2026-02-12 11:31:12.457286,82,47
2026-02-12 11:31:13.029111,83,49
2026-02-12 11:31:13.598519,94,13
2026-02-12 11:31:14.170098,50,34
2026-02-12 11:31:14.747640,90,31
2026-02-12 11:31:15.318880,3,13
2026-02-12 11:31:15.907884,37,33
2026-02-12 11:31:16.499438,74,49
2026-02-12 11:31:17.076360,89,25
2026-02-12 11:31:17.649283,85,47
2026-02-12 11:31:18.220215,100,29
2026-02-12 11:31:18.865810,43,46
2026-02-12 11:31:19.461227,83,1
2026-02-12 11:31:20.086417,98,28
2026-02-12 11:31:20.656979,17,42
2026-02-12 11:31:21.233626,84,21
2026-02-12 11:31:21.810682,67,16
2026-02-12 11:31:22.389284,45,40
2026-02-12 11:31:22.977331,73,50
2026-02-12 11:31:23.574538,37,30
2026-02-12 11:31:24.147658,96,33
2026-02-12 11:31:24.727838,34,31
2026-02-12 11:31:25.319161,83,49
2026-02-12 11:31:25.894116,46,27
2026-02-12 11:31:26.468003,21,2
2026-02-12 11:31:27.041357,17,16
2026-02-12 11:31:27.610989,0,24
2026-02-12 11:31:28.217548,73,41
2026-02-12 11:31:28.787747,39,37
2026-02-12 11:31:29.360726,19,19
2026-02-12 11:31:29.929789,1,13
2026-02-12 11:31:30.523769,35,18
2026-02-12 11:31:31.094702,57,21
2026-02-12 11:31:31.672725,52,43
2026-02-12 11:31:32.256958,34,31
2026-02-12 11:31:32.838386,17,2
2026-02-12 11:31:33.434476,69,23
2026-02-12 11:31:34.007689,42,23
2026-02-12 11:31:34.580262,13,11
2026-02-12 11:31:35.147192,17,39
2026-02-12 11:31:35.709370,59,0
2026-02-12 11:31:36.264114,10,30
2026-02-12 11:31:36.835246,56,19
2026-02-12 11:31:37.450273,53,36
2026-02-12 11:31:38.043596,34,50
2026-02-12 11:31:38.634877,55,17
2026-02-12 11:31:39.207946,78,12
2026-02-12 11:31:39.778782,84,0
2026-02-12 11:31:40.362250,49,23
2026-02-12 11:31:40.933516,84,11
2026-02-12 11:31:41.519323,17,18
2026-02-12 11:31:42.109158,2,12
2026-02-12 11:31:42.673215,59,19
2026-02-12 11:31:43.244383,38,34
2026-02-12 11:31:43.806051,5,44
2026-02-12 11:31:44.380749,87,48
2026-02-12 11:31:44.931198,98,11
2026-02-12 11:31:45.490936,79,18
2026-02-12 11:31:46.052943,12,35
2026-02-12 11:31:46.611613,70,42
2026-02-12 11:31:47.172186,92,24
2026-02-12 11:31:47.735630,78,8
2026-02-12 11:31:48.313585,93,15
2026-02-12 11:31:48.882846,62,6
2026-02-12 11:31:49.464095,12,17
2026-02-12 11:31:50.054158,18,42
2026-02-12 11:31:50.627012,81,8
2026-02-12 11:31:51.198245,83,50
2026-02-12 11:31:51.774485,100,25
2026-02-12 11:31:52.366537,48,13
2026-02-12 11:31:52.946488,93,19
2026-02-12 11:31:53.523415,27,6
2026-02-12 11:31:54.116855,27,13
2026-02-12 11:31:54.727343,84,14
2026-02-12 11:31:55.384880,82,10
2026-02-12 11:31:55.958051,53,19
2026-02-12 11:31:56.604708,25,3
2026-02-12 11:31:57.191455,29,36
2026-02-12 11:31:57.763400,53,5
2026-02-12 11:31:58.348517,27,31
2026-02-12 11:31:59.003211,92,31
2026-02-12 11:31:59.708220,31,27
2026-02-12 11:32:00.391475,81,29
2026-02-12 11:32:00.965893,24,3
2026-02-12 11:32:01.537836,37,44
2026-02-12 11:32:02.108186,43,9
2026-02-12 11:32:02.680497,11,35
2026-02-12 11:32:03.253192,47,44
2026-02-12 11:32:03.862265,45,46
2026-02-12 11:32:04.432503,61,6
2026-02-12 11:32:05.008685,64,42
2026-02-12 11:32:05.612754,57,50
2026-02-12 11:32:06.292297,67,26
2026-02-12 11:32:06.957802,59,2
2026-02-12 11:32:07.531441,80,31
2026-02-12 11:32:08.102585,5,1
2026-02-12 11:32:08.676233,27,23
2026-02-12 11:32:09.248905,100,31
2026-02-12 11:32:09.818010,78,46
2026-02-12 11:32:10.401253,0,38
2026-02-12 11:32:10.971607,59,21
2026-02-12 11:32:11.543387,35,20
2026-02-12 11:32:12.115333,23,19
2026-02-12 11:32:12.762395,62,19
2026-02-12 11:32:13.358568,28,29
2026-02-12 11:32:13.928966,20,33
2026-02-12 11:32:14.504690,38,30
2026-02-12 11:32:15.076141,48,48
2026-02-12 11:32:15.648890,62,29
2026-02-12 11:32:16.243452,18,37
2026-02-12 11:32:16.820592,59,44
2026-02-12 11:32:17.399922,93,25
2026-02-12 11:32:17.971958,19,38
2026-02-12 11:32:18.560634,87,46
2026-02-12 11:32:19.190915,96,18
2026-02-12 11:32:19.779172,65,34
2026-02-12 11:32:20.354914,63,30
2026-02-12 11:32:20.944085,20,44
2026-02-12 11:32:21.524840,45,11
2026-02-12 11:32:22.099057,27,0
2026-02-12 11:32:22.675889,50,50
2026-02-12 11:32:23.225259,53,0
2026-02-12 11:32:23.792207,10,4
2026-02-12 11:32:24.357389,37,29
2026-02-12 11:32:24.943084,21,2
2026-02-12 11:32:25.560244,17,32
2026-02-12 11:32:26.136689,62,24
2026-02-12 11:32:26.717691,16,4
2026-02-12 11:32:27.293843,30,31
2026-02-12 11:32:27.899853,75,42
2026-02-12 11:32:28.500666,44,33
2026-02-12 11:32:29.071025,53,24
2026-02-12 11:32:29.639358,79,10
2026-02-12 11:32:30.216889,83,32
2026-02-12 11:32:30.788633,9,26
2026-02-12 11:32:31.349842,55,37
2026-02-12 11:32:31.921422,58,4
2026-02-12 11:32:32.473872,53,29
2026-02-12 11:32:33.057562,43,21
2026-02-12 11:32:33.665987,62,21
2026-02-12 11:32:34.240629,89,8
2026-02-12 11:32:34.823305,50,24
2026-02-12 11:32:35.398766,63,15
2026-02-12 11:32:35.972405,69,41
2026-02-12 11:32:36.591515,64,30
2026-02-12 11:32:37.150277,59,2
2026-02-12 11:32:37.715996,19,41
2026-02-12 11:32:38.274997,56,21
2026-02-12 11:32:38.858031,38,36
2026-02-12 11:32:39.429336,35,6
2026-02-12 11:32:40.007025,50,3
2026-02-12 11:32:40.587343,60,36
2026-02-12 11:32:41.177879,79,33
2026-02-12 11:32:41.819785,61,48
2026-02-12 11:32:42.387852,19,21
2026-02-12 11:32:42.952136,15,37
2026-02-12 11:32:43.506404,44,18
2026-02-12 11:32:44.108897,80,35
2026-02-12 11:32:44.719770,25,33
2026-02-12 11:32:45.374699,93,10
2026-02-12 11:32:46.053101,66,15
2026-02-12 11:32:46.630835,24,43
2026-02-12 11:32:47.202909,54,3
2026-02-12 11:32:47.774388,13,9
2026-02-12 11:32:48.347648,35,44
2026-02-12 11:32:48.946606,51,25
2026-02-12 11:32:49.528480,33,9
2026-02-12 11:32:50.100636,97,11
2026-02-12 11:32:50.675787,10,48
2026-02-12 11:32:51.257493,82,11
2026-02-12 11:32:51.863760,16,31
2026-02-12 11:32:52.433372,88,48
2026-02-12 11:32:53.006676,17,35
2026-02-12 11:32:53.576559,63,14
2026-02-12 11:32:54.153335,87,30
2026-02-12 11:32:54.724494,16,10
2026-02-12 11:32:55.297992,47,49
2026-02-12 11:32:55.869140,96,40
2026-02-12 11:32:56.438296,35,30
2026-02-12 11:32:57.027839,41,43
2026-02-12 11:32:57.609725,42,20
2026-02-12 11:32:58.207262,63,50
2026-02-12 11:32:58.813181,13,21
2026-02-12 11:32:59.456462,36,47
2026-02-12 11:33:00.064057,7,9
2026-02-12 11:33:00.655045,10,19
2026-02-12 11:33:01.229236,87,26
2026-02-12 11:33:01.813689,6,46
2026-02-12 11:33:02.384384,78,39
2026-02-12 11:33:02.976701,69,25
2026-02-12 11:33:03.577903,95,34
2026-02-12 11:33:04.154633,87,34
2026-02-12 11:33:04.740490,92,31
2026-02-12 11:33:05.315123,72,12
2026-02-12 11:33:05.888417,39,50
2026-02-12 11:33:06.462013,82,40
2026-02-12 11:33:07.068568,6,42
2026-02-12 11:33:07.653307,92,7
2026-02-12 11:33:08.223059,2,9
2026-02-12 11:33:08.815200,6,8
2026-02-12 11:33:09.391332,67,50
2026-02-12 11:33:09.968520,76,10
2026-02-12 11:33:10.543070,8,7
2026-02-12 11:33:11.121175,35,26
2026-02-12 11:33:11.696686,77,24
2026-02-12 11:33:12.253182,7,20
2026-02-12 11:33:12.849768,20,24
2026-02-12 11:33:13.429881,32,28
2026-02-12 11:33:14.013881,92,1
2026-02-12 11:33:14.623031,4,5
2026-02-12 11:33:15.233080,12,17
2026-02-12 11:33:15.817909,59,31
2026-02-12 11:33:16.402226,2,4
2026-02-12 11:33:16.987010,21,38
2026-02-12 11:33:17.566950,32,16
2026-02-12 11:33:18.154352,71,2
2026-02-12 11:33:18.730574,49,32
2026-02-12 11:33:19.299306,62,15
2026-02-12 11:33:19.889681,5,50
2026-02-12 11:33:20.437846,39,26
2026-02-12 11:33:20.984893,23,8
2026-02-12 11:33:21.546609,9,43
2026-02-12 11:33:22.113204,41,2
2026-02-12 11:33:22.693184,80,7
2026-02-12 11:33:23.265830,63,14
2026-02-12 11:33:23.827678,61,20
2026-02-12 11:33:24.404616,80,12
2026-02-12 11:33:24.982603,72,29
2026-02-12 11:33:25.568793,81,14
2026-02-12 11:33:26.145324,52,0
2026-02-12 11:33:26.724187,93,28
2026-02-12 11:33:27.320765,66,40
2026-02-12 11:33:27.875419,18,8
2026-02-12 11:33:28.459047,18,20
2026-02-12 11:33:29.011622,18,24
2026-02-12 11:33:29.594453,26,19
2026-02-12 11:33:30.166385,43,30
2026-02-12 11:33:30.740016,12,26
2026-02-12 11:33:31.352682,9,29
2026-02-12 11:33:31.928145,93,12
2026-02-12 11:33:32.487752,25,29
2026-02-12 11:33:33.068510,44,7
2026-02-12 11:33:33.664305,20,20
2026-02-12 11:33:34.251853,59,0
2026-02-12 11:33:34.843236,53,21
2026-02-12 11:33:35.425018,52,6
2026-02-12 11:33:36.038035,27,39
2026-02-12 11:33:36.638508,47,43
2026-02-12 11:33:37.208924,93,25
2026-02-12 11:33:37.786762,42,43
2026-02-12 11:33:38.448058,8,31
2026-02-12 11:33:39.021056,48,21
2026-02-12 11:33:39.590982,87,2
2026-02-12 11:33:40.166991,49,45
2026-02-12 11:33:40.738542,65,14
2026-02-12 11:33:41.370268,63,6
2026-02-12 11:33:41.942780,13,15
2026-02-12 11:33:42.515827,64,39
2026-02-12 11:33:43.185807,88,21
2026-02-12 11:33:43.852985,92,22
2026-02-12 11:33:44.451839,96,1
2026-02-12 11:33:45.053170,74,8
2026-02-12 11:33:45.671359,0,5
2026-02-12 11:33:46.247963,77,12
2026-02-12 11:33:46.848781,33,48
2026-02-12 11:33:47.525989,81,50
2026-02-12 11:33:48.162019,68,16
2026-02-12 11:33:48.766119,18,17
2026-02-12 11:33:49.346041,61,5
2026-02-12 11:33:49.929929,81,15
2026-02-12 11:33:50.524776,89,5
2026-02-12 11:33:51.116319,67,17
2026-02-12 11:33:51.702108,13,37
2026-02-12 11:33:52.285875,2,19
2026-02-12 11:33:52.861781,67,47
2026-02-12 11:33:53.431793,98,34
2026-02-12 11:33:54.005332,7,4
2026-02-12 11:33:54.595874,42,32
2026-02-12 11:33:55.251378,72,45
2026-02-12 11:33:55.920210,61,18
2026-02-12 11:33:56.525568,41,11
2026-02-12 11:33:57.103728,41,39
2026-02-12 11:33:57.699020,24,40
2026-02-12 11:33:58.278276,91,1
2026-02-12 11:33:58.856043,20,43
2026-02-12 11:33:59.461757,44,25
2026-02-12 11:34:00.035272,69,8
2026-02-12 11:34:00.608517,10,48
2026-02-12 11:34:01.203835,16,37
2026-02-12 11:34:01.800410,77,38
2026-02-12 11:34:02.388842,55,40
2026-02-12 11:34:03.002323,3,38
2026-02-12 11:34:03.591907,67,26
2026-02-12 11:34:04.164555,75,34
2026-02-12 11:34:04.740316,52,11
2026-02-12 11:34:05.311843,40,38
2026-02-12 11:34:05.882701,17,28
2026-02-12 11:34:06.458086,55,20
2026-02-12 11:34:07.031206,55,19
2026-02-12 11:34:07.636355,36,49
2026-02-12 11:34:08.227415,13,41
2026-02-12 11:34:08.838764,91,30
2026-02-12 11:34:09.486325,20,44
2026-02-12 11:34:10.092472,99,26
2026-02-12 11:34:10.665617,1,38
2026-02-12 11:34:11.252982,6,3
2026-02-12 11:34:11.846912,72,22
2026-02-12 11:34:12.421477,13,41
2026-02-12 11:34:13.001217,80,0
2026-02-12 11:34:13.580588,26,19
2026-02-12 11:34:14.181070,40,8
2026-02-12 11:34:14.753328,61,12
2026-02-12 11:34:15.369605,94,30
2026-02-12 11:34:15.952814,28,13
2026-02-12 11:34:16.507708,57,16
2026-02-12 11:34:17.100833,99,26
2026-02-12 11:34:17.698415,69,37
2026-02-12 11:34:18.273502,63,32
2026-02-12 11:34:18.846517,16,43
2026-02-12 11:34:19.428111,73,8
2026-02-12 11:34:20.095775,27,9
2026-02-12 11:34:20.692431,13,40
2026-02-12 11:34:21.265502,81,40
2026-02-12 11:34:21.851248,1,27
2026-02-12 11:34:22.447636,8,0
2026-02-12 11:34:23.101887,2,3
2026-02-12 11:34:23.687204,84,49
2026-02-12 11:34:24.312570,43,21
2026-02-12 11:34:24.914501,3,15
2026-02-12 11:34:25.508603,54,43
2026-02-12 11:34:26.147375,50,0
2026-02-12 11:34:26.754282,80,25
2026-02-12 11:34:27.336049,52,39
2026-02-12 11:34:27.908146,34,2
2026-02-12 11:34:28.480908,1,48
2026-02-12 11:34:29.086297,34,24
2026-02-12 11:34:29.661370,37,48
2026-02-12 11:34:30.281413,43,31
2026-02-12 11:34:30.917510,41,44
2026-02-12 11:34:31.497160,1,34
2026-02-12 11:34:32.086121,59,4
2026-02-12 11:34:32.683220,57,43
2026-02-12 11:34:33.312522,8,43
2026-02-12 11:34:33.890608,46,0
2026-02-12 11:34:34.491787,66,8
2026-02-12 11:34:35.087329,74,35
2026-02-12 11:34:35.660838,15,45
2026-02-12 11:34:36.235039,49,27
2026-02-12 11:34:36.808365,9,23
2026-02-12 11:34:37.386779,78,37
2026-02-12 11:34:37.983223,56,34
2026-02-12 11:34:38.626618,84,28
2026-02-12 11:34:39.216261,19,15
2026-02-12 11:34:39.788849,58,35
2026-02-12 11:34:40.370999,24,42
2026-02-12 11:34:40.942611,39,24
2026-02-12 11:34:41.530040,50,40
2026-02-12 11:34:42.105902,56,23
2026-02-12 11:34:42.684318,52,27
2026-02-12 11:34:43.259107,87,24
2026-02-12 11:34:43.881034,87,42
2026-02-12 11:34:44.571368,58,5
2026-02-12 11:34:45.179956,26,8
2026-02-12 11:34:45.756760,4,27
2026-02-12 11:34:46.340709,26,34
2026-02-12 11:34:46.923983,20,41
2026-02-12 11:34:47.513027,29,17
2026-02-12 11:34:48.091240,13,48
2026-02-12 11:34:48.669494,34,12
2026-02-12 11:34:49.229761,20,36
2026-02-12 11:34:49.803754,16,40
2026-02-12 11:34:50.382989,12,12
2026-02-12 11:34:50.958545,22,5
2026-02-12 11:34:51.544199,86,4
2026-02-12 11:34:52.129374,62,21
2026-02-12 11:34:52.711534,15,45
2026-02-12 11:34:53.280177,100,48
2026-02-12 11:34:53.843207,22,20
2026-02-12 11:34:54.469198,37,20
2026-02-12 11:34:55.060061,70,29
2026-02-12 11:34:55.652176,1,7
2026-02-12 11:34:56.239908,3,3
2026-02-12 11:34:56.838267,17,48
2026-02-12 11:34:57.464184,67,15
2026-02-12 11:34:58.044770,9,46
2026-02-12 11:34:58.631260,7,25
2026-02-12 11:34:59.225475,89,35
2026-02-12 11:34:59.811098,18,31
2026-02-12 11:35:00.396399,60,43
2026-02-12 11:35:00.974941,27,42
2026-02-12 11:35:01.563419,27,38
2026-02-12 11:35:02.136573,68,4
2026-02-12 11:35:02.717453,82,21
2026-02-12 11:35:03.273560,25,38
2026-02-12 11:35:03.846493,18,15
2026-02-12 11:35:04.395141,80,27
2026-02-12 11:35:04.978090,14,34
2026-02-12 11:35:05.542400,55,16
2026-02-12 11:35:06.170816,4,15
2026-02-12 11:35:06.738300,79,30
2026-02-12 11:35:07.300005,93,48
2026-02-12 11:35:07.852994,75,41
2026-02-12 11:35:08.422217,75,26
2026-02-12 11:35:08.999774,57,38
2026-02-12 11:35:09.577502,13,29
2026-02-12 11:35:10.153812,5,46
2026-02-12 11:35:10.727582,91,30
2026-02-12 11:35:11.334255,44,18
2026-02-12 11:35:11.917679,91,49
2026-02-12 11:35:12.500751,47,0
2026-02-12 11:35:13.122956,11,9
2026-02-12 11:35:13.716459,71,27
2026-02-12 11:35:14.292685,80,44
2026-02-12 11:35:14.867398,60,12
2026-02-12 11:35:15.467931,32,9
2026-02-12 11:35:16.040702,36,25
2026-02-12 11:35:16.623848,76,30
2026-02-12 11:35:17.228255,87,7
2026-02-12 11:35:17.811065,32,45
2026-02-12 11:35:18.386077,73,32
2026-02-12 11:35:18.962374,86,22
2026-02-12 11:35:19.535877,90,15
2026-02-12 11:35:20.110152,23,28
2026-02-12 11:35:20.782731,30,16
2026-02-12 11:35:21.361439,67,19
2026-02-12 11:35:21.945272,41,39
2026-02-12 11:35:22.546623,80,19
2026-02-12 11:35:23.131986,48,22
2026-02-12 11:35:23.713547,44,40
2026-02-12 11:35:24.326676,77,38
2026-02-12 11:35:24.925783,89,21
2026-02-12 11:35:25.503724,34,45
2026-02-12 11:35:26.097551,41,45
2026-02-12 11:35:26.674393,54,10
2026-02-12 11:35:27.313947,98,3
2026-02-12 11:35:27.952659,83,0
2026-02-12 11:35:28.587024,50,6
2026-02-12 11:35:29.215008,34,7
2026-02-12 11:35:29.789474,76,40
2026-02-12 11:35:30.370026,42,14
2026-02-12 11:35:30.947327,61,7
2026-02-12 11:35:31.524458,23,7
2026-02-12 11:35:32.099649,15,35
2026-02-12 11:35:32.675470,46,20
2026-02-12 11:35:33.234629,24,2
2026-02-12 11:35:33.817420,70,0
2026-02-12 11:35:34.407673,69,31
2026-02-12 11:35:35.004455,71,39
2026-02-12 11:35:35.613148,23,42
2026-02-12 11:35:36.247924,75,37
2026-02-12 11:35:36.826228,35,0
2026-02-12 11:35:37.449864,34,3
2026-02-12 11:35:38.062354,2,21
2026-02-12 11:35:38.632082,91,7
2026-02-12 11:35:39.260105,61,17
2026-02-12 11:35:39.848679,80,14
2026-02-12 11:35:40.430154,38,10
2026-02-12 11:35:41.004242,61,11
2026-02-12 11:35:41.579754,31,23
2026-02-12 11:35:42.178223,31,18
2026-02-12 11:35:42.762324,91,36
2026-02-12 11:35:43.335050,48,2
2026-02-12 11:35:43.913382,37,29
2026-02-12 11:35:44.533031,42,16
2026-02-12 11:35:45.178623,13,37
2026-02-12 11:35:45.763136,89,12
2026-02-12 11:35:46.403894,80,47
2026-02-12 11:35:46.988148,49,11
2026-02-12 11:35:47.577086,63,14
2026-02-12 11:35:48.150588,3,5
2026-02-12 11:35:48.737776,28,23
2026-02-12 11:35:49.311451,80,18
2026-02-12 11:35:49.894409,98,4
2026-02-12 11:35:50.481715,70,48
2026-02-12 11:35:51.060188,45,44
2026-02-12 11:35:51.638179,80,48
2026-02-12 11:35:52.243307,92,48
2026-02-12 11:35:52.866947,24,26
2026-02-12 11:35:53.460919,26,49
2026-02-12 11:35:54.030366,25,26
2026-02-12 11:35:54.598463,90,50
2026-02-12 11:35:55.161326,98,36
2026-02-12 11:35:55.747384,66,20
2026-02-12 11:35:56.326917,76,28
2026-02-12 11:35:56.915013,19,17
2026-02-12 11:35:57.499707,39,49
2026-02-12 11:35:58.103721,20,20
2026-02-12 11:35:58.698275,6,10
2026-02-12 11:35:59.290647,6,10
2026-02-12 11:35:59.868575,50,26
2026-02-12 11:36:00.454154,10,2
2026-02-12 11:36:01.058874,11,4
2026-02-12 11:36:01.639446,84,34
2026-02-12 11:36:02.211203,90,47
2026-02-12 11:36:02.786758,30,0
2026-02-12 11:36:03.365034,24,42
2026-02-12 11:36:03.939466,93,27
2026-02-12 11:36:04.496032,91,37
2026-02-12 11:36:05.071578,79,31
2026-02-12 11:36:05.646645,17,44
2026-02-12 11:36:06.239869,0,17
2026-02-12 11:36:06.827517,26,20
2026-02-12 11:36:07.400284,68,19
2026-02-12 11:36:07.991557,32,9
2026-02-12 11:36:08.584269,63,1
2026-02-12 11:36:09.175604,54,3
2026-02-12 11:36:09.775431,0,16
2026-02-12 11:36:10.363048,71,13
2026-02-12 11:36:10.955481,80,12
2026-02-12 11:36:11.536951,87,36
2026-02-12 11:36:12.137393,64,8
2026-02-12 11:36:12.779707,85,46
2026-02-12 11:36:13.425588,86,48
2026-02-12 11:36:13.992381,44,0
2026-02-12 11:36:14.560854,27,5
2026-02-12 11:36:15.115317,29,1
2026-02-12 11:36:15.698236,100,12
2026-02-12 11:36:16.256647,63,3
2026-02-12 11:36:16.840508,15,5
2026-02-12 11:36:17.401738,80,27
2026-02-12 11:36:18.015651,56,9
2026-02-12 11:36:18.588874,46,8
2026-02-12 11:36:19.165743,42,2
2026-02-12 11:36:19.740031,34,33
2026-02-12 11:36:20.399534,24,43
2026-02-12 11:36:21.015787,46,48
2026-02-12 11:36:21.654099,42,14
2026-02-12 11:36:22.234108,40,0
2026-02-12 11:36:22.873882,1,43
2026-02-12 11:36:23.457851,85,39
2026-02-12 11:36:24.036306,5,25
2026-02-12 11:36:24.624160,19,35
2026-02-12 11:36:25.220534,63,28
2026-02-12 11:36:25.805591,75,6
2026-02-12 11:36:26.404996,28,30
2026-02-12 11:36:26.980006,19,3
2026-02-12 11:36:27.556952,29,5
2026-02-12 11:36:28.133260,80,24
2026-02-12 11:36:28.713406,32,25
2026-02-12 11:36:29.336892,1,40
2026-02-12 11:36:29.912750,85,42
2026-02-12 11:36:30.488729,32,39
2026-02-12 11:36:31.080272,10,3
2026-02-12 11:36:31.656830,26,11
2026-02-12 11:36:32.246832,34,20
2026-02-12 11:36:32.843854,58,29
2026-02-12 11:36:33.429923,21,31
2026-02-12 11:36:34.010979,7,30
2026-02-12 11:36:34.587472,40,9
2026-02-12 11:36:35.166348,53,26
2026-02-12 11:36:35.742948,34,10
2026-02-12 11:36:36.343399,76,50
2026-02-12 11:36:36.935569,72,42
2026-02-12 11:36:37.514190,52,35
2026-02-12 11:36:38.119739,80,29
2026-02-12 11:36:38.697054,64,45
2026-02-12 11:36:39.275053,20,19
2026-02-12 11:36:39.851300,89,42
2026-02-12 11:36:40.465292,25,1
2026-02-12 11:36:41.042663,84,38
2026-02-12 11:36:41.624069,87,32
2026-02-12 11:36:42.225528,10,7
2026-02-12 11:36:42.799691,43,8
2026-02-12 11:36:43.379441,18,29
2026-02-12 11:36:43.961863,72,38
2026-02-12 11:36:44.546540,88,28
2026-02-12 11:36:45.140784,3,29
2026-02-12 11:36:45.713932,50,27
2026-02-12 11:36:46.277551,47,35
2026-02-12 11:36:46.868881,43,25
2026-02-12 11:36:47.469034,82,44
2026-02-12 11:36:48.078957,58,20
2026-02-12 11:36:48.658058,79,5
2026-02-12 11:36:49.211980,12,18
2026-02-12 11:36:49.800289,2,34
2026-02-12 11:36:50.387106,44,35
2026-02-12 11:36:50.938335,8,24
2026-02-12 11:36:51.520716,82,7
2026-02-12 11:36:52.077087,71,33
2026-02-12 11:36:52.636348,47,28
2026-02-12 11:36:53.246287,17,35
2026-02-12 11:36:53.813810,76,3
2026-02-12 11:36:54.407533,38,33
2026-02-12 11:36:54.989829,7,33
2026-02-12 11:36:55.576263,66,34
2026-02-12 11:36:56.164484,6,4
2026-02-12 11:36:56.740679,87,40
2026-02-12 11:36:57.325004,63,12
2026-02-12 11:36:57.901971,25,26
2026-02-12 11:36:58.464736,33,3
2026-02-12 11:36:59.054308,18,10
2026-02-12 11:36:59.630240,36,14
2026-02-12 11:37:00.209518,75,6
2026-02-12 11:37:00.782943,68,46
2026-02-12 11:37:01.452832,69,10
2026-02-12 11:37:02.074249,52,32
2026-02-12 11:37:02.653157,17,3
2026-02-12 11:37:03.225398,93,30
2026-02-12 11:37:03.802021,68,22
2026-02-12 11:37:04.376632,28,46
2026-02-12 11:37:04.955147,43,9
2026-02-12 11:37:05.536433,77,30
2026-02-12 11:37:06.114441,61,2
2026-02-12 11:37:06.692952,95,32
2026-02-12 11:37:07.273770,18,9
2026-02-12 11:37:07.851229,95,1
2026-02-12 11:37:08.434213,43,0
2026-02-12 11:37:09.024754,68,14
2026-02-12 11:37:09.626605,51,32
2026-02-12 11:37:10.206388,76,30
2026-02-12 11:37:10.784088,5,30
2026-02-12 11:37:11.361494,48,22
2026-02-12 11:37:11.939800,77,41
2026-02-12 11:37:12.515051,10,38
2026-02-12 11:37:13.092298,12,45
2026-02-12 11:37:13.672748,63,32
2026-02-12 11:37:14.252496,70,4
2026-02-12 11:37:14.828947,29,25
2026-02-12 11:37:15.408951,28,0
2026-02-12 11:37:16.126124,34,33
2026-02-12 11:37:16.716673,34,41
2026-02-12 11:37:17.311312,25,5
2026-02-12 11:37:17.896552,7,16
2026-02-12 11:37:18.459805,28,36
2026-02-12 11:37:19.035059,49,18
2026-02-12 11:37:19.623936,69,32
2026-02-12 11:37:20.190729,45,21
2026-02-12 11:37:20.770307,96,7
2026-02-12 11:37:21.398674,91,2
2026-02-12 11:37:21.992162,81,19
2026-02-12 11:37:22.570079,48,42
2026-02-12 11:37:23.193314,24,8
2026-02-12 11:37:23.898022,95,17
2026-02-12 11:37:24.497624,50,45
2026-02-12 11:37:25.085971,100,34
2026-02-12 11:37:25.739182,71,16
2026-02-12 11:37:26.322630,21,30
2026-02-12 11:37:26.905110,23,36
2026-02-12 11:37:27.516969,33,34
2026-02-12 11:37:28.097358,13,6
2026-02-12 11:37:28.746955,19,31
2026-02-12 11:37:29.326984,92,0
2026-02-12 11:37:29.955160,8,42
2026-02-12 11:37:30.581713,78,4
2026-02-12 11:37:31.172206,39,34
2026-02-12 11:37:31.764743,9,19
2026-02-12 11:37:32.353847,46,32
2026-02-12 11:37:32.934177,54,4
2026-02-12 11:37:33.522398,95,26
2026-02-12 11:37:34.107129,20,13
2026-02-12 11:37:34.690529,16,36
2026-02-12 11:37:35.432487,22,30
2026-02-12 11:37:36.010798,59,3
2026-02-12 11:37:36.605199,54,7
2026-02-12 11:37:37.240557,31,1
2026-02-12 11:37:37.817022,65,17
2026-02-12 11:37:38.409285,36,12
2026-02-12 11:37:38.997881,84,8
2026-02-12 11:37:39.753204,83,49
2026-02-12 11:37:40.325131,86,16
2026-02-12 11:37:40.937147,3,41
2026-02-12 11:37:41.509390,69,25
2026-02-12 11:37:42.092206,8,18
2026-02-12 11:37:42.708788,11,47
2026-02-12 11:37:43.304665,13,6
2026-02-12 11:37:43.994101,5,25
2026-02-12 11:37:44.679967,50,29
2026-02-12 11:37:45.281428,22,20
2026-02-12 11:37:45.879447,92,42
2026-02-12 11:37:46.463782,40,49
2026-02-12 11:37:47.017097,19,28
2026-02-12 11:37:47.571779,71,3
2026-02-12 11:37:48.168108,43,38
2026-02-12 11:37:48.752231,85,44
2026-02-12 11:37:49.370075,69,5
2026-02-12 11:37:49.964988,49,0
2026-02-12 11:37:50.605258,21,18
2026-02-12 11:37:51.185949,36,26
2026-02-12 11:37:51.750792,14,8
2026-02-12 11:37:52.337207,52,12
2026-02-12 11:37:52.945694,76,48
2026-02-12 11:37:53.507867,25,24
2026-02-12 11:37:54.086977,56,24
2026-02-12 11:37:54.660516,17,4
2026-02-12 11:37:55.253911,92,6
2026-02-12 11:37:55.834938,19,20
2026-02-12 11:37:56.452875,68,14
2026-02-12 11:37:57.016331,23,6
2026-02-12 11:37:57.575960,93,28
2026-02-12 11:37:58.124915,19,41
2026-02-12 11:37:58.695675,52,2
2026-02-12 11:37:59.250783,1,38
2026-02-12 11:37:59.844328,93,18
2026-02-12 11:38:00.417428,25,28
2026-02-12 11:38:00.996953,61,3
2026-02-12 11:38:01.575625,0,2
2026-02-12 11:38:02.167613,65,26
2026-02-12 11:38:02.758036,86,34
2026-02-12 11:38:03.335624,3,29
2026-02-12 11:38:03.899461,98,36
2026-02-12 11:38:04.493924,47,36
2026-02-12 11:38:05.073327,19,14
2026-02-12 11:38:05.652884,65,39
2026-02-12 11:38:06.228190,37,42
2026-02-12 11:38:06.830948,73,32
2026-02-12 11:38:07.407083,80,45
2026-02-12 11:38:07.988577,60,14
2026-02-12 11:38:08.565081,46,0
2026-02-12 11:38:09.165501,26,29
2026-02-12 11:38:09.739347,11,8
2026-02-12 11:38:10.316428,19,24
2026-02-12 11:38:10.940368,47,45
2026-02-12 11:38:11.609848,6,14
2026-02-12 11:38:12.184979,65,40
2026-02-12 11:38:12.763542,21,4
2026-02-12 11:38:13.340419,85,37
2026-02-12 11:38:13.921192,54,5
2026-02-12 11:38:14.502844,0,50
2026-02-12 11:38:15.102346,88,4
2026-02-12 11:38:15.678721,28,6
2026-02-12 11:38:16.257042,87,47
2026-02-12 11:38:16.835946,97,14
2026-02-12 11:38:17.418381,36,49
2026-02-12 11:38:18.007600,60,30
2026-02-12 11:38:18.606984,52,45
2026-02-12 11:38:19.185468,48,19
2026-02-12 11:38:19.763921,99,31
2026-02-12 11:38:20.338874,99,34
2026-02-12 11:38:20.921342,14,5
2026-02-12 11:38:21.501819,49,37
2026-02-12 11:38:22.079011,9,24
2026-02-12 11:38:22.666185,0,11
2026-02-12 11:38:23.233023,36,12
2026-02-12 11:38:23.824504,69,44
2026-02-12 11:38:24.403085,69,0
2026-02-12 11:38:24.989270,53,11
2026-02-12 11:38:25.547822,12,5
2026-02-12 11:38:26.132012,47,35
2026-02-12 11:38:26.741753,52,41
2026-02-12 11:38:27.321373,58,4
2026-02-12 11:38:27.914830,97,1
2026-02-12 11:38:28.502306,0,27
2026-02-12 11:38:29.098441,57,46
2026-02-12 11:38:29.694111,66,23
2026-02-12 11:38:30.284072,73,35
2026-02-12 11:38:30.896707,32,2
2026-02-12 11:38:31.500610,81,49
2026-02-12 11:38:32.088428,69,5
2026-02-12 11:38:32.672830,41,13
2026-02-12 11:38:33.270322,62,3
2026-02-12 11:38:33.868495,5,32
2026-02-12 11:38:34.440238,85,16
2026-02-12 11:38:35.017541,44,47
2026-02-12 11:38:35.588422,93,22
2026-02-12 11:38:36.164088,2,10
2026-02-12 11:38:36.743553,45,32
2026-02-12 11:38:37.334653,17,34
2026-02-12 11:38:37.909071,43,41
2026-02-12 11:38:38.487758,52,19
2026-02-12 11:38:39.068272,53,44
2026-02-12 11:38:39.682295,78,9
2026-02-12 11:38:40.256929,39,35
2026-02-12 11:38:40.858566,76,30
2026-02-12 11:38:41.433937,59,11
2026-02-12 11:38:42.018898,45,4
2026-02-12 11:38:42.591075,77,16
2026-02-12 11:38:43.175004,1,31
2026-02-12 11:38:43.772710,59,10
2026-02-12 11:38:44.360379,30,43
2026-02-12 11:38:44.937661,86,24
2026-02-12 11:38:45.526713,48,6
2026-02-12 11:38:46.108204,98,43
2026-02-12 11:38:46.721483,90,28
2026-02-12 11:38:47.300383,24,48
2026-02-12 11:38:47.877250,75,12
2026-02-12 11:38:48.467849,72,38
2026-02-12 11:38:49.065187,68,30
2026-02-12 11:38:49.653997,45,20
2026-02-12 11:38:50.240946,7,7
2026-02-12 11:38:50.824067,89,23
2026-02-12 11:38:51.408365,6,20
2026-02-12 11:38:52.106496,99,49
2026-02-12 11:38:52.682274,100,22
2026-02-12 11:38:53.261630,44,31
2026-02-12 11:38:53.836837,44,26
2026-02-12 11:38:54.419335,88,45
2026-02-12 11:38:55.003649,32,27
2026-02-12 11:38:55.585237,43,41
2026-02-12 11:38:56.158825,29,6
2026-02-12 11:38:56.735952,77,8
2026-02-12 11:38:57.310188,91,24
2026-02-12 11:38:57.948294,95,9
2026-02-12 11:38:58.537472,84,0
2026-02-12 11:38:59.113055,32,41
2026-02-12 11:38:59.689931,41,27
2026-02-12 11:39:00.268906,46,1
2026-02-12 11:39:00.861589,74,28
2026-02-12 11:39:01.482535,63,23
2026-02-12 11:39:02.113169,15,44
2026-02-12 11:39:02.704016,100,6
2026-02-12 11:39:03.289419,17,26
2026-02-12 11:39:03.869575,56,29
2026-02-12 11:39:04.447399,37,22
2026-02-12 11:39:05.022471,97,20
2026-02-12 11:39:05.600126,62,45
2026-02-12 11:39:06.173399,9,26
2026-02-12 11:39:06.754231,43,48
2026-02-12 11:39:07.345702,86,34
2026-02-12 11:39:07.926656,8,9
2026-02-12 11:39:08.503628,29,24
2026-02-12 11:39:09.103457,59,44
2026-02-12 11:39:09.686972,56,28
2026-02-12 11:39:10.265131,62,24
2026-02-12 11:39:10.843511,20,29
2026-02-12 11:39:11.423534,63,26
2026-02-12 11:39:11.998555,81,26
2026-02-12 11:39:12.578970,21,34
2026-02-12 11:39:13.153785,74,4
2026-02-12 11:39:13.741866,80,27
2026-02-12 11:39:14.317338,93,36
2026-02-12 11:39:14.913941,7,15
2026-02-12 11:39:15.494106,26,11
2026-02-12 11:39:16.077681,41,6
2026-02-12 11:39:16.653319,2,37
2026-02-12 11:39:17.260448,57,28
2026-02-12 11:39:17.850548,90,17
2026-02-12 11:39:18.439084,83,33
2026-02-12 11:39:19.032637,75,33
2026-02-12 11:39:19.612351,99,36
2026-02-12 11:39:20.211387,86,43
2026-02-12 11:39:20.802462,61,39
2026-02-12 11:39:21.380423,66,3
2026-02-12 11:39:21.986808,49,17
2026-02-12 11:39:22.573210,60,36
2026-02-12 11:39:23.155622,71,11
2026-02-12 11:39:23.734674,48,41
2026-02-12 11:39:24.324893,96,13
2026-02-12 11:39:24.922974,65,15
2026-02-12 11:39:25.529489,39,31
2026-02-12 11:39:26.114093,5,9
2026-02-12 11:39:26.689352,61,18
2026-02-12 11:39:27.278355,50,15
2026-02-12 11:39:27.846149,39,14
2026-02-12 11:39:28.424047,61,31
2026-02-12 11:39:29.028426,54,25
2026-02-12 11:39:29.596944,58,19
2026-02-12 11:39:30.225602,99,3
2026-02-12 11:39:30.836118,65,32
2026-02-12 11:39:31.448079,51,17
2026-02-12 11:39:32.043527,71,2
2026-02-12 11:39:32.620865,46,31
2026-02-12 11:39:33.186755,17,20
2026-02-12 11:39:33.767568,30,0
2026-02-12 11:39:34.356100,87,5
2026-02-12 11:39:34.963164,63,15
2026-02-12 11:39:35.532969,22,0
2026-02-12 11:39:36.094592,49,5
2026-02-12 11:39:36.668656,54,22
2026-02-12 11:39:37.252810,94,40
2026-02-12 11:39:37.854178,86,40
2026-02-12 11:39:38.441882,27,29
2026-02-12 11:39:39.023505,10,19
2026-02-12 11:39:39.600325,41,9
2026-02-12 11:39:40.185403,29,31
2026-02-12 11:39:40.771189,59,11
2026-02-12 11:39:41.350957,96,37
2026-02-12 11:39:41.984970,1,22
2026-02-12 11:39:42.577835,76,11
2026-02-12 11:39:43.196974,37,3
2026-02-12 11:39:43.840333,20,47
2026-02-12 11:39:44.478918,12,28
2026-02-12 11:39:45.085769,2,21
2026-02-12 11:39:45.667871,65,37
2026-02-12 11:39:46.261101,9,36
2026-02-12 11:39:46.845987,30,17
2026-02-12 11:39:47.438054,100,18
2026-02-12 11:39:48.016393,91,49
2026-02-12 11:39:48.590976,78,2
2026-02-12 11:39:49.186495,42,19
2026-02-12 11:39:49.768037,32,0
2026-02-12 11:39:50.347334,52,6
2026-02-12 11:39:50.922903,91,33
2026-02-12 11:39:51.526500,16,21
2026-02-12 11:39:52.101242,85,30
2026-02-12 11:39:52.679213,0,7
2026-02-12 11:39:53.254934,3,17
2026-02-12 11:39:53.834737,22,48
2026-02-12 11:39:54.411056,95,26
2026-02-12 11:39:54.989537,80,22
2026-02-12 11:39:55.565699,3,14
2026-02-12 11:39:56.144380,1,25
2026-02-12 11:39:56.721973,5,25
2026-02-12 11:39:57.310569,29,5
2026-02-12 11:39:57.949921,67,34
2026-02-12 11:39:58.565918,73,5
2026-02-12 11:39:59.196984,85,8
2026-02-12 11:39:59.812375,44,12
2026-02-12 11:40:00.455042,22,14
2026-02-12 11:40:01.072201,100,28
2026-02-12 11:40:01.676980,16,23
2026-02-12 11:40:02.264330,10,15
2026-02-12 11:40:02.845516,87,4
2026-02-12 11:40:03.432302,65,41
2026-02-12 11:40:04.016952,14,37
2026-02-12 11:40:04.608406,44,16
2026-02-12 11:40:05.187599,51,42
2026-02-12 11:40:05.764980,75,31
2026-02-12 11:40:06.345106,19,4
2026-02-12 11:40:06.922407,16,10
2026-02-12 11:40:07.548236,61,5
2026-02-12 11:40:08.124811,49,32
2026-02-12 11:40:08.702187,83,13
2026-02-12 11:40:09.278186,96,35
2026-02-12 11:40:09.855956,0,45
2026-02-12 11:40:10.456303,6,33
2026-02-12 11:40:11.034932,81,32
2026-02-12 11:40:11.626271,6,33
2026-02-12 11:40:12.203941,80,26
2026-02-12 11:40:12.778955,100,25
2026-02-12 11:40:13.358954,71,4
2026-02-12 11:40:13.934470,50,32
2026-02-12 11:40:14.518625,31,14
2026-02-12 11:40:15.095711,97,46
2026-02-12 11:40:15.674841,36,43
2026-02-12 11:40:16.250874,42,42
2026-02-12 11:40:16.827678,43,22
2026-02-12 11:40:17.406030,72,32
2026-02-12 11:40:17.984221,46,28
2026-02-12 11:40:18.566161,87,4
2026-02-12 11:40:19.157382,33,5
2026-02-12 11:40:19.732475,32,39
2026-02-12 11:40:20.312080,99,13
2026-02-12 11:40:20.889241,47,12
2026-02-12 11:40:21.479571,16,32
2026-02-12 11:40:22.058199,41,26
2026-02-12 11:40:22.652734,21,9
2026-02-12 11:40:23.259482,63,12
2026-02-12 11:40:23.836482,75,29
2026-02-12 11:40:24.429657,87,30
2026-02-12 11:40:25.019415,57,21
2026-02-12 11:40:25.597028,60,35
2026-02-12 11:40:26.182842,78,26
2026-02-12 11:40:26.758471,3,29
2026-02-12 11:40:27.353660,24,13
2026-02-12 11:40:27.931897,23,6
2026-02-12 11:40:28.508692,23,5
2026-02-12 11:40:29.107836,38,39
2026-02-12 11:40:29.689771,17,16
2026-02-12 11:40:30.296562,34,33
2026-02-12 11:40:30.876975,55,38
2026-02-12 11:40:31.474152,28,47
2026-02-12 11:40:32.089439,18,18
2026-02-12 11:40:32.671206,67,7
2026-02-12 11:40:33.277072,36,8
2026-02-12 11:40:33.854848,38,10
2026-02-12 11:40:34.431637,26,40
2026-02-12 11:40:35.073871,37,20
2026-02-12 11:40:35.653009,48,6
2026-02-12 11:40:36.230659,20,32
2026-02-12 11:40:36.811341,80,1
2026-02-12 11:40:37.391193,27,6
2026-02-12 11:40:37.978215,77,15
2026-02-12 11:40:38.560793,55,41
2026-02-12 11:40:39.178824,50,41
2026-02-12 11:40:39.760204,32,6
2026-02-12 11:40:40.335593,11,15
2026-02-12 11:40:40.914539,40,0
2026-02-12 11:40:41.489123,39,48
2026-02-12 11:40:42.086881,68,39
2026-02-12 11:40:42.662982,35,10
2026-02-12 11:40:43.270673,77,31
2026-02-12 11:40:43.868983,43,42
2026-02-12 11:40:44.448949,93,22
2026-02-12 11:40:45.025416,59,28
2026-02-12 11:40:45.605366,95,6
2026-02-12 11:40:46.185503,65,48
2026-02-12 11:40:46.764203,45,46
2026-02-12 11:40:47.371642,1,6
2026-02-12 11:40:47.939696,70,47
2026-02-12 11:40:48.540573,41,50
2026-02-12 11:40:49.164336,82,32
2026-02-12 11:40:49.803282,38,15
2026-02-12 11:40:50.395048,10,5
2026-02-12 11:40:51.006126,24,32
2026-02-12 11:40:51.591010,39,17
2026-02-12 11:40:52.185297,33,7
2026-02-12 11:40:52.815399,92,48
2026-02-12 11:40:53.424491,50,4
2026-02-12 11:40:54.018511,92,13
2026-02-12 11:40:54.611108,63,15
2026-02-12 11:40:55.171893,44,35
2026-02-12 11:40:55.754230,29,33
2026-02-12 11:40:56.358749,10,26
2026-02-12 11:40:56.946132,78,2
2026-02-12 11:40:57.550556,62,6
2026-02-12 11:40:58.140166,73,33
2026-02-12 11:40:58.740353,93,41
2026-02-12 11:40:59.354462,97,7
2026-02-12 11:40:59.962999,61,38
2026-02-12 11:41:00.567665,93,41
2026-02-12 11:41:01.157450,22,4
2026-02-12 11:41:01.712464,1,41
2026-02-12 11:41:02.371488,83,46
2026-02-12 11:41:02.950309,45,22
2026-02-12 11:41:03.534773,38,37
2026-02-12 11:41:04.137590,42,19
2026-02-12 11:41:04.713544,17,48
2026-02-12 11:41:05.306276,85,24
2026-02-12 11:41:05.912333,21,8
2026-02-12 11:41:06.532066,98,32
2026-02-12 11:41:07.111187,20,35
2026-02-12 11:41:07.690262,79,7
2026-02-12 11:41:08.300174,50,50
2026-02-12 11:41:08.896699,47,48
2026-02-12 11:41:09.563136,1,12
2026-02-12 11:41:10.146295,18,11
2026-02-12 11:41:10.704551,80,27
2026-02-12 11:41:11.277642,54,34
2026-02-12 11:41:11.856060,77,17
2026-02-12 11:41:12.465423,59,14
2026-02-12 11:41:13.047209,35,23
2026-02-12 11:41:13.637689,19,21
2026-02-12 11:41:14.315417,85,23
2026-02-12 11:41:14.895461,35,3
2026-02-12 11:41:15.469144,27,8
2026-02-12 11:41:16.046216,87,45
2026-02-12 11:41:16.639281,34,12
2026-02-12 11:41:17.215774,96,20
2026-02-12 11:41:17.794050,49,19
2026-02-12 11:41:18.412530,20,14
2026-02-12 11:41:18.996183,48,29
2026-02-12 11:41:19.585888,16,40
2026-02-12 11:41:20.164684,96,39
2026-02-12 11:41:20.744331,21,5
2026-02-12 11:41:21.349435,8,37
2026-02-12 11:41:21.926492,96,40
2026-02-12 11:41:22.505087,15,13
2026-02-12 11:41:23.083844,31,6
2026-02-12 11:41:23.664428,70,35
2026-02-12 11:41:24.283694,56,26
2026-02-12 11:41:24.872127,59,32
2026-02-12 11:41:25.450762,18,47
2026-02-12 11:41:26.033666,18,44
2026-02-12 11:41:26.611915,14,17
2026-02-12 11:41:27.211055,74,2
2026-02-12 11:41:27.802587,71,16
2026-02-12 11:41:28.408046,95,10
2026-02-12 11:41:28.999525,84,32
2026-02-12 11:41:29.595263,24,17
2026-02-12 11:41:30.176309,1,41
2026-02-12 11:41:30.782919,7,23
2026-02-12 11:41:31.400375,52,27
2026-02-12 11:41:31.974672,7,42
2026-02-12 11:41:32.544964,97,34
2026-02-12 11:41:33.129015,3,48
2026-02-12 11:41:33.737039,61,13
2026-02-12 11:41:34.348840,9,43
2026-02-12 11:41:34.930746,88,43
2026-02-12 11:41:35.556316,29,38
2026-02-12 11:41:36.145965,98,35
2026-02-12 11:41:36.734648,92,48
2026-02-12 11:41:37.308372,98,26
2026-02-12 11:41:37.906789,38,11
2026-02-12 11:41:38.485379,0,3
2026-02-12 11:41:39.065860,3,19
2026-02-12 11:41:39.679868,32,37
2026-02-12 11:41:40.277876,15,8
2026-02-12 11:41:40.874100,68,5
2026-02-12 11:41:41.470972,55,19
2026-02-12 11:41:42.059503,1,50
2026-02-12 11:41:42.680661,38,1
2026-02-12 11:41:43.243137,86,14
2026-02-12 11:41:43.824618,73,17
2026-02-12 11:41:44.394068,44,34
2026-02-12 11:41:44.962799,28,28
2026-02-12 11:41:45.515835,37,13
2026-02-12 11:41:46.082914,14,43
2026-02-12 11:41:46.655095,22,25
2026-02-12 11:41:47.206820,26,0
2026-02-12 11:41:47.789527,21,46
2026-02-12 11:41:48.350516,30,27
2026-02-12 11:41:48.908080,25,24
2026-02-12 11:41:49.495087,87,2
2026-02-12 11:41:50.098066,63,39
2026-02-12 11:41:50.676798,70,44
2026-02-12 11:41:51.255281,71,8
2026-02-12 11:41:51.859872,24,13
2026-02-12 11:41:52.515326,4,35
2026-02-12 11:41:53.097277,54,39
2026-02-12 11:41:53.678293,11,37
2026-02-12 11:41:54.275139,27,31
2026-02-12 11:41:54.851895,30,39
2026-02-12 11:41:55.438005,47,45
2026-02-12 11:41:56.040285,80,34
2026-02-12 11:41:56.620741,21,38
2026-02-12 11:41:57.199317,82,21
2026-02-12 11:41:57.776847,62,24
2026-02-12 11:41:58.353456,0,0
2026-02-12 11:41:58.946356,37,41
2026-02-12 11:41:59.526079,93,39
2026-02-12 11:42:00.176966,36,50
2026-02-12 11:42:00.753090,49,42
2026-02-12 11:42:01.335657,71,30
2026-02-12 11:42:01.936476,80,6
2026-02-12 11:42:02.517865,56,46
2026-02-12 11:42:03.120520,20,48
2026-02-12 11:42:03.726121,89,40
2026-02-12 11:42:04.302793,15,0
2026-02-12 11:42:04.881518,26,33
2026-02-12 11:42:05.513942,44,8
2026-02-12 11:42:06.117477,43,2
2026-02-12 11:42:06.768208,40,29
2026-02-12 11:42:07.361500,44,27
2026-02-12 11:42:07.938725,56,25
2026-02-12 11:42:08.516920,94,3
2026-02-12 11:42:09.093208,37,44
2026-02-12 11:42:09.735114,79,8
2026-02-12 11:42:10.320714,79,3
2026-02-12 11:42:10.894217,56,34
2026-02-12 11:42:11.471986,84,24
2026-02-12 11:42:12.053729,5,14
2026-02-12 11:42:12.630071,76,41
2026-02-12 11:42:13.210903,80,10
2026-02-12 11:42:13.792897,0,35
2026-02-12 11:42:14.394887,97,50
2026-02-12 11:42:14.974882,29,36
2026-02-12 11:42:15.554716,47,21
2026-02-12 11:42:16.151213,11,4
2026-02-12 11:42:16.718250,77,1
2026-02-12 11:42:17.296398,53,31
2026-02-12 11:42:17.878538,88,0
2026-02-12 11:42:18.485963,37,36
2026-02-12 11:42:19.071708,48,11
2026-02-12 11:42:19.681741,14,46
2026-02-12 11:42:20.273628,65,21
2026-02-12 11:42:20.861331,47,34
2026-02-12 11:42:21.472599,30,35
2026-02-12 11:42:22.085599,49,11
2026-02-12 11:42:22.679270,15,26
2026-02-12 11:42:23.274207,1,26
2026-02-12 11:42:23.860283,66,1
2026-02-12 11:42:24.445130,69,27
2026-02-12 11:42:25.024248,99,0
2026-02-12 11:42:25.631750,41,21
2026-02-12 11:42:26.216542,77,13
2026-02-12 11:42:26.770354,17,4
2026-02-12 11:42:27.348235,72,49
2026-02-12 11:42:27.923145,71,45
2026-02-12 11:42:28.546012,91,2
2026-02-12 11:42:29.140837,31,31
2026-02-12 11:42:29.732912,30,16
2026-02-12 11:42:30.328072,86,28
2026-02-12 11:42:30.915831,76,47
2026-02-12 11:42:31.513532,39,48
2026-02-12 11:42:32.110059,61,44
2026-02-12 11:42:32.680737,95,34
2026-02-12 11:42:33.267526,83,42
2026-02-12 11:42:33.857692,55,46
2026-02-12 11:42:34.432677,79,37
2026-02-12 11:42:35.013858,36,44
2026-02-12 11:42:35.611103,18,40
2026-02-12 11:42:36.194041,40,21
2026-02-12 11:42:36.775675,61,4
2026-02-12 11:42:37.356184,63,46
2026-02-12 11:42:37.916310,96,45
2026-02-12 11:42:38.470817,37,39
2026-02-12 11:42:39.054913,38,22
2026-02-12 11:42:39.613953,30,44
2026-02-12 11:42:40.192968,81,8
2026-02-12 11:42:40.782334,22,25
2026-02-12 11:42:41.370495,90,26
2026-02-12 11:42:41.972618,5,7
2026-02-12 11:42:42.540909,77,28
2026-02-12 11:42:43.093859,36,37
2026-02-12 11:42:43.666187,25,26
2026-02-12 11:42:44.238382,54,40
2026-02-12 11:42:44.818221,48,43
2026-02-12 11:42:45.404602,31,14
2026-02-12 11:42:45.985031,88,26
2026-02-12 11:42:46.541035,38,50
2026-02-12 11:42:47.113841,7,18
2026-02-12 11:42:47.674431,88,37
2026-02-12 11:42:48.244765,64,36
2026-02-12 11:42:48.822082,12,3
2026-02-12 11:42:49.394963,5,48
2026-02-12 11:42:49.960447,43,0
2026-02-12 11:42:50.533894,66,31
2026-02-12 11:42:51.088139,57,12
2026-02-12 11:42:51.674036,81,39
2026-02-12 11:42:52.252387,88,45
2026-02-12 11:42:52.811134,75,17
2026-02-12 11:42:53.388042,90,6
2026-02-12 11:42:53.983898,20,24
2026-02-12 11:42:54.569145,1,43
2026-02-12 11:42:55.159666,53,49
2026-02-12 11:42:55.739029,39,12
2026-02-12 11:42:56.322636,57,8
2026-02-12 11:42:56.943528,46,44
2026-02-12 11:42:57.527953,38,28
2026-02-12 11:42:58.115783,88,14
2026-02-12 11:42:58.696465,90,29
2026-02-12 11:42:59.275401,32,22
2026-02-12 11:42:59.855597,32,50
2026-02-12 11:43:00.435050,48,32
2026-02-12 11:43:01.052555,25,21
2026-02-12 11:43:01.628352,48,43
2026-02-12 11:43:02.207770,83,36
2026-02-12 11:43:02.784689,56,22
2026-02-12 11:43:03.364981,96,36
2026-02-12 11:43:04.020883,7,29
2026-02-12 11:43:04.601676,0,47
2026-02-12 11:43:05.178794,50,45
2026-02-12 11:43:05.787437,20,7
2026-02-12 11:43:06.485628,29,23
2026-02-12 11:43:07.067906,94,2
2026-02-12 11:43:07.674915,63,3
2026-02-12 11:43:08.267284,35,26
2026-02-12 11:43:08.848008,74,43
2026-02-12 11:43:09.461084,55,37
2026-02-12 11:43:10.084336,16,36
2026-02-12 11:43:10.725113,95,14
2026-02-12 11:43:11.312928,62,9
2026-02-12 11:43:11.906359,8,46
2026-02-12 11:43:12.498460,45,15
2026-02-12 11:43:13.076564,97,1
2026-02-12 11:43:13.655846,98,28
2026-02-12 11:43:14.234835,47,28
2026-02-12 11:43:14.839847,96,39
2026-02-12 11:43:15.432806,85,15
2026-02-12 11:43:16.034208,30,50
2026-02-12 11:43:16.615677,83,5
2026-02-12 11:43:17.193159,80,25
2026-02-12 11:43:17.780191,34,19
2026-02-12 11:43:18.357759,57,13
2026-02-12 11:43:18.936462,72,14
2026-02-12 11:43:19.520284,94,37
2026-02-12 11:43:20.115329,40,27
2026-02-12 11:43:20.702885,46,50
2026-02-12 11:43:21.282396,48,31
2026-02-12 11:43:21.899188,82,23
2026-02-12 11:43:22.521038,55,11
2026-02-12 11:43:23.098004,79,2
2026-02-12 11:43:23.797083,51,15
2026-02-12 11:43:24.407645,40,27
2026-02-12 11:43:25.055318,21,10
2026-02-12 11:43:25.633588,6,6
2026-02-12 11:43:26.218034,65,12
2026-02-12 11:43:26.798789,28,45
2026-02-12 11:43:27.404798,88,47
2026-02-12 11:43:27.982752,86,12
2026-02-12 11:43:28.582774,36,7
2026-02-12 11:43:29.203703,33,3
2026-02-12 11:43:29.803732,20,47
2026-02-12 11:43:30.384662,16,21
2026-02-12 11:43:30.992728,62,26
2026-02-12 11:43:31.575689,82,50
2026-02-12 11:43:32.153023,91,33
2026-02-12 11:43:32.732124,96,40
2026-02-12 11:43:33.309741,42,40
2026-02-12 11:43:33.917225,93,44
2026-02-12 11:43:34.513672,27,32
2026-02-12 11:43:35.104763,8,48
2026-02-12 11:43:35.688080,63,29
2026-02-12 11:43:36.272646,43,16
2026-02-12 11:43:36.872881,74,28
2026-02-12 11:43:37.482898,36,44
2026-02-12 11:43:38.090252,70,17
2026-02-12 11:43:38.714294,16,19
2026-02-12 11:43:39.328902,28,10
2026-02-12 11:43:39.944538,81,1
2026-02-12 11:43:40.579261,21,16
2026-02-12 11:43:41.163142,3,18
2026-02-12 11:43:41.744127,48,34
2026-02-12 11:43:42.323453,72,2
2026-02-12 11:43:42.909156,47,30
2026-02-12 11:43:43.518142,1,27
2026-02-12 11:43:44.104113,8,11
2026-02-12 11:43:44.716943,17,11
2026-02-12 11:43:45.295976,35,21
2026-02-12 11:43:45.874444,57,48
2026-02-12 11:43:46.455375,83,32
2026-02-12 11:43:47.035046,95,15
2026-02-12 11:43:47.619304,93,1
2026-02-12 11:43:48.196717,5,14
2026-02-12 11:43:48.783706,68,15
2026-02-12 11:43:49.362995,29,26
2026-02-12 11:43:50.011693,32,33
2026-02-12 11:43:50.609080,93,15
2026-02-12 11:43:51.221745,26,9
2026-02-12 11:43:51.849825,37,40
2026-02-12 11:43:52.420916,91,27
2026-02-12 11:43:53.002020,50,1
2026-02-12 11:43:53.574868,46,13
2026-02-12 11:43:54.198326,3,33
2026-02-12 11:43:54.792882,3,40
2026-02-12 11:43:55.404279,58,39
2026-02-12 11:43:56.003684,78,25
2026-02-12 11:43:56.589120,4,8
2026-02-12 11:43:57.210035,4,47
2026-02-12 11:43:57.792768,48,24
2026-02-12 11:43:58.400091,5,3
2026-02-12 11:43:58.985654,95,50
2026-02-12 11:43:59.568114,81,43
2026-02-12 11:44:00.173170,66,22
2026-02-12 11:44:00.808535,14,29
2026-02-12 11:44:01.441598,17,40
2026-02-12 11:44:02.055203,20,35
2026-02-12 11:44:02.690865,83,48
2026-02-12 11:44:03.280466,44,20
2026-02-12 11:44:03.883760,17,34
2026-02-12 11:44:04.490338,90,11
2026-02-12 11:44:05.069316,18,14
2026-02-12 11:44:05.655602,42,48
2026-02-12 11:44:06.240811,36,26
2026-02-12 11:44:06.830000,56,42
2026-02-12 11:44:07.452585,30,41
2026-02-12 11:44:08.070522,50,34
2026-02-12 11:44:08.670685,20,3
2026-02-12 11:44:09.276405,55,30
2026-02-12 11:44:09.898233,42,44
2026-02-12 11:44:10.553772,32,44
2026-02-12 11:44:11.191241,99,28
2026-02-12 11:44:11.824870,57,10
2026-02-12 11:44:12.447027,42,23
2026-02-12 11:44:13.036779,33,29
2026-02-12 11:44:13.630989,84,6
2026-02-12 11:44:14.209592,75,50
2026-02-12 11:44:14.787374,97,21
2026-02-12 11:44:15.369997,2,30
2026-02-12 11:44:15.973109,58,14
2026-02-12 11:44:16.558953,83,19
2026-02-12 11:44:17.138832,37,25
2026-02-12 11:44:17.716944,49,39
2026-02-12 11:44:18.356038,57,3
2026-02-12 11:44:19.010290,17,3
2026-02-12 11:44:19.691256,41,2
2026-02-12 11:44:20.289835,86,29
2026-02-12 11:44:20.909995,1,50
2026-02-12 11:44:21.505641,100,16
2026-02-12 11:44:22.091957,29,14
2026-02-12 11:44:22.758353,68,48
2026-02-12 11:44:23.339764,13,9
2026-02-12 11:44:23.923724,12,19
2026-02-12 11:44:24.500558,47,35
2026-02-12 11:44:25.080755,74,41
2026-02-12 11:44:25.700944,96,34
2026-02-12 11:44:26.284552,91,12
2026-02-12 11:44:26.865992,71,31
2026-02-12 11:44:27.489875,11,43
2026-02-12 11:44:28.078224,28,9
2026-02-12 11:44:28.665359,72,17
2026-02-12 11:44:29.243602,75,33
2026-02-12 11:44:29.831047,32,32
2026-02-12 11:44:30.410665,17,18
2026-02-12 11:44:30.997501,98,13
2026-02-12 11:44:31.577633,98,7
2026-02-12 11:44:32.170973,60,16
2026-02-12 11:44:32.770817,69,9
2026-02-12 11:44:33.351171,36,16
2026-02-12 11:44:33.931511,14,36
2026-02-12 11:44:34.510953,1,20
2026-02-12 11:44:35.117119,20,17
2026-02-12 11:44:35.739417,93,45
2026-02-12 11:44:36.371617,8,21
2026-02-12 11:44:36.984925,48,48
2026-02-12 11:44:37.563213,79,12
2026-02-12 11:44:38.170528,3,37
2026-02-12 11:44:38.813779,71,40
2026-02-12 11:44:39.393020,54,17
2026-02-12 11:44:39.969260,40,1
2026-02-12 11:44:40.600332,89,28
2026-02-12 11:44:41.200060,93,48
2026-02-12 11:44:41.792375,45,16
2026-02-12 11:44:42.370435,59,45
2026-02-12 11:44:42.952747,77,29
2026-02-12 11:44:43.533709,60,4
2026-02-12 11:44:44.148357,9,0
2026-02-12 11:44:44.727245,20,22
2026-02-12 11:44:45.313606,30,48
2026-02-12 11:44:45.895168,98,14
2026-02-12 11:44:46.478686,5,17
2026-02-12 11:44:47.060311,6,30
2026-02-12 11:44:47.656080,75,18
2026-02-12 11:44:48.249870,96,37
2026-02-12 11:44:48.830546,17,38
2026-02-12 11:44:49.409299,87,36
2026-02-12 11:44:49.988945,71,5
2026-02-12 11:44:50.566509,23,26
2026-02-12 11:44:51.155847,38,8
2026-02-12 11:44:51.741579,27,10
2026-02-12 11:44:52.322982,61,32
2026-02-12 11:44:52.913154,24,27
2026-02-12 11:44:53.496806,11,33
2026-02-12 11:44:54.076963,62,21
2026-02-12 11:44:54.656928,21,42
2026-02-12 11:44:55.256192,99,2
2026-02-12 11:44:55.898812,18,17
2026-02-12 11:44:56.477173,32,32
2026-02-12 11:44:57.073262,11,49
2026-02-12 11:44:57.658209,88,10
2026-02-12 11:44:58.242306,88,33
2026-02-12 11:44:58.821573,86,46
2026-02-12 11:44:59.402398,9,42
2026-02-12 11:44:59.980796,77,38
2026-02-12 11:45:00.563548,12,47
2026-02-12 11:45:01.156442,94,39
2026-02-12 11:45:01.737911,86,8
2026-02-12 11:45:02.327908,71,50
2026-02-12 11:45:02.908219,87,27
2026-02-12 11:45:03.487466,68,2
2026-02-12 11:45:04.064373,72,44
2026-02-12 11:45:04.646629,97,4
2026-02-12 11:45:05.227240,22,1
2026-02-12 11:45:05.810441,40,42
2026-02-12 11:45:06.388093,98,39
2026-02-12 11:45:06.967529,0,25
2026-02-12 11:45:07.562720,95,16
2026-02-12 11:45:08.147202,59,47
2026-02-12 11:45:08.724627,29,39
2026-02-12 11:45:09.305373,64,37
2026-02-12 11:45:09.883160,66,24
2026-02-12 11:45:10.462925,79,41
2026-02-12 11:45:11.046845,69,14
2026-02-12 11:45:11.636001,94,39
2026-02-12 11:45:12.213068,42,21
2026-02-12 11:45:12.832527,49,22
2026-02-12 11:45:13.421377,23,24
2026-02-12 11:45:14.002324,78,36
2026-02-12 11:45:14.588618,87,37
2026-02-12 11:45:15.166023,9,25
2026-02-12 11:45:15.771937,35,24
2026-02-12 11:45:16.350458,79,36
2026-02-12 11:45:16.959170,29,27
2026-02-12 11:45:17.546722,70,5
2026-02-12 11:45:18.127992,3,42
2026-02-12 11:45:18.707165,67,39
2026-02-12 11:45:19.288050,63,38
2026-02-12 11:45:19.873988,36,31
2026-02-12 11:45:20.486415,45,37
2026-02-12 11:45:21.084294,62,33
2026-02-12 11:45:21.664834,40,31
2026-02-12 11:45:22.244121,46,44
2026-02-12 11:45:22.838368,96,1
2026-02-12 11:45:23.443249,48,28
2026-02-12 11:45:24.049303,46,46
2026-02-12 11:45:24.644284,48,40
2026-02-12 11:45:25.266224,82,16
2026-02-12 11:45:25.853995,84,2
2026-02-12 11:45:26.433077,66,41
2026-02-12 11:45:27.013176,55,13
2026-02-12 11:45:27.591514,67,12
2026-02-12 11:45:28.196269,74,44
2026-02-12 11:45:28.771422,63,11
2026-02-12 11:45:29.352179,28,49
2026-02-12 11:45:29.974821,96,18
2026-02-12 11:45:30.613751,88,4
2026-02-12 11:45:31.221155,47,38
2026-02-12 11:45:31.883319,89,13
2026-02-12 11:45:32.470210,57,22
2026-02-12 11:45:33.052825,13,25
2026-02-12 11:45:33.657487,99,22
2026-02-12 11:45:34.236528,51,3
2026-02-12 11:45:34.862165,4,38
2026-02-12 11:45:35.442559,45,24
2026-02-12 11:45:36.048516,64,26
2026-02-12 11:45:36.627288,96,49
2026-02-12 11:45:37.208664,13,12
2026-02-12 11:45:37.786655,2,34
2026-02-12 11:45:38.395088,1,40
2026-02-12 11:45:38.986341,39,22
2026-02-12 11:45:39.572488,49,32
2026-02-12 11:45:40.145841,98,9
2026-02-12 11:45:40.793953,64,31
2026-02-12 11:45:41.372349,51,50
2026-02-12 11:45:41.962628,17,23
2026-02-12 11:45:42.541628,84,46
2026-02-12 11:45:43.124368,53,8
2026-02-12 11:45:43.701270,60,34
2026-02-12 11:45:44.281492,65,44
2026-02-12 11:45:44.861707,38,29
2026-02-12 11:45:45.445000,26,40
2026-02-12 11:45:46.043892,27,21
2026-02-12 11:45:46.625140,69,31
2026-02-12 11:45:47.215419,22,50
2026-02-12 11:45:47.807782,99,39
2026-02-12 11:45:48.426667,99,28
2026-02-12 11:45:49.008129,72,41
2026-02-12 11:45:49.585296,15,38
2026-02-12 11:45:50.186515,60,8
2026-02-12 11:45:50.804423,10,28
2026-02-12 11:45:51.390802,13,16
2026-02-12 11:45:51.980880,7,5
2026-02-12 11:45:52.562012,85,27
2026-02-12 11:45:53.175896,93,0
2026-02-12 11:45:53.775540,5,0
2026-02-12 11:45:54.377528,37,33
2026-02-12 11:45:54.975781,77,24
2026-02-12 11:45:55.573933,32,11
2026-02-12 11:45:56.177545,37,21
2026-02-12 11:45:56.771866,85,12
2026-02-12 11:45:57.368845,17,31
2026-02-12 11:45:57.959758,11,28
2026-02-12 11:45:58.552751,86,47
2026-02-12 11:45:59.155109,8,40
2026-02-12 11:45:59.752420,18,21
2026-02-12 11:46:00.365647,15,33
2026-02-12 11:46:00.967511,47,2
2026-02-12 11:46:01.566225,83,19
2026-02-12 11:46:02.171207,98,5
2026-02-12 11:46:02.766952,95,30
2026-02-12 11:46:03.365365,22,40
2026-02-12 11:46:03.962410,49,4
2026-02-12 11:46:04.543183,83,32
2026-02-12 11:46:05.141478,83,41
2026-02-12 11:46:05.784510,59,20
2026-02-12 11:46:06.363930,16,48
2026-02-12 11:46:06.952713,64,23
2026-02-12 11:46:07.549015,74,40
2026-02-12 11:46:08.130700,86,11
2026-02-12 11:46:08.713092,72,8
2026-02-12 11:46:09.330887,54,26
2026-02-12 11:46:09.910746,50,0
2026-02-12 11:46:10.520919,31,18
2026-02-12 11:46:11.100508,77,23
2026-02-12 11:46:11.685398,23,40
2026-02-12 11:46:12.260610,90,25
2026-02-12 11:46:12.858352,64,47
2026-02-12 11:46:13.442330,97,24
2026-02-12 11:46:14.035944,69,28
2026-02-12 11:46:14.620009,21,16
2026-02-12 11:46:15.199898,100,45
2026-02-12 11:46:15.780963,48,44
2026-02-12 11:46:16.381123,68,39
2026-02-12 11:46:16.967406,15,16
2026-02-12 11:46:17.562510,85,42
2026-02-12 11:46:18.149431,27,45
2026-02-12 11:46:18.766648,88,40
2026-02-12 11:46:19.346610,6,36
2026-02-12 11:46:19.938667,42,45
2026-02-12 11:46:20.527726,50,17
2026-02-12 11:46:21.106689,36,27
2026-02-12 11:46:21.690348,69,36
2026-02-12 11:46:22.256923,3,14
2026-02-12 11:46:22.855922,80,1
2026-02-12 11:46:23.435751,5,2
2026-02-12 11:46:24.016869,2,27
2026-02-12 11:46:24.619556,87,7
2026-02-12 11:46:25.244332,10,4
2026-02-12 11:46:25.825590,15,43
2026-02-12 11:46:26.406308,52,19
2026-02-12 11:46:27.020398,8,27
2026-02-12 11:46:27.608648,38,10
2026-02-12 11:46:28.215220,80,6
2026-02-12 11:46:28.795691,79,45
2026-02-12 11:46:29.379857,84,30
2026-02-12 11:46:29.962234,31,30
2026-02-12 11:46:30.597550,22,44
2026-02-12 11:46:31.182365,53,39
2026-02-12 11:46:31.799411,67,48
2026-02-12 11:46:32.408400,85,27
2026-02-12 11:46:32.990521,100,17
2026-02-12 11:46:33.577817,47,26
2026-02-12 11:46:34.160721,68,3
2026-02-12 11:46:34.739257,6,34
2026-02-12 11:46:35.322598,44,11
2026-02-12 11:46:35.903615,17,40
2026-02-12 11:46:36.505932,57,41
2026-02-12 11:46:37.079844,58,30
2026-02-12 11:46:37.675799,82,23
2026-02-12 11:46:38.248861,82,27
2026-02-12 11:46:38.831696,81,13
2026-02-12 11:46:39.426532,76,25
2026-02-12 11:46:40.020357,38,37
2026-02-12 11:46:40.622435,28,6
2026-02-12 11:46:41.217739,45,21
2026-02-12 11:46:41.811917,93,5
2026-02-12 11:46:42.406688,5,41
2026-02-12 11:46:42.981293,7,46
2026-02-12 11:46:43.562689,45,21
2026-02-12 11:46:44.158070,48,27
2026-02-12 11:46:44.748187,27,0
2026-02-12 11:46:45.325113,21,26
2026-02-12 11:46:45.910623,29,39
2026-02-12 11:46:46.497611,87,46
2026-02-12 11:46:47.090158,12,3
2026-02-12 11:46:47.674767,37,21
2026-02-12 11:46:48.244450,98,28
2026-02-12 11:46:48.826517,1,8
2026-02-12 11:46:49.392506,4,1
2026-02-12 11:46:49.975010,86,6
2026-02-12 11:46:50.553497,73,39
2026-02-12 11:46:51.125774,16,30
2026-02-12 11:46:51.726452,12,28
2026-02-12 11:46:52.294842,65,22
2026-02-12 11:46:52.920818,3,40
2026-02-12 11:46:53.554672,17,40
2026-02-12 11:46:54.135406,93,39
2026-02-12 11:46:54.709742,31,31
2026-02-12 11:46:55.321110,89,37
2026-02-12 11:46:55.956235,62,30
2026-02-12 11:46:56.594097,16,9
2026-02-12 11:46:57.215092,43,38
2026-02-12 11:46:57.806593,68,2
2026-02-12 11:46:58.403424,18,37
2026-02-12 11:46:58.988268,1,5
2026-02-12 11:46:59.569583,81,44
2026-02-12 11:47:00.208189,32,15
2026-02-12 11:47:00.809905,98,49
2026-02-12 11:47:01.392839,44,7
2026-02-12 11:47:01.992431,12,25
2026-02-12 11:47:02.613341,42,23
2026-02-12 11:47:03.196420,1,40
2026-02-12 11:47:03.805856,25,46
2026-02-12 11:47:04.395495,13,31
2026-02-12 11:47:04.980283,57,29
2026-02-12 11:47:05.630051,38,13
2026-02-12 11:47:06.239629,88,44
2026-02-12 11:47:06.828092,98,48
2026-02-12 11:47:07.502962,90,22
2026-02-12 11:47:08.109087,49,18
2026-02-12 11:47:08.714761,8,38
2026-02-12 11:47:09.305908,16,3
2026-02-12 11:47:09.979339,60,3
2026-02-12 11:47:10.581409,41,19
2026-02-12 11:47:11.187702,77,7
2026-02-12 11:47:11.775287,47,12
2026-02-12 11:47:12.358352,16,49
2026-02-12 11:47:12.945306,28,44
2026-02-12 11:47:13.526298,74,24
2026-02-12 11:47:14.122736,26,50
2026-02-12 11:47:14.711931,69,13
2026-02-12 11:47:15.328808,28,46
2026-02-12 11:47:15.943420,40,46
2026-02-12 11:47:16.550646,90,31
2026-02-12 11:47:17.155767,22,1
2026-02-12 11:47:17.734998,64,35
2026-02-12 11:47:18.349030,9,30
2026-02-12 11:47:18.931957,29,17
2026-02-12 11:47:19.520379,83,23
2026-02-12 11:47:20.142086,49,49
2026-02-12 11:47:20.741197,25,17
2026-02-12 11:47:21.329993,12,0
2026-02-12 11:47:21.938454,0,6
2026-02-12 11:47:22.535667,12,3
2026-02-12 11:47:23.128385,33,35
2026-02-12 11:47:23.729787,66,19
2026-02-12 11:47:24.324317,16,4
2026-02-12 11:47:24.912117,55,13
2026-02-12 11:47:25.498295,4,27
2026-02-12 11:47:26.092390,21,32
2026-02-12 11:47:26.670760,61,0
2026-02-12 11:47:27.274635,59,31
2026-02-12 11:47:27.858162,20,6
2026-02-12 11:47:28.461088,36,34
2026-02-12 11:47:29.053521,74,45
2026-02-12 11:47:29.640823,99,28
2026-02-12 11:47:30.214465,58,42
2026-02-12 11:47:30.818598,18,45
2026-02-12 11:47:31.402218,5,5
2026-02-12 11:47:31.995589,82,23
2026-02-12 11:47:32.587222,35,44
2026-02-12 11:47:33.167119,30,43
2026-02-12 11:47:33.764648,66,39
2026-02-12 11:47:34.342288,17,48
2026-02-12 11:47:34.937104,85,43
2026-02-12 11:47:35.514624,99,37
2026-02-12 11:47:36.111141,2,31
2026-02-12 11:47:36.689683,46,26
2026-02-12 11:47:37.269025,54,25
2026-02-12 11:47:37.864329,40,14
2026-02-12 11:47:38.445613,73,45
2026-02-12 11:47:39.035768,4,30
2026-02-12 11:47:39.617730,69,1
2026-02-12 11:47:40.196759,27,43
2026-02-12 11:47:40.778077,38,21
2026-02-12 11:47:41.355397,5,32
2026-02-12 11:47:42.017684,58,44
2026-02-12 11:47:42.602577,49,19
2026-02-12 11:47:43.184068,16,11
2026-02-12 11:47:43.781187,55,11
2026-02-12 11:47:44.370496,13,12
2026-02-12 11:47:44.965489,70,0
2026-02-12 11:47:45.556419,99,26
2026-02-12 11:47:46.157368,70,0
2026-02-12 11:47:46.719966,64,7
2026-02-12 11:47:47.290418,14,8
2026-02-12 11:47:47.907786,84,26
2026-02-12 11:47:48.501196,83,9
2026-02-12 11:47:49.097870,75,34
2026-02-12 11:47:49.675627,86,28
2026-02-12 11:47:50.257271,94,43
2026-02-12 11:47:50.893278,76,23
2026-02-12 11:47:51.482090,81,0
2026-02-12 11:47:52.063339,61,29
2026-02-12 11:47:52.685608,94,15
2026-02-12 11:47:53.282724,36,31
2026-02-12 11:47:53.864222,10,2
2026-02-12 11:47:54.455437,64,49
2026-02-12 11:47:55.048066,78,7
2026-02-12 11:47:55.636804,76,11
2026-02-12 11:47:56.246582,63,40
2026-02-12 11:47:56.806726,97,30
2026-02-12 11:47:57.419570,12,6
2026-02-12 11:47:58.004656,8,35
2026-02-12 11:47:58.602666,17,43
2026-02-12 11:47:59.236380,63,31
2026-02-12 11:47:59.820586,47,47
2026-02-12 11:48:00.412093,44,28
2026-02-12 11:48:01.060689,13,48
2026-02-12 11:48:01.651692,91,38
2026-02-12 11:48:02.285026,13,39
2026-02-12 11:48:02.874296,95,25
2026-02-12 11:48:03.493118,54,18
2026-02-12 11:48:04.073620,63,39
2026-02-12 11:48:04.661140,64,36
2026-02-12 11:48:05.396641,56,26
2026-02-12 11:48:06.053110,26,1
2026-02-12 11:48:06.631085,78,28
2026-02-12 11:48:07.212851,82,6
2026-02-12 11:48:07.816451,30,47
2026-02-12 11:48:08.397442,69,43
2026-02-12 11:48:08.993404,25,5
2026-02-12 11:48:09.573803,73,35
2026-02-12 11:48:10.150572,76,5
2026-02-12 11:48:10.730738,24,10
2026-02-12 11:48:11.307863,36,4
2026-02-12 11:48:11.918872,20,40
2026-02-12 11:48:12.504665,47,27
2026-02-12 11:48:13.085166,20,40
2026-02-12 11:48:13.662814,74,38
2026-02-12 11:48:14.277483,89,39
2026-02-12 11:48:14.883711,5,13
2026-02-12 11:48:15.487924,59,32
2026-02-12 11:48:16.068023,93,21
2026-02-12 11:48:16.658971,91,25
2026-02-12 11:48:17.252290,41,34
2026-02-12 11:48:17.863955,35,44
2026-02-12 11:48:18.459762,39,28
2026-02-12 11:48:19.057375,47,35
2026-02-12 11:48:19.698205,96,21
2026-02-12 11:48:20.309616,46,46
2026-02-12 11:48:20.918789,80,45
2026-02-12 11:48:21.492934,43,22
2026-02-12 11:48:22.097435,33,18
2026-02-12 11:48:22.705580,98,13
2026-02-12 11:48:23.303560,95,24
2026-02-12 11:48:23.905558,52,50
2026-02-12 11:48:24.502121,70,38
2026-02-12 11:48:25.098816,26,16
2026-02-12 11:48:25.698025,30,35
2026-02-12 11:48:26.333965,7,25
2026-02-12 11:48:26.955236,89,44
2026-02-12 11:48:27.555720,29,28
2026-02-12 11:48:28.266921,33,1
2026-02-12 11:48:28.866311,56,10
2026-02-12 11:48:29.493665,38,11
2026-02-12 11:48:30.151669,94,36
2026-02-12 11:48:30.747755,12,10
2026-02-12 11:48:31.344450,66,26
2026-02-12 11:48:31.940047,71,43
2026-02-12 11:48:32.537642,56,22
2026-02-12 11:48:33.138727,20,13
2026-02-12 11:48:33.740354,16,46
2026-02-12 11:48:34.386909,28,48
2026-02-12 11:48:34.980569,82,15
2026-02-12 11:48:35.613164,74,3
2026-02-12 11:48:36.204720,43,9
2026-02-12 11:48:36.809405,70,35
2026-02-12 11:48:37.417710,14,25
2026-02-12 11:48:38.051897,74,14
2026-02-12 11:48:38.721305,64,3
2026-02-12 11:48:39.319390,49,0
2026-02-12 11:48:39.917337,22,1
2026-02-12 11:48:40.541106,64,42
2026-02-12 11:48:41.141702,85,13
2026-02-12 11:48:41.767320,96,9
2026-02-12 11:48:42.341787,5,32
2026-02-12 11:48:42.989937,52,42
2026-02-12 11:48:43.567860,53,0
2026-02-12 11:48:44.142785,99,6
2026-02-12 11:48:44.710088,7,50
2026-02-12 11:48:45.285493,56,5
2026-02-12 11:48:45.911024,16,45
2026-02-12 11:48:46.520008,82,21
2026-02-12 11:48:47.113215,97,34
2026-02-12 11:48:47.701482,60,14
2026-02-12 11:48:48.260802,47,35
2026-02-12 11:48:48.845182,12,9
2026-02-12 11:48:49.426255,78,44
2026-02-12 11:48:49.985156,22,48
2026-02-12 11:48:50.563152,28,11
2026-02-12 11:48:51.133092,56,37
2026-02-12 11:48:51.742030,80,14
2026-02-12 11:48:52.345938,64,37
2026-02-12 11:48:52.965766,51,23
2026-02-12 11:48:53.558489,50,35
2026-02-12 11:48:54.159753,24,41
2026-02-12 11:48:54.753874,3,9
2026-02-12 11:48:55.335171,37,50
2026-02-12 11:48:55.970158,41,3
2026-02-12 11:48:56.557118,1,23
2026-02-12 11:48:57.122996,43,40
2026-02-12 11:48:57.676161,83,26
2026-02-12 11:48:58.264366,59,30
2026-02-12 11:48:58.839949,97,16
2026-02-12 11:48:59.419963,30,34
2026-02-12 11:49:00.001833,96,19
2026-02-12 11:49:00.618767,16,12
2026-02-12 11:49:01.182848,88,24
2026-02-12 11:49:01.795500,9,38
2026-02-12 11:49:02.404117,63,2
2026-02-12 11:49:03.000013,77,27
2026-02-12 11:49:03.621914,26,38
2026-02-12 11:49:04.235466,50,4
2026-02-12 11:49:04.881255,33,11
2026-02-12 11:49:05.467925,19,14
2026-02-12 11:49:06.106750,77,4
2026-02-12 11:49:06.702121,86,25
2026-02-12 11:49:07.289770,100,40
2026-02-12 11:49:07.915364,91,37
2026-02-12 11:49:08.508981,43,39
2026-02-12 11:49:09.107155,41,10
2026-02-12 11:49:09.721385,68,14
2026-02-12 11:49:10.332960,7,26
2026-02-12 11:49:10.953846,53,38
2026-02-12 11:49:11.553162,27,48
2026-02-12 11:49:12.163294,21,24
2026-02-12 11:49:12.758678,3,6
2026-02-12 11:49:13.331262,75,38
2026-02-12 11:49:13.936273,43,16
2026-02-12 11:49:14.524756,48,11
2026-02-12 11:49:15.105836,73,6
2026-02-12 11:49:15.703372,26,10
2026-02-12 11:49:16.298091,23,20
2026-02-12 11:49:16.878611,10,3
2026-02-12 11:49:17.436012,8,35
2026-02-12 11:49:17.992041,74,13
2026-02-12 11:49:18.602819,73,37
2026-02-12 11:49:19.212863,71,21
2026-02-12 11:49:19.817271,37,5
2026-02-12 11:49:20.436373,2,43
2026-02-12 11:49:21.060550,50,13
2026-02-12 11:49:21.651945,94,9
2026-02-12 11:49:22.270998,18,43
2026-02-12 11:49:22.853759,28,15
2026-02-12 11:49:23.438310,63,5
2026-02-12 11:49:24.016416,12,24
2026-02-12 11:49:24.598176,17,37
2026-02-12 11:49:25.206340,49,40
2026-02-12 11:49:25.794482,13,14
2026-02-12 11:49:26.372063,94,14
2026-02-12 11:49:26.957725,67,18
2026-02-12 11:49:27.537335,17,4
2026-02-12 11:49:28.118520,59,10
2026-02-12 11:49:28.698228,53,2
2026-02-12 11:49:29.277899,60,3
2026-02-12 11:49:29.858834,32,3
2026-02-12 11:49:30.439796,78,40
2026-02-12 11:49:31.023251,4,25
2026-02-12 11:49:31.604706,59,42
2026-02-12 11:49:32.184423,87,38
2026-02-12 11:49:32.766706,50,8
2026-02-12 11:49:33.346765,79,8
2026-02-12 11:49:33.929651,91,45
2026-02-12 11:49:34.508842,28,26
2026-02-12 11:49:35.109600,59,15
2026-02-12 11:49:35.689353,43,26
2026-02-12 11:49:36.308805,45,25
2026-02-12 11:49:36.910179,4,18
2026-02-12 11:49:37.520034,13,49
2026-02-12 11:49:38.111713,34,26
2026-02-12 11:49:38.692602,34,4
2026-02-12 11:49:39.278417,43,12
2026-02-12 11:49:39.866817,38,12
2026-02-12 11:49:40.445575,50,9
2026-02-12 11:49:41.033900,52,2
2026-02-12 11:49:41.657584,30,31
2026-02-12 11:49:42.254303,68,23
2026-02-12 11:49:42.845104,69,27
2026-02-12 11:49:43.446576,97,39
2026-02-12 11:49:44.040550,2,27
2026-02-12 11:49:44.660729,66,48
2026-02-12 11:49:45.257559,82,0
2026-02-12 11:49:45.874981,92,47
2026-02-12 11:49:46.491570,18,38
2026-02-12 11:49:47.102366,62,37
2026-02-12 11:49:47.698579,27,33
2026-02-12 11:49:48.295974,95,1
2026-02-12 11:49:48.886108,16,1
2026-02-12 11:49:49.489309,87,0
2026-02-12 11:49:50.154379,18,41
2026-02-12 11:49:50.759239,90,37
2026-02-12 11:49:51.377988,82,11
2026-02-12 11:49:51.973465,13,50
2026-02-12 11:49:52.592170,6,16
2026-02-12 11:49:53.310149,70,2
2026-02-12 11:49:53.928978,59,41
2026-02-12 11:49:54.543074,4,4
2026-02-12 11:49:55.239028,6,33
2026-02-12 11:49:55.880550,21,35
2026-02-12 11:49:56.492103,18,45
2026-02-12 11:49:57.080996,90,9
2026-02-12 11:49:57.667114,59,0
2026-02-12 11:49:58.279588,26,12
2026-02-12 11:49:58.872858,91,16
2026-02-12 11:49:59.457107,59,0
2026-02-12 11:50:00.047536,59,2
2026-02-12 11:50:00.727791,84,11
2026-02-12 11:50:01.326662,26,20
2026-02-12 11:50:01.926674,72,26
2026-02-12 11:50:02.525066,52,34
2026-02-12 11:50:03.118788,81,15
2026-02-12 11:50:03.750316,15,26
2026-02-12 11:50:04.361018,0,5
2026-02-12 11:50:04.964748,6,43
2026-02-12 11:50:05.567714,47,27
2026-02-12 11:50:06.166153,89,0
2026-02-12 11:50:06.760778,58,34
2026-02-12 11:50:07.354517,13,15
2026-02-12 11:50:07.948645,33,47
2026-02-12 11:50:08.576392,70,33
2026-02-12 11:50:09.220320,26,10
2026-02-12 11:50:09.839639,14,2
2026-02-12 11:50:10.610426,96,24
2026-02-12 11:50:11.217230,77,46
2026-02-12 11:50:11.806337,6,5
2026-02-12 11:50:12.393028,39,35
2026-02-12 11:50:12.999717,1,46
2026-02-12 11:50:13.585164,55,9
2026-02-12 11:50:14.183987,28,35
2026-02-12 11:50:14.775519,33,35
2026-02-12 11:50:15.370824,2,38
2026-02-12 11:50:15.991594,2,42
2026-02-12 11:50:16.576743,64,18
2026-02-12 11:50:17.160710,95,29
2026-02-12 11:50:17.744060,49,4
2026-02-12 11:50:18.330073,1,26
2026-02-12 11:50:18.917111,68,1
2026-02-12 11:50:19.504168,50,50
2026-02-12 11:50:20.125133,60,26
2026-02-12 11:50:20.718437,72,13
2026-02-12 11:50:21.318435,70,26
2026-02-12 11:50:21.900813,26,29
2026-02-12 11:50:22.488162,20,49
2026-02-12 11:50:23.072579,43,32
2026-02-12 11:50:23.660616,26,23
2026-02-12 11:50:24.246963,27,19
2026-02-12 11:50:24.837677,32,40
2026-02-12 11:50:25.420085,61,0
2026-02-12 11:50:26.007171,67,44
2026-02-12 11:50:26.597127,30,9
2026-02-12 11:50:27.179230,39,22
2026-02-12 11:50:27.764901,99,10
2026-02-12 11:50:28.352646,38,21
2026-02-12 11:50:28.941007,35,44
2026-02-12 11:50:29.526423,21,41
2026-02-12 11:50:30.115132,27,45
2026-02-12 11:50:30.698902,83,13
2026-02-12 11:50:31.289042,60,36
2026-02-12 11:50:31.881990,20,4
2026-02-12 11:50:32.469134,4,1
2026-02-12 11:50:33.058291,3,37
2026-02-12 11:50:33.644194,9,44
2026-02-12 11:50:34.226004,57,42
2026-02-12 11:50:34.811880,1,40
2026-02-12 11:50:35.401144,46,14
2026-02-12 11:50:35.989113,81,38
2026-02-12 11:50:36.575526,20,42
2026-02-12 11:50:37.162237,72,5
2026-02-12 11:50:37.746891,88,11
2026-02-12 11:50:38.334510,84,19
2026-02-12 11:50:38.921184,1,27
2026-02-12 11:50:39.511769,5,24
2026-02-12 11:50:40.100850,86,13
2026-02-12 11:50:40.689167,63,38
2026-02-12 11:50:41.273500,84,41
2026-02-12 11:50:41.884065,27,22
2026-02-12 11:50:42.476779,99,14
2026-02-12 11:50:43.064198,70,33
2026-02-12 11:50:43.651409,36,20
2026-02-12 11:50:44.239811,62,19
2026-02-12 11:50:44.824641,41,10
2026-02-12 11:50:45.410923,93,21
2026-02-12 11:50:46.000773,77,2
2026-02-12 11:50:46.588111,90,2
2026-02-12 11:50:47.176427,42,23
2026-02-12 11:50:47.764372,95,10
2026-02-12 11:50:48.349335,37,50
2026-02-12 11:50:48.938110,59,40
2026-02-12 11:50:49.523115,90,39
2026-02-12 11:50:50.113202,42,25
2026-02-12 11:50:50.694097,92,27
2026-02-12 11:50:51.284228,36,47
2026-02-12 11:50:51.870462,77,20
2026-02-12 11:50:52.457913,44,31
2026-02-12 11:50:53.042787,90,31
2026-02-12 11:50:53.633948,39,1
2026-02-12 11:50:54.225329,66,29
2026-02-12 11:50:54.819411,68,30
2026-02-12 11:50:55.403622,36,40
2026-02-12 11:50:55.990515,84,3
2026-02-12 11:50:56.575583,76,29
2026-02-12 11:50:57.161340,62,4
2026-02-12 11:50:57.747647,11,34
2026-02-12 11:50:58.335973,51,1
2026-02-12 11:50:58.922743,27,5
2026-02-12 11:50:59.511254,80,31
2026-02-12 11:51:00.095230,47,30
2026-02-12 11:51:00.694108,1,25
2026-02-12 11:51:01.281666,56,5
2026-02-12 11:51:01.868954,86,38
2026-02-12 11:51:02.451782,100,12
2026-02-12 11:51:03.039604,27,12
2026-02-12 11:51:03.633075,37,15
2026-02-12 11:51:04.221664,49,2
2026-02-12 11:51:04.808694,11,25
2026-02-12 11:51:05.394999,49,11
2026-02-12 11:51:05.980187,15,28
2026-02-12 11:51:06.568401,38,41
2026-02-12 11:51:07.152311,21,33
2026-02-12 11:51:07.772569,19,21
2026-02-12 11:51:08.357575,46,36
2026-02-12 11:51:08.945660,71,37
2026-02-12 11:51:09.533214,42,48
2026-02-12 11:51:10.118594,76,35
2026-02-12 11:51:10.710956,75,45
2026-02-12 11:51:11.301598,60,25
2026-02-12 11:51:11.888061,10,45
2026-02-12 11:51:12.474115,61,43
2026-02-12 11:51:13.058477,45,2
2026-02-12 11:51:13.647160,33,22
2026-02-12 11:51:14.230945,67,11
2026-02-12 11:51:14.824536,91,26
2026-02-12 11:51:15.411214,26,3
2026-02-12 11:51:16.002798,26,46
2026-02-12 11:51:16.615237,38,28
2026-02-12 11:51:17.233541,11,12
2026-02-12 11:51:17.826800,6,7
2026-02-12 11:51:18.413480,25,9
2026-02-12 11:51:19.004267,19,20
2026-02-12 11:51:19.593067,82,14
2026-02-12 11:51:20.181671,49,44
2026-02-12 11:51:20.781100,18,14
2026-02-12 11:51:21.376832,91,15
2026-02-12 11:51:21.960720,69,48
2026-02-12 11:51:22.545689,53,25
2026-02-12 11:51:23.130977,58,17
2026-02-12 11:51:23.720195,46,44
2026-02-12 11:51:24.304806,81,27
2026-02-12 11:51:24.894839,38,11
2026-02-12 11:51:25.481674,42,50
2026-02-12 11:51:26.068802,67,42
2026-02-12 11:51:26.653334,66,20
2026-02-12 11:51:27.241910,67,14
2026-02-12 11:51:27.826025,67,5
2026-02-12 11:51:28.415580,44,23
2026-02-12 11:51:29.009632,69,50
2026-02-12 11:51:29.611268,58,26
2026-02-12 11:51:30.260607,2,26
2026-02-12 11:51:30.886201,15,18
2026-02-12 11:51:31.473565,51,45
2026-02-12 11:51:32.088160,59,31
2026-02-12 11:51:32.697717,21,32
2026-02-12 11:51:33.298337,19,24
2026-02-12 11:51:33.885838,16,33
2026-02-12 11:51:34.467674,38,8
2026-02-12 11:51:35.075862,66,47
2026-02-12 11:51:35.661456,96,21
2026-02-12 11:51:36.250684,16,41
2026-02-12 11:51:36.875881,11,7
2026-02-12 11:51:37.498640,54,28
2026-02-12 11:51:38.099034,31,1
2026-02-12 11:51:38.696578,99,2
2026-02-12 11:51:39.292590,38,45
2026-02-12 11:51:39.900928,21,32
2026-02-12 11:51:40.506953,35,38
2026-02-12 11:51:41.108175,98,48
2026-02-12 11:51:41.710931,97,35
2026-02-12 11:51:42.308279,9,7
2026-02-12 11:51:42.911787,67,0
2026-02-12 11:51:43.522638,82,28
2026-02-12 11:51:44.116520,72,21
2026-02-12 11:51:44.709138,45,25
2026-02-12 11:51:45.306853,60,17
2026-02-12 11:51:45.902912,7,20
2026-02-12 11:51:46.492011,47,49
2026-02-12 11:51:47.091696,87,29
2026-02-12 11:51:47.686708,9,5
2026-02-12 11:51:48.293026,90,7
2026-02-12 11:51:48.882292,98,21
2026-02-12 11:51:49.487163,15,49
2026-02-12 11:51:50.099370,66,9
2026-02-12 11:51:50.701182,23,28
2026-02-12 11:51:51.300630,9,22
2026-02-12 11:51:51.898150,1,39
2026-02-12 11:51:52.494617,14,16
2026-02-12 11:51:53.093417,53,27
2026-02-12 11:51:53.695646,10,20
2026-02-12 11:51:54.294498,71,42
2026-02-12 11:51:54.890441,2,37
2026-02-12 11:51:55.511611,72,44
2026-02-12 11:51:56.117194,58,4
2026-02-12 11:51:56.706135,99,48
2026-02-12 11:51:57.300953,76,11
2026-02-12 11:51:57.898540,98,22
2026-02-12 11:51:58.506687,16,17
2026-02-12 11:51:59.127424,85,48
2026-02-12 11:51:59.742794,45,41
2026-02-12 11:52:00.368432,29,44
2026-02-12 11:52:00.948720,3,12
2026-02-12 11:52:01.542976,51,3
2026-02-12 11:52:02.137917,97,41
2026-02-12 11:52:02.732677,51,49
2026-02-12 11:52:03.343730,53,34
2026-02-12 11:52:03.934775,61,13
2026-02-12 11:52:04.532583,67,8
2026-02-12 11:52:05.164236,33,30
2026-02-12 11:52:05.792336,22,31
2026-02-12 11:52:06.422880,46,35
2026-02-12 11:52:07.016315,73,11
2026-02-12 11:52:07.622503,6,16
2026-02-12 11:52:08.219374,75,33
2026-02-12 11:52:08.812190,38,2
2026-02-12 11:52:09.409344,24,13
2026-02-12 11:52:10.042885,3,21
2026-02-12 11:52:10.653446,3,40
2026-02-12 11:52:11.247288,44,27
2026-02-12 11:52:11.846689,91,43
2026-02-12 11:52:12.433044,83,27
2026-02-12 11:52:13.052764,1,25
2026-02-12 11:52:13.671520,20,1
2026-02-12 11:52:14.267215,3,36
2026-02-12 11:52:14.862944,74,20
2026-02-12 11:52:15.449815,24,9
2026-02-12 11:52:16.036630,3,30
2026-02-12 11:52:16.624793,90,29
2026-02-12 11:52:17.232779,29,34
2026-02-12 11:52:17.846608,92,9
2026-02-12 11:52:18.439486,18,0
2026-02-12 11:52:19.032374,21,23
2026-02-12 11:52:19.617873,38,20
2026-02-12 11:52:20.231964,49,31
2026-02-12 11:52:20.867933,62,16
2026-02-12 11:52:21.463239,63,39
2026-02-12 11:52:22.061073,58,33
2026-02-12 11:52:22.650666,87,13
2026-02-12 11:52:23.237786,73,47
2026-02-12 11:52:23.822948,99,41
2026-02-12 11:52:24.457269,78,43
2026-02-12 11:52:25.053741,68,31
2026-02-12 11:52:25.670580,55,16
2026-02-12 11:52:26.272416,89,0
2026-02-12 11:52:26.876077,17,42
2026-02-12 11:52:27.470638,47,35
2026-02-12 11:52:28.053201,100,3
2026-02-12 11:52:28.665148,38,36
2026-02-12 11:52:29.256946,92,29
2026-02-12 11:52:29.857245,5,34
2026-02-12 11:52:30.451395,2,31
2026-02-12 11:52:31.044817,84,20
2026-02-12 11:52:31.639418,12,28
2026-02-12 11:52:32.225115,89,23
2026-02-12 11:52:32.820912,48,40
2026-02-12 11:52:33.407267,75,2
2026-02-12 11:52:33.992606,56,32
2026-02-12 11:52:34.578257,22,4
2026-02-12 11:52:35.170290,55,46
2026-02-12 11:52:35.756526,22,3
2026-02-12 11:52:36.370657,17,48
2026-02-12 11:52:36.956835,80,16
2026-02-12 11:52:37.545501,39,27
2026-02-12 11:52:38.132272,60,13
2026-02-12 11:52:38.721883,27,7
2026-02-12 11:52:39.309704,51,15
2026-02-12 11:52:39.898841,13,47
2026-02-12 11:52:40.510728,29,27
2026-02-12 11:52:41.101054,21,49
2026-02-12 11:52:41.684196,98,40
2026-02-12 11:52:42.273402,48,37
2026-02-12 11:52:42.859657,95,46
2026-02-12 11:52:43.445417,47,19
2026-02-12 11:52:44.030868,60,29
2026-02-12 11:52:44.671712,71,28
2026-02-12 11:52:45.256184,68,46
2026-02-12 11:52:45.845684,45,30
2026-02-12 11:52:46.430206,22,2
2026-02-12 11:52:47.019347,30,45
2026-02-12 11:52:47.605894,75,22
2026-02-12 11:52:48.191690,47,43
2026-02-12 11:52:48.773565,52,1
2026-02-12 11:52:49.359845,15,33
2026-02-12 11:52:49.957416,57,36
2026-02-12 11:52:50.543186,74,33
2026-02-12 11:52:51.126982,16,16
2026-02-12 11:52:51.715929,81,29
2026-02-12 11:52:52.302587,23,1
2026-02-12 11:52:52.892383,27,9
2026-02-12 11:52:53.474714,86,36
2026-02-12 11:52:54.110542,4,31
2026-02-12 11:52:54.767976,29,9
2026-02-12 11:52:55.388336,18,3
2026-02-12 11:52:55.985170,97,31
2026-02-12 11:52:56.582595,50,37
2026-02-12 11:52:57.170958,16,16
2026-02-12 11:52:57.763617,90,32
2026-02-12 11:52:58.356009,7,24
2026-02-12 11:52:58.944254,24,20
2026-02-12 11:52:59.561321,71,47
2026-02-12 11:53:00.191603,56,25
2026-02-12 11:53:00.787107,15,38
2026-02-12 11:53:01.492458,95,7
2026-02-12 11:53:02.092773,26,18
2026-02-12 11:53:02.692476,86,49
2026-02-12 11:53:03.295245,85,48
2026-02-12 11:53:03.906541,23,34
2026-02-12 11:53:04.525866,34,5
2026-02-12 11:53:05.120040,18,46
2026-02-12 11:53:05.720029,35,6
2026-02-12 11:53:06.314664,7,44
2026-02-12 11:53:06.908011,34,35
2026-02-12 11:53:07.503875,75,29
2026-02-12 11:53:08.125644,20,11
2026-02-12 11:53:08.727348,80,15
2026-02-12 11:53:09.326237,20,26
2026-02-12 11:53:09.948724,60,6
2026-02-12 11:53:10.553783,79,29
2026-02-12 11:53:11.144344,74,6
2026-02-12 11:53:11.738076,24,21
2026-02-12 11:53:12.383619,65,44
2026-02-12 11:53:12.998875,2,46
2026-02-12 11:53:13.660423,74,25
2026-02-12 11:53:14.258142,31,20
2026-02-12 11:53:14.893042,77,9
2026-02-12 11:53:15.492342,68,31
2026-02-12 11:53:16.108308,29,33
2026-02-12 11:53:16.746966,43,32
2026-02-12 11:53:17.395410,0,21
2026-02-12 11:53:17.998861,84,20
2026-02-12 11:53:18.655367,24,21
2026-02-12 11:53:19.348651,63,3
2026-02-12 11:53:19.949708,36,26
2026-02-12 11:53:20.599259,77,29
2026-02-12 11:53:21.238682,79,44
2026-02-12 11:53:21.901137,11,47
2026-02-12 11:53:22.499543,68,34
2026-02-12 11:53:23.106064,32,23
2026-02-12 11:53:23.777875,54,3
2026-02-12 11:53:24.379130,54,16
2026-02-12 11:53:25.029143,44,43
2026-02-12 11:53:25.644508,11,3
2026-02-12 11:53:26.238631,9,9
2026-02-12 11:53:26.860492,15,4
2026-02-12 11:53:27.457810,31,49
2026-02-12 11:53:28.063171,89,3
2026-02-12 11:53:28.659260,33,32
2026-02-12 11:53:29.259911,46,36
2026-02-12 11:53:29.877918,18,32
2026-02-12 11:53:30.487680,24,33
2026-02-12 11:53:31.100391,75,33
2026-02-12 11:53:31.682883,0,28
2026-02-12 11:53:32.327640,52,27
2026-02-12 11:53:32.951931,56,33
2026-02-12 11:53:33.550797,81,23
2026-02-12 11:53:34.179017,13,18
2026-02-12 11:53:34.761577,7,10
2026-02-12 11:53:35.371729,16,19
2026-02-12 11:53:35.968695,11,14
2026-02-12 11:53:36.593775,87,6
2026-02-12 11:53:37.182294,39,7
2026-02-12 11:53:37.777451,95,38
2026-02-12 11:53:38.362059,65,39
2026-02-12 11:53:38.941966,43,10
2026-02-12 11:53:39.537378,66,13
2026-02-12 11:53:40.159170,8,5
2026-02-12 11:53:40.741691,21,40
2026-02-12 11:53:41.323477,0,41
2026-02-12 11:53:41.912564,82,30
2026-02-12 11:53:42.497372,15,33
2026-02-12 11:53:43.078038,33,44
2026-02-12 11:53:43.694368,75,20
2026-02-12 11:53:44.298444,49,14
2026-02-12 11:53:44.896064,19,18
2026-02-12 11:53:45.485853,53,36
2026-02-12 11:53:46.070769,47,49
2026-02-12 11:53:46.651246,24,23
2026-02-12 11:53:47.250233,98,2
2026-02-12 11:53:47.846430,93,31
2026-02-12 11:53:48.459194,58,4
2026-02-12 11:53:49.053154,5,30
2026-02-12 11:53:49.638203,24,48
2026-02-12 11:53:50.227469,9,17
2026-02-12 11:53:50.809547,25,14
2026-02-12 11:53:51.397060,43,10
2026-02-12 11:53:52.026931,43,11
2026-02-12 11:53:52.636327,97,28
2026-02-12 11:53:53.224582,47,20
2026-02-12 11:53:53.811845,55,34
2026-02-12 11:53:54.401199,68,0
2026-02-12 11:53:54.982468,5,45
2026-02-12 11:53:55.567883,80,25
2026-02-12 11:53:56.149379,48,46
2026-02-12 11:53:56.760904,83,32
2026-02-12 11:53:57.346786,28,47
2026-02-12 11:53:57.948642,42,46
2026-02-12 11:53:58.530951,86,39
2026-02-12 11:53:59.144286,97,45
2026-02-12 11:53:59.762653,68,30
2026-02-12 11:54:00.358527,10,49
2026-02-12 11:54:00.964427,0,43
2026-02-12 11:54:01.550785,66,31
2026-02-12 11:54:02.141606,100,25
2026-02-12 11:54:02.723040,84,27
2026-02-12 11:54:03.344746,55,4
2026-02-12 11:54:03.947107,8,35
2026-02-12 11:54:04.503923,54,50
2026-02-12 11:54:05.081276,71,12
2026-02-12 11:54:05.663208,95,31
2026-02-12 11:54:06.249056,25,6
2026-02-12 11:54:06.832949,40,13
2026-02-12 11:54:07.417558,100,10
2026-02-12 11:54:08.012340,91,42
2026-02-12 11:54:08.597093,10,46
2026-02-12 11:54:09.182175,91,22
2026-02-12 11:54:09.765687,7,23
2026-02-12 11:54:10.348716,59,38
2026-02-12 11:54:10.941041,6,24
2026-02-12 11:54:11.523906,80,14
2026-02-12 11:54:12.109694,19,47
2026-02-12 11:54:12.691715,60,6
2026-02-12 11:54:13.276811,7,28
2026-02-12 11:54:13.857715,48,47
2026-02-12 11:54:14.463452,76,30
2026-02-12 11:54:15.018499,39,21
2026-02-12 11:54:15.586059,36,30
2026-02-12 11:54:16.179392,83,40
2026-02-12 11:54:16.749959,100,47
2026-02-12 11:54:17.348805,21,39
2026-02-12 11:54:17.934110,65,18
2026-02-12 11:54:18.518774,39,18
2026-02-12 11:54:19.140528,93,29
2026-02-12 11:54:19.726109,98,49
2026-02-12 11:54:20.323297,48,6
2026-02-12 11:54:20.900291,24,13
2026-02-12 11:54:21.520950,39,24
2026-02-12 11:54:22.096770,8,0
2026-02-12 11:54:22.698627,99,11
2026-02-12 11:54:23.286855,31,3
2026-02-12 11:54:23.890396,71,34
2026-02-12 11:54:24.483674,28,28
2026-02-12 11:54:25.072605,3,43
2026-02-12 11:54:25.685076,70,13
2026-02-12 11:54:26.248164,95,1
2026-02-12 11:54:26.842425,24,34
2026-02-12 11:54:27.418339,96,22
2026-02-12 11:54:27.972940,83,2
2026-02-12 11:54:28.544598,15,45
2026-02-12 11:54:29.142893,67,19
2026-02-12 11:54:29.733014,63,22
2026-02-12 11:54:30.317231,27,31
2026-02-12 11:54:30.871208,28,41
2026-02-12 11:54:31.440213,47,27
2026-02-12 11:54:32.007649,67,11
2026-02-12 11:54:32.585384,8,17
2026-02-12 11:54:33.189927,57,41
2026-02-12 11:54:33.776542,1,27
2026-02-12 11:54:34.437855,28,5
2026-02-12 11:54:35.028241,25,0
2026-02-12 11:54:35.649422,40,6
2026-02-12 11:54:36.235117,85,44
2026-02-12 11:54:36.896310,78,22
2026-02-12 11:54:37.526029,68,4
2026-02-12 11:54:38.146332,29,9
2026-02-12 11:54:38.746565,65,19
2026-02-12 11:54:39.408055,24,18
2026-02-12 11:54:40.052737,92,45
2026-02-12 11:54:40.664581,79,48
2026-02-12 11:54:41.279316,92,7
2026-02-12 11:54:41.919106,56,0
2026-02-12 11:54:42.503517,97,23
2026-02-12 11:54:43.119072,88,44
2026-02-12 11:54:43.770727,100,17
2026-02-12 11:54:44.371898,69,49
2026-02-12 11:54:44.970282,42,28
2026-02-12 11:54:45.565024,59,1
2026-02-12 11:54:46.181516,61,21
2026-02-12 11:54:46.830137,50,49
2026-02-12 11:54:47.434573,45,39
2026-02-12 11:54:48.034352,40,50
2026-02-12 11:54:48.664583,90,13
2026-02-12 11:54:49.252106,21,25
2026-02-12 11:54:49.845617,73,48
2026-02-12 11:54:50.448175,71,33
2026-02-12 11:54:51.037405,84,18
2026-02-12 11:54:51.629504,40,4
2026-02-12 11:54:52.230434,22,7
2026-02-12 11:54:52.822281,76,41
2026-02-12 11:54:53.412348,79,5
2026-02-12 11:54:54.009915,77,13
2026-02-12 11:54:54.594841,82,30
2026-02-12 11:54:55.230407,76,27
2026-02-12 11:54:55.814216,63,1
2026-02-12 11:54:56.396766,95,8
2026-02-12 11:54:56.982233,50,12
2026-02-12 11:54:57.601015,35,2
2026-02-12 11:54:58.233107,2,12
2026-02-12 11:54:58.830617,92,0
2026-02-12 11:54:59.413266,15,0
2026-02-12 11:54:59.995140,60,12
2026-02-12 11:55:00.583205,46,7
2026-02-12 11:55:01.164525,98,20
2026-02-12 11:55:01.792465,6,35
2026-02-12 11:55:02.375881,60,39
2026-02-12 11:55:02.959710,9,5
2026-02-12 11:55:03.542904,74,17
2026-02-12 11:55:04.126239,82,8
2026-02-12 11:55:04.711569,27,43
2026-02-12 11:55:05.293863,78,50
2026-02-12 11:55:05.876648,19,36
2026-02-12 11:55:06.462209,19,42
2026-02-12 11:55:07.044103,16,8
2026-02-12 11:55:07.627924,19,15
2026-02-12 11:55:08.217749,82,37
2026-02-12 11:55:08.802938,63,40
2026-02-12 11:55:09.384663,58,13
2026-02-12 11:55:09.982567,46,44
2026-02-12 11:55:10.564000,3,19
2026-02-12 11:55:11.154204,56,3
2026-02-12 11:55:11.735905,59,30
2026-02-12 11:55:12.320709,71,24
2026-02-12 11:55:12.898653,4,23
2026-02-12 11:55:13.483055,44,19
2026-02-12 11:55:14.074995,99,24
2026-02-12 11:55:14.662165,71,7
2026-02-12 11:55:15.246540,72,37
2026-02-12 11:55:15.864306,57,13
2026-02-12 11:55:16.489266,60,10
2026-02-12 11:55:17.138115,64,35
2026-02-12 11:55:17.761163,47,10
2026-02-12 11:55:18.378328,46,28
2026-02-12 11:55:18.987503,14,12
2026-02-12 11:55:19.588915,45,17
2026-02-12 11:55:20.175935,38,17
2026-02-12 11:55:20.758071,30,16
2026-02-12 11:55:21.337416,97,39
2026-02-12 11:55:21.947542,65,11
2026-02-12 11:55:22.559598,64,15
2026-02-12 11:55:23.145022,23,5
2026-02-12 11:55:23.730532,0,11
2026-02-12 11:55:24.314984,59,31
2026-02-12 11:55:24.896269,81,13
2026-02-12 11:55:25.500289,89,12
2026-02-12 11:55:26.128914,20,48
2026-02-12 11:55:26.793522,27,26
2026-02-12 11:55:27.426931,45,16
2026-02-12 11:55:28.042819,96,10
2026-02-12 11:55:28.626534,30,15
2026-02-12 11:55:29.248301,96,13
2026-02-12 11:55:29.862603,16,0
2026-02-12 11:55:30.454066,12,50
2026-02-12 11:55:31.096589,100,22
2026-02-12 11:55:31.738853,38,22
2026-02-12 11:55:32.356151,64,45
2026-02-12 11:55:32.980854,10,16
2026-02-12 11:55:33.595326,33,23
2026-02-12 11:55:34.204104,51,18
2026-02-12 11:55:34.805967,63,39
2026-02-12 11:55:35.389120,89,35
2026-02-12 11:55:35.979495,50,1
2026-02-12 11:55:36.561234,60,7
2026-02-12 11:55:37.149419,56,28
2026-02-12 11:55:37.730369,52,42
2026-02-12 11:55:38.316128,98,3
2026-02-12 11:55:38.898058,34,35
2026-02-12 11:55:39.482789,60,39
2026-02-12 11:55:40.102921,80,19
2026-02-12 11:55:40.709186,72,0
2026-02-12 11:55:41.322249,73,17
2026-02-12 11:55:41.951366,28,16
2026-02-12 11:55:42.534229,80,24
2026-02-12 11:55:43.293439,72,0
2026-02-12 11:55:43.880276,82,2
2026-02-12 11:55:44.479677,53,0
2026-02-12 11:55:45.063381,44,10
2026-02-12 11:55:45.649118,81,15
2026-02-12 11:55:46.321071,2,24
2026-02-12 11:55:46.920208,3,0
2026-02-12 11:55:47.573554,31,26
2026-02-12 11:55:48.198394,20,6
2026-02-12 11:55:48.815416,52,46
2026-02-12 11:55:49.423193,69,43
2026-02-12 11:55:50.055154,35,8
2026-02-12 11:55:50.697971,93,47
2026-02-12 11:55:51.313511,33,50
2026-02-12 11:55:51.951069,68,16
2026-02-12 11:55:52.560741,3,31
2026-02-12 11:55:53.186725,3,48
2026-02-12 11:55:53.768090,72,38
2026-02-12 11:55:54.352761,24,35
2026-02-12 11:55:54.933852,46,43
2026-02-12 11:55:55.525309,65,38
2026-02-12 11:55:56.105698,17,11
2026-02-12 11:55:56.694421,18,43
2026-02-12 11:55:57.281661,64,16
2026-02-12 11:55:57.865200,91,3
2026-02-12 11:55:58.453267,52,10
2026-02-12 11:55:59.025708,30,39
2026-02-12 11:55:59.618960,77,16
2026-02-12 11:56:00.200739,98,12
2026-02-12 11:56:00.780987,11,16
2026-02-12 11:56:01.365251,76,25
2026-02-12 11:56:01.949874,10,6
2026-02-12 11:56:02.532077,65,32
2026-02-12 11:56:03.113545,70,34
2026-02-12 11:56:03.697967,26,11
2026-02-12 11:56:04.282298,99,28
2026-02-12 11:56:04.861089,9,31
2026-02-12 11:56:05.445467,14,20
2026-02-12 11:56:06.027686,47,22
2026-02-12 11:56:06.611564,5,33
2026-02-12 11:56:07.194120,34,34
2026-02-12 11:56:07.783731,61,21
2026-02-12 11:56:08.366765,62,35
2026-02-12 11:56:08.954825,51,9
2026-02-12 11:56:09.536121,8,5
2026-02-12 11:56:10.127060,81,44
2026-02-12 11:56:10.707206,100,28
2026-02-12 11:56:11.291480,31,15
2026-02-12 11:56:11.898858,62,2
2026-02-12 11:56:12.481312,97,43
2026-02-12 11:56:13.062281,1,24
2026-02-12 11:56:13.646093,28,0
2026-02-12 11:56:14.228915,25,38
2026-02-12 11:56:14.814311,80,38
2026-02-12 11:56:15.396101,68,15
2026-02-12 11:56:15.979839,58,47
2026-02-12 11:56:16.563312,22,36
2026-02-12 11:56:17.147305,95,16
2026-02-12 11:56:17.729536,37,32
2026-02-12 11:56:18.380650,25,8
2026-02-12 11:56:18.991162,36,6
2026-02-12 11:56:19.580976,90,29
2026-02-12 11:56:20.163835,43,12
2026-02-12 11:56:20.748503,24,16
2026-02-12 11:56:21.331493,95,32
2026-02-12 11:56:21.915116,9,0
2026-02-12 11:56:22.529644,31,43
2026-02-12 11:56:23.134323,76,32
2026-02-12 11:56:23.715650,5,11
2026-02-12 11:56:24.306194,93,10
2026-02-12 11:56:24.887491,86,7
2026-02-12 11:56:25.469458,70,29
2026-02-12 11:56:26.050293,29,37
2026-02-12 11:56:26.633997,33,34
2026-02-12 11:56:27.217517,81,46
2026-02-12 11:56:27.802856,90,26
2026-02-12 11:56:28.386758,61,35
2026-02-12 11:56:29.098202,70,4
2026-02-12 11:56:30.049491,16,37
2026-02-12 11:56:30.616129,0,8
2026-02-12 11:56:31.217278,63,30
2026-02-12 11:56:31.862548,45,22
2026-02-12 11:56:32.493803,34,4
2026-02-12 11:56:33.105616,56,48
2026-02-12 11:56:33.729839,55,25
2026-02-12 11:56:34.362664,17,14
2026-02-12 11:56:34.984041,39,38
2026-02-12 11:56:35.610965,96,17
2026-02-12 11:56:36.282146,88,6
2026-02-12 11:56:36.912062,34,19
2026-02-12 11:56:37.492348,20,0
2026-02-12 11:56:38.153666,68,49
2026-02-12 11:56:38.737440,99,49
2026-02-12 11:56:39.375246,48,25
2026-02-12 11:56:39.990042,59,19
2026-02-12 11:56:40.623709,11,29
2026-02-12 11:56:41.260295,64,1
2026-02-12 11:56:41.918833,36,23
2026-02-12 11:56:42.505662,98,19
2026-02-12 11:56:43.093458,79,2
2026-02-12 11:56:43.694630,60,26
2026-02-12 11:56:44.321700,64,49
2026-02-12 11:56:44.906960,64,10
2026-02-12 11:56:45.530818,58,32
2026-02-12 11:56:46.189023,94,43
2026-02-12 11:56:46.814910,91,45
2026-02-12 11:56:47.425751,92,22
2026-02-12 11:56:48.048723,79,35
2026-02-12 11:56:48.677224,25,50
2026-02-12 11:56:49.382558,23,17
2026-02-12 11:56:49.960984,20,11
2026-02-12 11:56:50.605808,87,8
2026-02-12 11:56:51.245424,45,37
2026-02-12 11:56:51.861172,57,5
2026-02-12 11:56:52.518161,11,28
2026-02-12 11:56:53.114035,59,5
2026-02-12 11:56:53.711581,86,5
2026-02-12 11:56:54.378103,18,31
2026-02-12 11:56:54.978065,41,13
2026-02-12 11:56:55.577647,35,44
2026-02-12 11:56:56.158549,39,5
2026-02-12 11:56:56.783821,33,35
2026-02-12 11:56:57.384689,73,6
2026-02-12 11:56:58.023706,22,19
2026-02-12 11:56:58.621893,82,38
2026-02-12 11:56:59.243323,33,29
2026-02-12 11:56:59.850659,36,38
2026-02-12 11:57:00.457669,0,5
2026-02-12 11:57:01.058716,82,5
2026-02-12 11:57:01.658028,39,42
2026-02-12 11:57:02.256755,48,29
2026-02-12 11:57:02.849628,9,13
2026-02-12 11:57:03.449272,33,7
2026-02-12 11:57:04.047707,5,47
2026-02-12 11:57:04.645055,2,35
2026-02-12 11:57:05.260443,80,38
2026-02-12 11:57:05.860014,82,14
2026-02-12 11:57:06.458330,98,20
2026-02-12 11:57:07.079572,70,6
2026-02-12 11:57:07.675378,24,19
2026-02-12 11:57:08.271937,82,4
2026-02-12 11:57:08.869519,4,7
2026-02-12 11:57:09.468186,34,1
2026-02-12 11:57:10.063814,59,50
2026-02-12 11:57:10.659219,7,44
2026-02-12 11:57:11.260070,97,21
2026-02-12 11:57:11.858318,70,4
2026-02-12 11:57:12.460081,38,18
2026-02-12 11:57:13.059244,69,2
2026-02-12 11:57:13.660746,38,18
2026-02-12 11:57:14.261192,14,38
2026-02-12 11:57:14.869760,23,1
2026-02-12 11:57:15.465628,71,17
2026-02-12 11:57:16.063184,49,4
2026-02-12 11:57:16.659190,36,4
2026-02-12 11:57:17.258525,65,39
2026-02-12 11:57:17.855438,75,26
2026-02-12 11:57:18.454958,39,36
2026-02-12 11:57:19.072230,51,18
2026-02-12 11:57:19.663302,53,21
2026-02-12 11:57:20.297393,31,14
2026-02-12 11:57:20.898891,4,5
2026-02-12 11:57:21.498462,41,7
2026-02-12 11:57:22.107300,53,5
2026-02-12 11:57:22.712206,47,13
2026-02-12 11:57:23.318617,63,13
2026-02-12 11:57:23.913137,63,30
2026-02-12 11:57:24.515350,9,3
2026-02-12 11:57:25.113954,77,36
2026-02-12 11:57:25.735770,64,39
2026-02-12 11:57:26.333569,55,13
2026-02-12 11:57:26.935101,65,32
2026-02-12 11:57:27.533569,19,30
2026-02-12 11:57:28.142300,13,6
2026-02-12 11:57:28.731732,60,15
2026-02-12 11:57:29.332184,80,13
2026-02-12 11:57:29.932221,28,3
2026-02-12 11:57:30.530855,43,14
2026-02-12 11:57:31.150089,95,37
2026-02-12 11:57:31.751505,71,16
2026-02-12 11:57:32.351630,20,35
2026-02-12 11:57:32.948065,16,43
2026-02-12 11:57:33.565094,18,5
2026-02-12 11:57:34.167946,58,32
2026-02-12 11:57:34.766752,1,33
2026-02-12 11:57:35.364718,98,46
2026-02-12 11:57:35.970428,78,15
2026-02-12 11:57:36.567913,32,16
2026-02-12 11:57:37.166309,11,36
2026-02-12 11:57:37.772824,75,4
2026-02-12 11:57:38.369433,4,5
2026-02-12 11:57:38.975360,98,19
2026-02-12 11:57:39.576530,17,50
2026-02-12 11:57:40.188765,93,27
2026-02-12 11:57:40.783176,100,40
2026-02-12 11:57:41.380381,32,16
2026-02-12 11:57:41.979902,48,40
2026-02-12 11:57:42.581144,75,36
2026-02-12 11:57:43.189124,98,34
2026-02-12 11:57:43.784190,86,23
2026-02-12 11:57:44.392564,92,23
2026-02-12 11:57:44.997251,68,14
2026-02-12 11:57:45.592141,63,20
2026-02-12 11:57:46.192377,75,9
2026-02-12 11:57:46.787321,64,1
2026-02-12 11:57:47.383020,76,12
2026-02-12 11:57:47.983521,63,17
2026-02-12 11:57:48.586519,3,49
2026-02-12 11:57:49.182408,23,47
2026-02-12 11:57:49.793089,16,19
2026-02-12 11:57:50.387781,20,10
2026-02-12 11:57:50.987475,17,47
2026-02-12 11:57:51.607039,61,31
2026-02-12 11:57:52.209247,93,27
2026-02-12 11:57:52.806174,87,17
2026-02-12 11:57:53.407898,14,50
2026-02-12 11:57:54.007898,44,33
2026-02-12 11:57:54.617706,76,19
2026-02-12 11:57:55.214997,14,25
2026-02-12 11:57:55.835662,75,28
2026-02-12 11:57:56.433890,27,12
2026-02-12 11:57:57.056076,34,46
2026-02-12 11:57:57.658032,90,33
2026-02-12 11:57:58.256054,79,21
2026-02-12 11:57:58.859884,98,1
2026-02-12 11:57:59.455639,83,46
2026-02-12 11:58:00.074290,44,25
2026-02-12 11:58:00.668755,85,38
2026-02-12 11:58:01.264523,96,30
2026-02-12 11:58:01.861402,1,31
2026-02-12 11:58:02.461129,56,32
2026-02-12 11:58:03.056892,37,36
2026-02-12 11:58:03.654923,1,39
2026-02-12 11:58:04.252618,13,19
2026-02-12 11:58:04.851648,55,11
2026-02-12 11:58:05.451041,45,50
2026-02-12 11:58:06.050814,28,3
2026-02-12 11:58:06.649302,18,15
2026-02-12 11:58:07.253506,53,19
2026-02-12 11:58:07.853557,29,48
2026-02-12 11:58:08.456492,77,44
2026-02-12 11:58:09.051056,38,13
2026-02-12 11:58:09.652414,39,5
2026-02-12 11:58:10.256194,54,35
2026-02-12 11:58:10.873322,38,26
2026-02-12 11:58:11.485308,17,26
2026-02-12 11:58:12.089356,55,4
2026-02-12 11:58:12.686079,28,23
2026-02-12 11:58:13.300274,82,31
2026-02-12 11:58:13.897192,42,16
2026-02-12 11:58:14.503018,7,25
2026-02-12 11:58:15.099166,19,12
2026-02-12 11:58:15.696862,54,2
2026-02-12 11:58:16.302918,97,39
2026-02-12 11:58:16.900808,63,36
2026-02-12 11:58:17.498940,34,20
2026-02-12 11:58:18.104365,4,48
2026-02-12 11:58:18.699656,30,46
2026-02-12 11:58:19.300468,57,17
2026-02-12 11:58:19.900475,6,35
2026-02-12 11:58:20.497599,83,21
2026-02-12 11:58:21.103037,35,33
2026-02-12 11:58:21.701233,23,25
2026-02-12 11:58:22.302401,58,4
2026-02-12 11:58:22.906085,29,7
2026-02-12 11:58:23.508794,24,13
2026-02-12 11:58:24.112699,91,14
2026-02-12 11:58:24.705890,99,48
2026-02-12 11:58:25.310468,2,4
2026-02-12 11:58:25.905004,89,32
2026-02-12 11:58:26.505683,64,22
2026-02-12 11:58:27.117577,10,35
2026-02-12 11:58:27.727204,51,6
2026-02-12 11:58:28.324029,59,24
2026-02-12 11:58:28.921122,4,37
2026-02-12 11:58:29.515619,72,46
2026-02-12 11:58:30.146742,47,35
2026-02-12 11:58:30.744694,33,32
2026-02-12 11:58:31.346889,0,33
2026-02-12 11:58:31.940671,37,33
2026-02-12 11:58:32.548194,91,15
2026-02-12 11:58:33.145691,82,41
2026-02-12 11:58:33.746500,97,25
2026-02-12 11:58:34.341687,72,44
2026-02-12 11:58:34.940733,47,48
2026-02-12 11:58:35.550433,41,11
2026-02-12 11:58:36.149485,39,11
2026-02-12 11:58:36.748060,64,45
2026-02-12 11:58:37.343538,70,41
2026-02-12 11:58:37.963449,43,20
2026-02-12 11:58:38.569841,28,36
2026-02-12 11:58:39.168070,13,31
2026-02-12 11:58:39.770848,70,6
2026-02-12 11:58:40.372806,27,12
2026-02-12 11:58:40.968417,25,2
2026-02-12 11:58:41.602256,86,33
2026-02-12 11:58:42.199549,53,25
2026-02-12 11:58:42.805347,31,37
2026-02-12 11:58:43.422607,96,40
2026-02-12 11:58:44.018760,15,40
2026-02-12 11:58:44.656692,51,28
2026-02-12 11:58:45.269794,99,37
2026-02-12 11:58:45.879128,69,10
2026-02-12 11:58:46.481281,94,13
2026-02-12 11:58:47.080323,70,31
2026-02-12 11:58:47.678019,54,32
2026-02-12 11:58:48.278316,67,15
2026-02-12 11:58:48.880278,18,39
2026-02-12 11:58:49.482946,73,22
2026-02-12 11:58:50.077462,94,31
2026-02-12 11:58:50.674471,23,21
2026-02-12 11:58:51.270653,39,4
2026-02-12 11:58:51.873285,10,1
2026-02-12 11:58:52.467190,7,20
2026-02-12 11:58:53.072395,16,40
2026-02-12 11:58:53.667441,30,17
2026-02-12 11:58:54.269835,15,1
2026-02-12 11:58:54.860928,14,19
2026-02-12 11:58:55.473989,93,37
2026-02-12 11:58:56.072256,65,46
2026-02-12 11:58:56.686117,20,2
2026-02-12 11:58:57.282695,27,38
2026-02-12 11:58:57.897257,63,22
2026-02-12 11:58:58.494349,28,48
2026-02-12 11:58:59.091716,48,38
2026-02-12 11:58:59.683291,11,48
2026-02-12 11:59:00.294110,61,22
2026-02-12 11:59:00.903120,45,48
2026-02-12 11:59:01.507150,16,17
2026-02-12 11:59:02.105741,7,38
2026-02-12 11:59:02.696450,27,22
2026-02-12 11:59:03.295783,27,43
2026-02-12 11:59:03.913759,90,38
2026-02-12 11:59:04.513514,87,15
2026-02-12 11:59:05.115210,1,36
2026-02-12 11:59:05.710814,96,26
2026-02-12 11:59:06.310570,36,41
2026-02-12 11:59:06.922877,59,22
2026-02-12 11:59:07.525800,77,7
2026-02-12 11:59:08.129803,1,4
2026-02-12 11:59:08.726091,12,37
2026-02-12 11:59:09.355342,90,50
2026-02-12 11:59:09.971740,16,3
2026-02-12 11:59:10.569350,76,35
2026-02-12 11:59:11.162049,57,20
2026-02-12 11:59:11.763528,54,41
2026-02-12 11:59:12.357171,24,30
2026-02-12 11:59:12.966918,11,40
2026-02-12 11:59:13.562813,85,44
2026-02-12 11:59:14.163154,77,32
2026-02-12 11:59:14.777161,6,12
2026-02-12 11:59:15.373523,4,38
2026-02-12 11:59:15.972727,32,38
2026-02-12 11:59:16.576803,91,41
2026-02-12 11:59:17.194797,9,18
2026-02-12 11:59:17.792854,96,4
2026-02-12 11:59:18.390479,77,8
2026-02-12 11:59:18.986321,60,34
2026-02-12 11:59:19.584971,72,40
2026-02-12 11:59:20.221407,53,33
2026-02-12 11:59:20.828494,66,45
2026-02-12 11:59:21.455450,8,45
2026-02-12 11:59:22.054044,22,41
2026-02-12 11:59:22.664302,59,34
2026-02-12 11:59:23.274391,88,33
2026-02-12 11:59:23.877344,49,42
2026-02-12 11:59:24.475919,57,3
2026-02-12 11:59:25.073514,17,41
2026-02-12 11:59:25.696376,57,5
2026-02-12 11:59:26.311741,36,20
2026-02-12 11:59:26.909982,20,31
2026-02-12 11:59:27.512724,2,46
2026-02-12 11:59:28.111431,79,10
2026-02-12 11:59:28.707970,97,3
2026-02-12 11:59:29.311848,51,8
2026-02-12 11:59:29.911134,29,17
2026-02-12 11:59:30.507179,60,17
2026-02-12 11:59:31.131722,14,39
2026-02-12 11:59:31.725382,83,25
2026-02-12 11:59:32.336179,93,44
2026-02-12 11:59:32.930193,85,26
2026-02-12 11:59:33.541167,41,8
2026-02-12 11:59:34.137684,75,45
2026-02-12 11:59:34.737287,19,20
2026-02-12 11:59:35.329340,80,41
2026-02-12 11:59:35.932283,39,41
2026-02-12 11:59:36.541294,27,50
2026-02-12 11:59:37.137973,17,24
2026-02-12 11:59:37.736454,12,46
2026-02-12 11:59:38.336641,83,19
2026-02-12 11:59:38.935070,25,39
2026-02-12 11:59:39.543093,8,24
2026-02-12 11:59:40.149116,26,13
2026-02-12 11:59:40.742588,82,0
2026-02-12 11:59:41.347963,24,27
2026-02-12 11:59:41.940961,15,2
2026-02-12 11:59:42.548026,86,11
2026-02-12 11:59:43.145098,10,15
2026-02-12 11:59:43.743180,87,31
2026-02-12 11:59:44.337858,7,40
2026-02-12 11:59:44.936208,96,3
2026-02-12 11:59:45.544135,10,47
2026-02-12 11:59:46.150239,76,40
2026-02-12 11:59:46.750791,86,23
2026-02-12 11:59:47.350088,34,30
2026-02-12 11:59:47.949626,26,44
2026-02-12 11:59:48.560952,56,9
2026-02-12 11:59:49.161915,51,11
2026-02-12 11:59:49.766209,83,10
2026-02-12 11:59:50.384671,11,41
2026-02-12 11:59:50.979739,26,10
2026-02-12 11:59:51.608141,11,23
2026-02-12 11:59:52.205871,14,46
2026-02-12 11:59:52.806185,35,49
2026-02-12 11:59:53.402455,6,14
2026-02-12 11:59:54.001064,38,41
2026-02-12 11:59:54.603825,4,32
2026-02-12 11:59:55.203535,31,19
2026-02-12 11:59:55.804843,51,32
2026-02-12 11:59:56.399419,7,38
2026-02-12 11:59:57.026688,53,9
2026-02-12 11:59:57.634938,21,8
2026-02-12 11:59:58.234227,46,40
2026-02-12 11:59:58.872012,25,32
2026-02-12 11:59:59.496076,0,24
2026-02-12 12:00:00.117821,52,27
2026-02-12 12:00:00.719423,74,26
2026-02-12 12:00:01.316231,25,2
2026-02-12 12:00:01.928815,8,20
2026-02-12 12:00:02.569656,73,7
2026-02-12 12:00:03.203272,89,44
2026-02-12 12:00:03.850902,9,25
2026-02-12 12:00:04.455752,51,39
2026-02-12 12:00:05.051296,42,27
2026-02-12 12:00:05.671480,93,50
2026-02-12 12:00:06.269227,92,44
2026-02-12 12:00:06.879064,100,39
2026-02-12 12:00:07.481407,39,7
2026-02-12 12:00:08.081238,11,47
2026-02-12 12:00:08.674760,20,34
2026-02-12 12:00:09.305566,78,29
2026-02-12 12:00:09.907845,86,4
2026-02-12 12:00:10.509419,6,16
2026-02-12 12:00:11.103422,77,13
2026-02-12 12:00:11.709580,59,5
2026-02-12 12:00:12.308110,14,10
2026-02-12 12:00:12.910887,39,34
2026-02-12 12:00:13.508370,19,41
2026-02-12 12:00:14.104413,81,25
2026-02-12 12:00:14.735778,15,38
2026-02-12 12:00:15.335080,12,47
2026-02-12 12:00:15.941858,36,24
2026-02-12 12:00:16.537891,59,24
2026-02-12 12:00:17.135945,51,43
2026-02-12 12:00:17.734019,85,45
2026-02-12 12:00:18.339057,91,45
2026-02-12 12:00:18.942840,10,36
2026-02-12 12:00:19.541445,99,3
2026-02-12 12:00:20.136500,54,2
2026-02-12 12:00:20.732770,60,50
2026-02-12 12:00:21.363544,53,37
2026-02-12 12:00:21.961678,9,42
2026-02-12 12:00:22.566010,28,43
2026-02-12 12:00:23.165597,43,37
2026-02-12 12:00:23.770019,4,46
2026-02-12 12:00:24.383500,38,40
2026-02-12 12:00:24.983320,40,25
2026-02-12 12:00:25.582480,95,32
2026-02-12 12:00:26.179854,92,47
2026-02-12 12:00:26.780761,94,8
2026-02-12 12:00:27.378874,9,9
2026-02-12 12:00:27.984651,73,38
2026-02-12 12:00:28.583183,90,7
2026-02-12 12:00:29.183500,33,10
2026-02-12 12:00:29.783092,27,44
2026-02-12 12:00:30.391210,12,32
2026-02-12 12:00:31.000604,21,44
2026-02-12 12:00:31.608290,47,26
2026-02-12 12:00:32.204600,77,8
2026-02-12 12:00:32.808797,17,20
2026-02-12 12:00:33.403771,38,27
2026-02-12 12:00:34.017892,38,38
2026-02-12 12:00:34.613727,87,4
2026-02-12 12:00:35.217909,21,50
2026-02-12 12:00:35.815206,36,33
2026-02-12 12:00:36.413716,7,25
2026-02-12 12:00:37.012060,15,37
2026-02-12 12:00:37.611990,1,26
2026-02-12 12:00:38.217796,60,6
2026-02-12 12:00:38.820474,73,35
2026-02-12 12:00:39.415110,71,11
2026-02-12 12:00:40.021402,13,23
2026-02-12 12:00:40.640795,45,5
2026-02-12 12:00:41.256891,83,32
2026-02-12 12:00:41.872582,80,2
2026-02-12 12:00:42.476001,44,45
2026-02-12 12:00:43.085205,51,36
2026-02-12 12:00:43.686028,63,26
2026-02-12 12:00:44.295164,47,34
2026-02-12 12:00:44.896551,67,47
2026-02-12 12:00:45.495591,13,0
2026-02-12 12:00:46.128015,40,17
2026-02-12 12:00:46.726565,17,8
2026-02-12 12:00:47.330653,92,44
2026-02-12 12:00:47.929359,55,44
2026-02-12 12:00:48.527357,92,31
2026-02-12 12:00:49.141461,39,18
2026-02-12 12:00:49.742273,3,16
2026-02-12 12:00:50.346159,15,32
2026-02-12 12:00:50.945753,34,48
2026-02-12 12:00:51.546410,56,48
2026-02-12 12:00:52.146639,72,13
2026-02-12 12:00:52.744710,87,28
2026-02-12 12:00:53.352034,33,29
2026-02-12 12:00:53.954120,80,47
2026-02-12 12:00:54.549728,71,22
2026-02-12 12:00:55.162078,40,36
2026-02-12 12:00:55.760533,17,44
2026-02-12 12:00:56.362860,64,16
2026-02-12 12:00:56.981989,76,49
2026-02-12 12:00:57.584103,45,25
2026-02-12 12:00:58.188005,86,15
2026-02-12 12:00:58.788728,16,18
2026-02-12 12:00:59.382205,49,3
2026-02-12 12:01:00.023985,24,15
2026-02-12 12:01:00.657791,73,48
2026-02-12 12:01:01.241872,43,22
2026-02-12 12:01:01.838721,35,30
2026-02-12 12:01:02.475066,96,10
2026-02-12 12:01:03.079511,78,19
2026-02-12 12:01:03.661161,97,11
2026-02-12 12:01:04.226896,56,35
2026-02-12 12:01:04.819021,67,19
2026-02-12 12:01:05.405817,41,18
2026-02-12 12:01:06.033020,68,17
2026-02-12 12:01:06.692107,74,33
2026-02-12 12:01:07.300033,34,26
2026-02-12 12:01:07.888870,66,46
2026-02-12 12:01:08.520946,70,49
2026-02-12 12:01:09.139224,47,34
2026-02-12 12:01:09.740678,87,17
2026-02-12 12:01:10.315386,91,9
2026-02-12 12:01:10.913365,95,5
2026-02-12 12:01:11.512976,19,4
2026-02-12 12:01:12.101334,58,26
2026-02-12 12:01:12.706428,24,50
2026-02-12 12:01:13.311776,99,45
2026-02-12 12:01:13.922303,48,5
2026-02-12 12:01:14.531041,24,33
2026-02-12 12:01:15.140782,87,10
2026-02-12 12:01:15.741869,56,10
2026-02-12 12:01:16.370267,58,37
2026-02-12 12:01:16.952969,19,46
2026-02-12 12:01:17.568747,28,7
2026-02-12 12:01:18.180018,66,29
2026-02-12 12:01:18.785256,47,11
2026-02-12 12:01:19.407244,95,47
2026-02-12 12:01:20.012608,84,6
2026-02-12 12:01:20.636327,36,22
2026-02-12 12:01:21.240675,50,24
2026-02-12 12:01:21.857709,97,1
2026-02-12 12:01:22.469600,88,46
2026-02-12 12:01:23.088140,79,8
2026-02-12 12:01:23.675351,36,10
2026-02-12 12:01:24.280434,7,25
2026-02-12 12:01:24.877996,28,24
2026-02-12 12:01:25.476650,96,6
2026-02-12 12:01:26.070740,53,15
2026-02-12 12:01:26.672602,46,48
2026-02-12 12:01:27.277043,92,12
2026-02-12 12:01:27.885862,54,16
2026-02-12 12:01:28.506783,52,35
2026-02-12 12:01:29.103347,22,17
2026-02-12 12:01:29.725732,26,29
2026-02-12 12:01:30.328185,7,23
2026-02-12 12:01:30.928757,8,29
2026-02-12 12:01:31.534184,90,13
2026-02-12 12:01:32.130267,61,32
2026-02-12 12:01:32.737277,84,29
2026-02-12 12:01:33.317135,26,31
2026-02-12 12:01:33.896077,19,1
2026-02-12 12:01:34.474825,14,1
2026-02-12 12:01:35.056708,51,27
2026-02-12 12:01:35.634976,8,32
2026-02-12 12:01:36.216523,100,22
2026-02-12 12:01:36.794791,26,21
2026-02-12 12:01:37.372172,14,33
2026-02-12 12:01:37.953910,92,28
2026-02-12 12:01:38.533883,27,22
2026-02-12 12:01:39.137218,41,35
2026-02-12 12:01:39.734320,65,48
2026-02-12 12:01:40.329066,49,18
2026-02-12 12:01:40.927898,74,47
2026-02-12 12:01:41.536708,39,43
2026-02-12 12:01:42.136004,63,48
2026-02-12 12:01:42.749575,32,47
2026-02-12 12:01:43.363758,0,5
2026-02-12 12:01:43.963331,51,46
2026-02-12 12:01:44.559964,41,14
2026-02-12 12:01:45.152497,30,32
2026-02-12 12:01:45.746026,62,21
2026-02-12 12:01:46.360302,19,30
2026-02-12 12:01:46.976740,70,27
2026-02-12 12:01:47.600798,41,7
2026-02-12 12:01:48.215797,54,31
2026-02-12 12:01:48.835801,37,12
2026-02-12 12:01:49.434022,62,7
2026-02-12 12:01:50.027313,46,37
2026-02-12 12:01:50.624184,41,15
2026-02-12 12:01:51.222283,46,0
2026-02-12 12:01:51.839539,36,42
2026-02-12 12:01:52.440836,72,9
2026-02-12 12:01:53.048207,98,23
2026-02-12 12:01:53.652679,21,47
2026-02-12 12:01:54.315467,17,36
2026-02-12 12:01:54.872542,57,28
2026-02-12 12:01:55.476515,40,28
2026-02-12 12:01:56.069401,41,46
2026-02-12 12:01:56.666761,2,28
2026-02-12 12:01:57.260331,33,36
2026-02-12 12:01:57.879178,65,11
2026-02-12 12:01:58.479468,73,41
2026-02-12 12:01:59.086046,70,7
2026-02-12 12:01:59.694486,95,32
2026-02-12 12:02:00.290617,39,21
2026-02-12 12:02:00.899514,83,18
2026-02-12 12:02:01.476083,14,40
2026-02-12 12:02:02.082977,72,15
2026-02-12 12:02:02.689208,58,38
2026-02-12 12:02:03.296142,43,37
2026-02-12 12:02:03.894628,61,49
2026-02-12 12:02:04.495766,98,9
2026-02-12 12:02:05.074068,36,5
2026-02-12 12:02:05.669750,17,34
2026-02-12 12:02:06.270825,49,4
2026-02-12 12:02:06.868286,88,28
2026-02-12 12:02:07.463502,7,37
2026-02-12 12:02:08.070233,44,25
2026-02-12 12:02:08.672050,22,24
2026-02-12 12:02:09.270538,8,33
2026-02-12 12:02:09.874979,52,9
2026-02-12 12:02:10.469575,60,35
2026-02-12 12:02:11.064212,6,50
2026-02-12 12:02:11.657849,28,11
2026-02-12 12:02:12.253440,88,36
2026-02-12 12:02:12.848433,42,35
2026-02-12 12:02:13.448196,31,28
2026-02-12 12:02:14.041514,32,22
2026-02-12 12:02:14.630425,0,34
2026-02-12 12:02:15.223127,34,29
2026-02-12 12:02:15.824452,98,10
2026-02-12 12:02:16.420440,28,20
2026-02-12 12:02:17.018159,25,46
2026-02-12 12:02:17.607201,89,49
2026-02-12 12:02:18.189795,94,12
2026-02-12 12:02:18.793532,2,24
2026-02-12 12:02:19.390175,20,29
2026-02-12 12:02:19.991186,87,40
2026-02-12 12:02:20.585874,75,20
2026-02-12 12:02:21.167277,28,23
2026-02-12 12:02:21.774395,63,24
2026-02-12 12:02:22.348768,60,16
2026-02-12 12:02:22.959097,38,32
2026-02-12 12:02:23.540654,1,29
2026-02-12 12:02:24.121564,96,36
2026-02-12 12:02:24.736536,98,24
2026-02-12 12:02:25.313387,17,1
2026-02-12 12:02:25.894476,89,11
2026-02-12 12:02:26.461759,76,13
2026-02-12 12:02:27.037996,48,12
2026-02-12 12:02:27.631726,47,30
2026-02-12 12:02:28.238482,87,28
2026-02-12 12:02:28.849123,54,32
2026-02-12 12:02:29.418462,45,31
2026-02-12 12:02:29.996833,37,4
2026-02-12 12:02:30.586058,19,43
2026-02-12 12:02:31.159260,84,10
2026-02-12 12:02:31.736711,22,23
2026-02-12 12:02:32.312659,93,21
2026-02-12 12:02:32.900863,85,2
2026-02-12 12:02:33.496854,28,49
2026-02-12 12:02:34.093806,13,49
2026-02-12 12:02:34.724168,1,47
2026-02-12 12:02:35.317637,71,7
2026-02-12 12:02:35.884219,45,8
2026-02-12 12:02:36.463130,87,23
2026-02-12 12:02:37.072196,8,23
2026-02-12 12:02:37.681429,95,42
2026-02-12 12:02:38.253948,67,0
2026-02-12 12:02:38.865515,48,22
2026-02-12 12:02:39.468667,67,24
2026-02-12 12:02:40.083561,16,0
2026-02-12 12:02:40.679927,45,30
2026-02-12 12:02:41.286434,79,1
2026-02-12 12:02:41.867430,88,12
2026-02-12 12:02:42.473156,42,49
2026-02-12 12:02:43.074420,49,32
2026-02-12 12:02:43.690600,82,22
2026-02-12 12:02:44.296015,45,34
2026-02-12 12:02:44.894167,69,20
2026-02-12 12:02:45.500259,58,26
2026-02-12 12:02:46.100464,46,27
2026-02-12 12:02:46.681232,54,41
2026-02-12 12:02:47.268872,38,29
2026-02-12 12:02:47.861785,4,34
2026-02-12 12:02:48.467072,84,27
2026-02-12 12:02:49.072469,33,24
2026-02-12 12:02:49.679677,62,0
2026-02-12 12:02:50.287730,40,48
2026-02-12 12:02:50.889314,58,10
2026-02-12 12:02:51.503527,6,39
2026-02-12 12:02:52.099991,28,17
2026-02-12 12:02:52.680449,55,43
2026-02-12 12:02:53.290363,7,47
2026-02-12 12:02:53.882744,42,45
2026-02-12 12:02:54.483324,38,26
2026-02-12 12:02:55.076803,38,35
2026-02-12 12:02:55.687287,100,28
2026-02-12 12:02:56.276448,29,19
2026-02-12 12:02:56.866792,30,32
2026-02-12 12:02:57.473709,12,49
2026-02-12 12:02:58.054397,76,5
2026-02-12 12:02:58.677452,54,5
2026-02-12 12:02:59.273273,12,25
2026-02-12 12:02:59.861075,16,31
2026-02-12 12:03:00.441830,4,29
2026-02-12 12:03:01.024272,1,28
2026-02-12 12:03:01.605356,14,14
2026-02-12 12:03:02.185764,40,36
2026-02-12 12:03:02.788690,13,26
2026-02-12 12:03:03.377507,13,13
2026-02-12 12:03:03.976600,83,3
2026-02-12 12:03:04.575237,19,13
2026-02-12 12:03:05.154164,50,24
2026-02-12 12:03:05.757487,91,19
2026-02-12 12:03:06.346478,64,30
2026-02-12 12:03:06.961425,18,41
2026-02-12 12:03:07.564291,31,17
2026-02-12 12:03:08.158387,76,16
2026-02-12 12:03:08.747463,8,28
2026-02-12 12:03:09.341912,8,47
2026-02-12 12:03:09.958062,76,21
2026-02-12 12:03:10.546962,44,31
2026-02-12 12:03:11.153331,70,50
2026-02-12 12:03:11.745451,87,33
2026-02-12 12:03:12.345701,41,37
2026-02-12 12:03:12.943262,75,24
2026-02-12 12:03:13.543322,59,48
2026-02-12 12:03:14.138520,77,30
2026-02-12 12:03:14.739741,94,44
2026-02-12 12:03:15.340461,70,43
2026-02-12 12:03:15.936249,12,43
2026-02-12 12:03:16.528461,90,45
2026-02-12 12:03:17.124437,7,7
2026-02-12 12:03:17.719595,72,31
2026-02-12 12:03:18.311993,79,16
2026-02-12 12:03:18.903719,15,50
2026-02-12 12:03:19.498245,60,14
2026-02-12 12:03:20.084896,20,50
2026-02-12 12:03:20.689668,55,31
2026-02-12 12:03:21.282825,25,43
2026-02-12 12:03:21.883552,11,0
2026-02-12 12:03:22.485866,66,24
2026-02-12 12:03:23.084450,50,24
2026-02-12 12:03:23.691724,10,29
2026-02-12 12:03:24.294499,40,23
2026-02-12 12:03:24.897177,23,16
2026-02-12 12:03:25.494799,35,37
2026-02-12 12:03:26.094502,8,8
2026-02-12 12:03:26.698229,20,17
2026-02-12 12:03:27.301535,32,47
2026-02-12 12:03:27.907284,97,22
2026-02-12 12:03:28.506515,46,50
2026-02-12 12:03:29.117642,57,28
2026-02-12 12:03:29.742327,34,48
2026-02-12 12:03:30.351027,1,24
2026-02-12 12:03:30.954675,2,22
2026-02-12 12:03:31.547329,75,15
2026-02-12 12:03:32.167368,41,35
2026-02-12 12:03:32.760231,59,13
2026-02-12 12:03:33.364169,6,9
2026-02-12 12:03:33.956950,3,11
2026-02-12 12:03:34.562675,39,1
2026-02-12 12:03:35.158230,44,14
2026-02-12 12:03:35.764858,30,25
2026-02-12 12:03:36.355893,34,43
2026-02-12 12:03:36.944680,11,22
2026-02-12 12:03:37.539975,18,42
2026-02-12 12:03:38.140493,26,22
2026-02-12 12:03:38.753473,64,25
2026-02-12 12:03:39.353295,28,32
2026-02-12 12:03:39.959096,58,44
2026-02-12 12:03:40.558415,81,50
2026-02-12 12:03:41.159877,75,38
2026-02-12 12:03:41.755201,55,49
2026-02-12 12:03:42.366449,5,16
2026-02-12 12:03:42.960323,35,8
2026-02-12 12:03:43.568764,28,12
2026-02-12 12:03:44.145385,91,49
2026-02-12 12:03:44.744253,22,43
2026-02-12 12:03:45.344207,40,23
2026-02-12 12:03:45.944513,73,19
2026-02-12 12:03:46.553410,20,12
2026-02-12 12:03:47.154959,55,48
2026-02-12 12:03:47.734206,49,19
2026-02-12 12:03:48.331316,11,29
2026-02-12 12:03:48.924307,58,21
2026-02-12 12:03:49.518573,90,40
2026-02-12 12:03:50.107489,4,50
2026-02-12 12:03:50.701396,82,19
2026-02-12 12:03:51.292926,13,46
2026-02-12 12:03:51.886488,72,17
2026-02-12 12:03:52.478155,72,9
2026-02-12 12:03:53.075283,38,38
2026-02-12 12:03:53.669749,51,27
2026-02-12 12:03:54.264936,89,31
2026-02-12 12:03:54.856109,48,36
2026-02-12 12:03:55.451523,41,44
2026-02-12 12:03:56.045513,84,8
2026-02-12 12:03:56.641580,48,16
2026-02-12 12:03:57.235853,39,1
2026-02-12 12:03:57.858191,51,9
2026-02-12 12:03:58.449311,35,33
2026-02-12 12:03:59.046405,47,22
2026-02-12 12:03:59.675299,86,9
2026-02-12 12:04:00.272783,89,38
2026-02-12 12:04:00.872383,71,9
2026-02-12 12:04:01.463680,96,28
2026-02-12 12:04:02.052462,88,11
2026-02-12 12:04:02.650464,0,38
2026-02-12 12:04:03.247944,19,0
2026-02-12 12:04:03.851799,48,12
2026-02-12 12:04:04.446300,90,38
2026-02-12 12:04:05.041242,80,15
2026-02-12 12:04:05.639199,42,12
2026-02-12 12:04:06.246312,55,42
2026-02-12 12:04:06.837515,41,44
2026-02-12 12:04:07.437110,77,18
2026-02-12 12:04:08.043768,91,49
2026-02-12 12:04:08.639858,42,47
2026-02-12 12:04:09.236338,0,27
2026-02-12 12:04:09.837849,7,25
2026-02-12 12:04:10.438694,9,28
2026-02-12 12:04:11.032141,30,34
2026-02-12 12:04:11.642111,57,35
2026-02-12 12:04:12.251402,97,27
2026-02-12 12:04:12.857632,9,14
2026-02-12 12:04:13.454821,4,20
2026-02-12 12:04:14.044810,57,26
2026-02-12 12:04:14.656988,29,15
2026-02-12 12:04:15.258832,40,38
2026-02-12 12:04:15.856146,77,37
2026-02-12 12:04:16.462175,4,42
2026-02-12 12:04:17.056973,81,25
2026-02-12 12:04:17.659305,88,4
2026-02-12 12:04:18.256623,23,49
2026-02-12 12:04:18.849555,1,5
2026-02-12 12:04:19.445046,31,40
2026-02-12 12:04:20.034998,74,6
2026-02-12 12:04:20.635205,58,49
2026-02-12 12:04:21.234657,9,12
2026-02-12 12:04:21.843505,61,16
2026-02-12 12:04:22.418417,14,22
2026-02-12 12:04:22.994032,50,25
2026-02-12 12:04:23.586466,88,34
2026-02-12 12:04:24.182371,83,24
2026-02-12 12:04:24.779784,23,16
2026-02-12 12:04:25.379126,68,6
2026-02-12 12:04:25.969273,15,13
2026-02-12 12:04:26.576558,20,18
2026-02-12 12:04:27.164555,16,35
2026-02-12 12:04:27.765316,98,16
2026-02-12 12:04:28.358507,30,47
2026-02-12 12:04:28.959478,12,33
2026-02-12 12:04:29.549033,72,11
2026-02-12 12:04:30.144191,91,1
2026-02-12 12:04:30.737031,98,21
2026-02-12 12:04:31.330473,75,21
2026-02-12 12:04:31.909026,1,15
2026-02-12 12:04:32.502959,0,13
2026-02-12 12:04:33.108412,46,13
2026-02-12 12:04:33.707070,2,16
2026-02-12 12:04:34.309544,48,12
2026-02-12 12:04:34.914092,54,19
2026-02-12 12:04:35.533127,53,2
2026-02-12 12:04:36.136147,90,7
2026-02-12 12:04:36.743238,52,32
2026-02-12 12:04:37.347476,64,18
2026-02-12 12:04:37.953149,18,8
2026-02-12 12:04:38.561420,27,42
2026-02-12 12:04:39.168415,30,50
2026-02-12 12:04:39.765575,31,46
2026-02-12 12:04:40.357812,6,30
2026-02-12 12:04:40.951457,21,45
2026-02-12 12:04:41.540437,89,18
2026-02-12 12:04:42.130233,32,28
2026-02-12 12:04:42.711458,0,28
2026-02-12 12:04:43.307918,52,17
2026-02-12 12:04:43.905034,78,47
2026-02-12 12:04:44.495944,25,42
2026-02-12 12:04:45.083988,93,29
2026-02-12 12:04:45.666916,73,6
2026-02-12 12:04:46.255616,14,15
2026-02-12 12:04:46.849391,50,27
2026-02-12 12:04:47.435344,22,29
2026-02-12 12:04:48.019470,28,49
2026-02-12 12:04:48.605012,5,27
2026-02-12 12:04:49.199740,55,47
2026-02-12 12:04:49.800078,8,44
2026-02-12 12:04:50.399323,91,41
2026-02-12 12:04:50.990060,90,18
2026-02-12 12:04:51.579387,90,16
2026-02-12 12:04:52.169268,31,31
2026-02-12 12:04:52.746582,91,13
2026-02-12 12:04:53.346530,45,45
2026-02-12 12:04:53.938235,83,5
2026-02-12 12:04:54.530011,43,33
2026-02-12 12:04:55.151991,81,10
2026-02-12 12:04:55.773411,45,29
2026-02-12 12:04:56.380658,53,7
2026-02-12 12:04:56.990369,1,42
2026-02-12 12:04:57.591815,91,26
2026-02-12 12:04:58.190772,77,10
2026-02-12 12:04:58.823315,69,7
2026-02-12 12:04:59.406213,100,12
2026-02-12 12:05:00.000274,78,12
2026-02-12 12:05:00.602754,74,35
2026-02-12 12:05:01.191296,62,8
2026-02-12 12:05:01.779369,95,50
2026-02-12 12:05:02.370495,8,19
2026-02-12 12:05:02.960550,48,6
2026-02-12 12:05:03.560474,38,30
2026-02-12 12:05:04.172629,96,41
2026-02-12 12:05:04.769544,38,20
2026-02-12 12:05:05.366677,48,50
2026-02-12 12:05:05.956380,38,49
2026-02-12 12:05:06.553350,54,29
2026-02-12 12:05:07.153177,85,10
2026-02-12 12:05:07.749363,40,45
2026-02-12 12:05:08.358977,82,42
2026-02-12 12:05:08.955746,27,47
2026-02-12 12:05:09.544954,27,45
2026-02-12 12:05:10.146201,97,33
2026-02-12 12:05:10.733804,65,33
2026-02-12 12:05:11.335409,81,20
2026-02-12 12:05:11.937126,52,19
2026-02-12 12:05:12.521352,16,38
2026-02-12 12:05:13.120430,22,40
2026-02-12 12:05:13.702428,9,1
2026-02-12 12:05:14.292450,17,4
2026-02-12 12:05:14.881952,84,25
2026-02-12 12:05:15.478087,44,0
2026-02-12 12:05:16.063675,56,4
2026-02-12 12:05:16.652620,3,25
2026-02-12 12:05:17.258223,77,19
2026-02-12 12:05:17.854233,0,29
2026-02-12 12:05:18.448864,50,34
2026-02-12 12:05:19.052550,78,28
2026-02-12 12:05:19.643487,14,26
2026-02-12 12:05:20.255540,29,47
2026-02-12 12:05:20.843872,28,23
2026-02-12 12:05:21.483141,8,29
2026-02-12 12:05:22.074381,61,42
2026-02-12 12:05:22.671018,43,14
2026-02-12 12:05:23.271786,11,3
2026-02-12 12:05:23.864113,71,3
2026-02-12 12:05:24.458972,44,50
2026-02-12 12:05:25.073250,21,15
2026-02-12 12:05:25.667172,63,44
2026-02-12 12:05:26.271159,86,48
2026-02-12 12:05:26.863239,23,16
2026-02-12 12:05:27.467698,14,12
2026-02-12 12:05:28.066279,95,32
2026-02-12 12:05:28.665647,33,9
2026-02-12 12:05:29.259986,88,17
2026-02-12 12:05:29.870934,21,43
2026-02-12 12:05:30.463298,100,35
2026-02-12 12:05:31.083134,82,40
2026-02-12 12:05:31.677439,35,6
2026-02-12 12:05:32.279489,33,29
2026-02-12 12:05:32.881509,30,7
2026-02-12 12:05:33.477907,52,34
2026-02-12 12:05:34.075099,83,44
2026-02-12 12:05:34.682101,2,50
2026-02-12 12:05:35.255855,75,13
2026-02-12 12:05:35.856055,26,32
2026-02-12 12:05:36.455494,72,10
2026-02-12 12:05:37.046514,48,40
2026-02-12 12:05:37.657266,66,14
2026-02-12 12:05:38.245840,84,28
2026-02-12 12:05:38.840045,55,13
2026-02-12 12:05:39.436420,95,30
2026-02-12 12:05:40.022502,31,16
2026-02-12 12:05:40.617891,66,12
2026-02-12 12:05:41.205480,58,2
2026-02-12 12:05:41.799679,50,26
2026-02-12 12:05:42.387056,3,42
2026-02-12 12:05:42.977442,8,11
2026-02-12 12:05:43.564999,53,49
2026-02-12 12:05:44.172238,23,40
2026-02-12 12:05:44.753223,100,15
2026-02-12 12:05:45.343920,90,49
2026-02-12 12:05:45.930229,71,12
2026-02-12 12:05:46.527654,35,46
2026-02-12 12:05:47.117753,62,43
2026-02-12 12:05:47.703819,29,11
2026-02-12 12:05:48.289308,69,39
2026-02-12 12:05:48.882455,46,24
2026-02-12 12:05:49.458764,36,37
2026-02-12 12:05:50.046299,27,46
2026-02-12 12:05:50.641571,18,36
2026-02-12 12:05:51.229388,91,42
2026-02-12 12:05:51.810764,32,24
2026-02-12 12:05:52.399850,26,27
2026-02-12 12:05:52.992745,97,30
2026-02-12 12:05:53.584039,95,31
2026-02-12 12:05:54.175049,67,4
2026-02-12 12:05:54.777009,94,37
2026-02-12 12:05:55.362436,2,45
2026-02-12 12:05:55.959401,2,12
2026-02-12 12:05:56.552089,96,20
2026-02-12 12:05:57.129167,5,23
2026-02-12 12:05:57.719982,74,9
2026-02-12 12:05:58.301632,65,47
2026-02-12 12:05:58.904319,83,27
2026-02-12 12:05:59.497259,55,17
2026-02-12 12:06:00.093205,89,27
2026-02-12 12:06:00.680848,57,27
2026-02-12 12:06:01.271972,24,28
2026-02-12 12:06:01.870907,63,22
2026-02-12 12:06:02.461707,98,9
2026-02-12 12:06:03.057612,67,22
2026-02-12 12:06:03.645834,26,11
2026-02-12 12:06:04.239883,88,39
2026-02-12 12:06:04.819187,57,29
2026-02-12 12:06:05.416056,33,4
2026-02-12 12:06:06.012270,82,49
2026-02-12 12:06:06.623539,48,39
2026-02-12 12:06:07.218732,26,15
2026-02-12 12:06:07.810039,50,0
2026-02-12 12:06:08.404562,29,48
2026-02-12 12:06:08.999231,86,27
2026-02-12 12:06:09.603624,85,28
2026-02-12 12:06:10.215917,20,32
2026-02-12 12:06:10.816561,40,14
2026-02-12 12:06:11.406359,65,28
2026-02-12 12:06:12.001057,86,41
2026-02-12 12:06:12.601028,10,11
2026-02-12 12:06:13.251973,38,3
2026-02-12 12:06:13.813725,1,6
2026-02-12 12:06:14.388273,22,0
2026-02-12 12:06:14.985917,52,23
2026-02-12 12:06:15.579335,44,12
2026-02-12 12:06:16.185575,58,45
2026-02-12 12:06:16.782266,86,26
2026-02-12 12:06:17.378184,70,0
2026-02-12 12:06:17.953578,24,48
2026-02-12 12:06:18.549973,77,18
2026-02-12 12:06:19.133100,45,37
2026-02-12 12:06:19.724850,46,21
2026-02-12 12:06:20.309878,98,14
2026-02-12 12:06:20.905187,10,7
2026-02-12 12:06:21.497079,11,28
2026-02-12 12:06:22.083231,30,6
2026-02-12 12:06:22.672848,8,33
2026-02-12 12:06:23.280580,15,26
2026-02-12 12:06:23.871730,52,5
2026-02-12 12:06:24.458696,41,7
2026-02-12 12:06:25.045672,69,3
2026-02-12 12:06:25.632849,24,8
2026-02-12 12:06:26.227785,3,27
2026-02-12 12:06:26.820953,46,36
2026-02-12 12:06:27.416203,91,8
2026-02-12 12:06:28.009946,45,22
2026-02-12 12:06:28.599371,2,34
2026-02-12 12:06:29.190928,53,42
2026-02-12 12:06:29.777411,22,42
2026-02-12 12:06:30.385230,16,24
2026-02-12 12:06:31.006470,3,3
2026-02-12 12:06:31.601298,91,50
2026-02-12 12:06:32.202765,19,35
2026-02-12 12:06:32.793742,22,45
2026-02-12 12:06:33.384571,1,10
2026-02-12 12:06:33.973603,59,23
2026-02-12 12:06:34.568653,79,2
2026-02-12 12:06:35.168998,80,27
2026-02-12 12:06:35.768459,56,48
2026-02-12 12:06:36.356570,86,6
2026-02-12 12:06:36.949402,60,31
2026-02-12 12:06:37.545636,11,21
2026-02-12 12:06:38.134460,38,8
2026-02-12 12:06:38.725886,44,37
2026-02-12 12:06:39.316044,90,25
2026-02-12 12:06:39.889171,66,32
2026-02-12 12:06:40.488962,3,20
2026-02-12 12:06:41.070771,33,2
2026-02-12 12:06:41.667469,39,13
2026-02-12 12:06:42.262328,71,3
2026-02-12 12:06:42.850585,34,4
2026-02-12 12:06:43.447373,9,27
2026-02-12 12:06:44.035452,39,29
2026-02-12 12:06:44.625169,1,23
2026-02-12 12:06:45.209802,62,43
2026-02-12 12:06:45.802938,7,0
2026-02-12 12:06:46.393001,41,12
2026-02-12 12:06:46.997530,26,42
2026-02-12 12:06:47.595227,75,33
2026-02-12 12:06:48.186956,90,0
2026-02-12 12:06:48.776189,83,3
2026-02-12 12:06:49.368314,79,29
2026-02-12 12:06:49.970433,14,35
2026-02-12 12:06:50.573550,20,19
2026-02-12 12:06:51.172941,84,32
2026-02-12 12:06:51.775151,25,48
2026-02-12 12:06:52.361655,16,10
2026-02-12 12:06:52.956148,53,7
2026-02-12 12:06:53.564374,66,25
2026-02-12 12:06:54.156099,19,21
2026-02-12 12:06:54.744501,58,39
2026-02-12 12:06:55.336480,11,42
2026-02-12 12:06:55.921419,20,46
2026-02-12 12:06:56.537439,4,26
2026-02-12 12:06:57.128451,3,7
2026-02-12 12:06:57.729437,94,50
2026-02-12 12:06:58.319101,3,9
2026-02-12 12:06:58.916496,55,37
2026-02-12 12:06:59.505985,91,17
2026-02-12 12:07:00.099121,96,15
2026-02-12 12:07:00.693776,50,6
2026-02-12 12:07:01.293353,93,16
2026-02-12 12:07:01.891499,73,21
2026-02-12 12:07:02.482712,72,28
2026-02-12 12:07:03.073839,6,44
2026-02-12 12:07:03.661864,9,6
2026-02-12 12:07:04.257983,61,5
2026-02-12 12:07:04.847135,38,4
2026-02-12 12:07:05.432728,70,6
2026-02-12 12:07:06.025933,3,50
2026-02-12 12:07:06.619255,25,8
2026-02-12 12:07:07.209812,41,20
2026-02-12 12:07:07.825043,7,26
2026-02-12 12:07:08.411432,90,30
2026-02-12 12:07:09.004315,30,25
2026-02-12 12:07:09.593933,56,46
2026-02-12 12:07:10.199528,20,48
2026-02-12 12:07:10.785477,76,7
2026-02-12 12:07:11.377706,88,2
2026-02-12 12:07:11.959992,41,33
2026-02-12 12:07:12.551678,65,7
2026-02-12 12:07:13.154512,66,23
2026-02-12 12:07:13.748782,60,11
2026-02-12 12:07:14.338408,44,40
2026-02-12 12:07:14.928733,18,0
2026-02-12 12:07:15.514326,97,15
2026-02-12 12:07:16.107863,58,29
2026-02-12 12:07:16.697489,15,36
2026-02-12 12:07:17.288913,51,38
2026-02-12 12:07:17.882686,46,38
2026-02-12 12:07:18.475171,44,4
2026-02-12 12:07:19.064827,97,25
2026-02-12 12:07:19.660531,99,48
2026-02-12 12:07:20.245841,11,36
2026-02-12 12:07:20.839724,74,9
2026-02-12 12:07:21.433232,55,45
2026-02-12 12:07:22.035885,30,7
2026-02-12 12:07:22.618756,54,40
2026-02-12 12:07:23.230044,16,24
2026-02-12 12:07:23.848661,61,2
2026-02-12 12:07:24.450527,44,50
2026-02-12 12:07:25.058739,0,49
2026-02-12 12:07:25.693105,7,26
2026-02-12 12:07:26.334272,88,30
2026-02-12 12:07:26.934314,37,42
2026-02-12 12:07:27.553035,83,26
2026-02-12 12:07:28.129509,59,22
2026-02-12 12:07:28.727732,86,26
2026-02-12 12:07:29.321654,96,13
2026-02-12 12:07:29.921218,95,45
2026-02-12 12:07:30.517312,71,37
2026-02-12 12:07:31.123150,34,22
2026-02-12 12:07:31.719374,2,25
2026-02-12 12:07:32.307771,32,44
2026-02-12 12:07:32.901330,49,28
2026-02-12 12:07:33.491360,68,14
2026-02-12 12:07:34.092064,82,28
2026-02-12 12:07:34.685438,43,6
2026-02-12 12:07:35.286600,58,6
2026-02-12 12:07:35.886022,69,43
2026-02-12 12:07:36.496458,69,45
2026-02-12 12:07:37.086979,1,9
2026-02-12 12:07:37.683506,4,24
2026-02-12 12:07:38.277662,35,6
2026-02-12 12:07:38.880642,28,21
2026-02-12 12:07:39.485755,65,20
2026-02-12 12:07:40.078509,18,24
2026-02-12 12:07:40.673592,92,9
2026-02-12 12:07:41.264414,82,27
2026-02-12 12:07:41.859054,44,30
2026-02-12 12:07:42.442519,38,41
2026-02-12 12:07:43.040650,86,47
2026-02-12 12:07:43.628123,21,26
2026-02-12 12:07:44.233636,81,42
2026-02-12 12:07:44.816936,1,43
2026-02-12 12:07:45.410846,82,21
2026-02-12 12:07:46.000223,70,19
2026-02-12 12:07:46.606211,65,13
2026-02-12 12:07:47.201783,0,44
2026-02-12 12:07:47.808866,48,28
2026-02-12 12:07:48.397635,4,32
2026-02-12 12:07:48.990445,5,9
2026-02-12 12:07:49.586073,39,12
2026-02-12 12:07:50.177004,50,38
2026-02-12 12:07:50.770932,86,48
2026-02-12 12:07:51.360603,4,5
2026-02-12 12:07:51.963497,73,21
2026-02-12 12:07:52.551263,43,42
2026-02-12 12:07:53.144060,88,1
2026-02-12 12:07:53.738081,50,31
2026-02-12 12:07:54.335718,21,31
2026-02-12 12:07:54.922388,23,30
2026-02-12 12:07:55.514431,42,33
2026-02-12 12:07:56.111758,10,44
2026-02-12 12:07:56.712217,2,25
2026-02-12 12:07:57.299093,21,6
2026-02-12 12:07:57.906646,21,11
2026-02-12 12:07:58.504434,42,48
2026-02-12 12:07:59.098996,78,13
2026-02-12 12:07:59.692136,35,14
2026-02-12 12:08:00.289372,78,10
2026-02-12 12:08:00.894739,73,25
2026-02-12 12:08:01.504832,55,23
2026-02-12 12:08:02.098047,69,23
2026-02-12 12:08:02.704691,84,41
2026-02-12 12:08:03.292519,43,34
2026-02-12 12:08:03.897097,3,1
2026-02-12 12:08:04.494346,83,43
2026-02-12 12:08:05.105636,29,2
2026-02-12 12:08:05.740560,1,14
2026-02-12 12:08:06.335264,85,49
2026-02-12 12:08:06.936767,41,35
2026-02-12 12:08:07.561135,6,43
2026-02-12 12:08:08.154556,67,16
2026-02-12 12:08:08.753303,56,40
2026-02-12 12:08:09.353480,94,9
2026-02-12 12:08:09.945852,82,16
2026-02-12 12:08:10.558738,86,23
2026-02-12 12:08:11.160655,87,47
2026-02-12 12:08:11.749567,16,2
2026-02-12 12:08:12.354262,55,38
2026-02-12 12:08:12.944529,75,19
2026-02-12 12:08:13.535944,91,29
2026-02-12 12:08:14.133050,94,32
2026-02-12 12:08:14.728226,49,0
2026-02-12 12:08:15.320914,5,30
2026-02-12 12:08:15.910556,56,9
2026-02-12 12:08:16.514086,41,15
2026-02-12 12:08:17.109326,92,15
2026-02-12 12:08:17.703109,79,8
2026-02-12 12:08:18.293284,59,45
2026-02-12 12:08:18.878679,83,49
2026-02-12 12:08:19.472087,75,45
2026-02-12 12:08:20.072501,66,36
2026-02-12 12:08:20.663109,42,49
2026-02-12 12:08:21.252814,9,37
2026-02-12 12:08:21.835927,65,22
2026-02-12 12:08:22.430384,48,44
2026-02-12 12:08:23.023523,35,43
2026-02-12 12:08:23.614282,12,18
2026-02-12 12:08:24.199750,21,28
2026-02-12 12:08:24.792443,24,48
2026-02-12 12:08:25.381683,53,20
2026-02-12 12:08:25.974352,36,4
2026-02-12 12:08:26.559770,0,34
2026-02-12 12:08:27.162510,1,21
2026-02-12 12:08:27.750999,9,44
2026-02-12 12:08:28.340923,53,16
2026-02-12 12:08:28.927750,78,36
2026-02-12 12:08:29.513268,13,40
2026-02-12 12:08:30.103956,42,43
2026-02-12 12:08:30.696968,13,20
2026-02-12 12:08:31.297331,56,35
2026-02-12 12:08:31.887388,10,42
2026-02-12 12:08:32.475991,41,3
2026-02-12 12:08:33.069260,58,38
2026-02-12 12:08:33.658257,51,22
2026-02-12 12:08:34.254420,42,35
2026-02-12 12:08:34.848555,47,11
2026-02-12 12:08:35.449298,30,41
2026-02-12 12:08:36.048281,78,43
2026-02-12 12:08:36.635257,30,45
2026-02-12 12:08:37.220609,6,28
2026-02-12 12:08:37.812699,1,28
2026-02-12 12:08:38.398342,71,14
2026-02-12 12:08:38.990200,40,0
2026-02-12 12:08:39.579139,49,19
2026-02-12 12:08:40.172495,2,11
2026-02-12 12:08:40.763942,34,30
2026-02-12 12:08:41.349932,100,34
2026-02-12 12:08:41.940544,63,48
2026-02-12 12:08:42.531213,100,18
2026-02-12 12:08:43.129932,92,11
2026-02-12 12:08:43.722619,24,41
2026-02-12 12:08:44.314323,42,10
2026-02-12 12:08:44.908807,65,14
2026-02-12 12:08:45.501444,33,27
2026-02-12 12:08:46.095586,51,5
2026-02-12 12:08:46.684209,7,13
2026-02-12 12:08:47.279698,13,46
2026-02-12 12:08:47.870509,95,6
2026-02-12 12:08:48.487917,79,24
2026-02-12 12:08:49.077554,12,7
2026-02-12 12:08:49.676856,87,25
2026-02-12 12:08:50.269985,12,32
2026-02-12 12:08:50.861462,86,4
2026-02-12 12:08:51.468873,98,23
2026-02-12 12:08:52.050158,68,49
2026-02-12 12:08:52.646091,93,36
2026-02-12 12:08:53.239344,74,7
2026-02-12 12:08:53.833286,32,48
2026-02-12 12:08:54.426566,68,6
2026-02-12 12:08:55.017351,33,19
2026-02-12 12:08:55.601821,22,14
2026-02-12 12:08:56.198664,75,22
2026-02-12 12:08:56.798968,82,43
2026-02-12 12:08:57.393055,97,4
2026-02-12 12:08:58.007588,85,15
2026-02-12 12:08:58.596426,20,3
2026-02-12 12:08:59.190881,51,5
2026-02-12 12:08:59.783104,89,49
2026-02-12 12:09:00.370998,1,44
2026-02-12 12:09:00.963295,19,47
2026-02-12 12:09:01.551138,65,33
2026-02-12 12:09:02.158600,64,32
2026-02-12 12:09:02.749191,72,0
2026-02-12 12:09:03.339276,24,26
2026-02-12 12:09:03.935731,26,31
2026-02-12 12:09:04.536662,79,6
2026-02-12 12:09:05.130046,41,44
2026-02-12 12:09:05.725252,2,4
2026-02-12 12:09:06.325149,40,3
2026-02-12 12:09:06.913102,94,31
2026-02-12 12:09:07.511219,40,19
2026-02-12 12:09:08.099775,70,48
2026-02-12 12:09:08.688304,38,17
2026-02-12 12:09:09.279347,42,19
2026-02-12 12:09:09.881492,30,31
2026-02-12 12:09:10.476630,78,29
2026-02-12 12:09:11.066970,66,13
2026-02-12 12:09:11.677076,74,17
2026-02-12 12:09:12.280457,19,48
2026-02-12 12:09:12.873242,23,21
2026-02-12 12:09:13.468607,15,30
2026-02-12 12:09:14.059098,47,24
2026-02-12 12:09:14.646724,7,11
2026-02-12 12:09:15.232717,78,5
2026-02-12 12:09:15.823107,5,5
2026-02-12 12:09:16.415607,86,5
2026-02-12 12:09:17.003633,93,19
2026-02-12 12:09:17.606671,84,21
2026-02-12 12:09:18.201372,25,3
2026-02-12 12:09:18.796235,34,46
2026-02-12 12:09:19.388938,11,0
2026-02-12 12:09:19.983835,30,36
2026-02-12 12:09:20.573717,35,45
2026-02-12 12:09:21.175995,6,36
2026-02-12 12:09:21.769935,46,12
2026-02-12 12:09:22.357314,86,25
2026-02-12 12:09:22.943696,44,32
2026-02-12 12:09:23.531960,81,38
2026-02-12 12:09:24.119264,53,0
2026-02-12 12:09:24.693327,11,3
2026-02-12 12:09:25.276309,47,45
2026-02-12 12:09:25.822084,69,12
2026-02-12 12:09:26.367300,27,47
2026-02-12 12:09:26.910738,17,40
2026-02-12 12:09:27.456859,12,21
2026-02-12 12:09:28.000055,18,20
2026-02-12 12:09:28.546241,68,47
2026-02-12 12:09:29.088815,67,3
2026-02-12 12:09:29.664984,32,48
2026-02-12 12:09:30.301370,15,12
2026-02-12 12:09:30.907364,3,33
2026-02-12 12:09:31.509378,13,4
2026-02-12 12:09:32.117865,7,34
2026-02-12 12:09:32.719643,82,25
2026-02-12 12:09:33.353381,52,15
2026-02-12 12:09:33.955940,84,7
2026-02-12 12:09:34.576023,45,21
2026-02-12 12:09:35.177692,6,4
2026-02-12 12:09:35.795766,6,6
2026-02-12 12:09:36.407208,73,41
2026-02-12 12:09:37.019842,60,37
2026-02-12 12:09:37.622232,23,38
2026-02-12 12:09:38.242369,69,31
2026-02-12 12:09:38.852071,22,44
2026-02-12 12:09:39.471779,7,23
2026-02-12 12:09:40.095906,98,12
2026-02-12 12:09:40.761977,98,15
2026-02-12 12:09:41.357750,62,18
2026-02-12 12:09:41.966630,39,8
2026-02-12 12:09:42.624051,75,30
2026-02-12 12:09:43.237301,44,19
2026-02-12 12:09:43.873827,85,14
2026-02-12 12:09:44.499666,63,27
2026-02-12 12:09:45.157345,14,50
2026-02-12 12:09:45.780245,71,1
2026-02-12 12:09:46.413622,65,45
2026-02-12 12:09:47.036473,80,47
2026-02-12 12:09:47.654772,22,32
2026-02-12 12:09:48.328409,45,9
2026-02-12 12:09:48.922126,47,1
2026-02-12 12:09:49.506137,81,9
2026-02-12 12:09:50.245074,54,10
2026-02-12 12:09:50.808938,64,33
2026-02-12 12:09:51.387660,56,34
2026-02-12 12:09:52.013271,84,49
2026-02-12 12:09:52.625832,53,38
2026-02-12 12:09:53.238433,0,17
2026-02-12 12:09:53.869395,57,27
2026-02-12 12:09:54.532982,29,2
2026-02-12 12:09:55.172493,29,32
2026-02-12 12:09:55.815701,34,41
2026-02-12 12:09:56.434940,87,27
2026-02-12 12:09:57.037442,83,39
2026-02-12 12:09:57.698263,80,1
2026-02-12 12:09:58.300909,94,37
2026-02-12 12:09:58.902320,11,35
2026-02-12 12:09:59.598394,18,17
2026-02-12 12:10:00.186687,78,45
2026-02-12 12:10:00.803310,1,10
2026-02-12 12:10:01.391520,35,20
2026-02-12 12:10:01.988260,1,16
2026-02-12 12:10:02.590973,71,25
2026-02-12 12:10:03.178618,6,14
2026-02-12 12:10:03.879445,94,33
2026-02-12 12:10:04.541369,58,8
2026-02-12 12:10:05.196846,91,31
2026-02-12 12:10:05.804248,2,26
2026-02-12 12:10:06.397067,58,19
2026-02-12 12:10:06.989263,73,26
2026-02-12 12:10:07.586552,99,45
2026-02-12 12:10:08.179239,88,14
2026-02-12 12:10:08.791917,83,5
2026-02-12 12:10:09.380664,39,37
2026-02-12 12:10:09.978081,2,26
2026-02-12 12:10:10.589980,75,45
2026-02-12 12:10:11.178723,76,49
2026-02-12 12:10:11.770009,40,21
2026-02-12 12:10:12.361380,15,12
2026-02-12 12:10:12.955859,13,9
2026-02-12 12:10:13.555889,82,27
2026-02-12 12:10:14.210176,78,46
2026-02-12 12:10:14.860345,17,3
2026-02-12 12:10:15.437695,45,0
2026-02-12 12:10:16.040215,70,35
2026-02-12 12:10:16.636280,89,14
2026-02-12 12:10:17.257914,9,43
2026-02-12 12:10:17.919976,51,38
2026-02-12 12:10:18.557854,36,9
2026-02-12 12:10:19.136358,78,49
2026-02-12 12:10:19.735136,45,49
2026-02-12 12:10:20.321588,77,29
2026-02-12 12:10:20.966938,40,23
2026-02-12 12:10:21.590272,47,12
2026-02-12 12:10:22.219376,96,13
2026-02-12 12:10:22.815261,97,47
2026-02-12 12:10:23.506103,32,2
2026-02-12 12:10:24.116034,36,17
2026-02-12 12:10:24.739330,1,44
2026-02-12 12:10:25.566700,64,39
2026-02-12 12:10:26.333292,85,10
2026-02-12 12:10:26.943223,37,42
2026-02-12 12:10:27.573767,98,37
2026-02-12 12:10:28.216377,12,32
2026-02-12 12:10:28.911377,57,19
2026-02-12 12:10:29.611808,7,9
2026-02-12 12:10:30.224328,27,13
2026-02-12 12:10:30.905142,89,13
2026-02-12 12:10:31.581456,44,38
2026-02-12 12:10:32.230815,86,28
2026-02-12 12:10:32.896527,96,10
2026-02-12 12:10:33.584446,90,49
2026-02-12 12:10:34.250126,58,12
2026-02-12 12:10:34.874313,10,20
2026-02-12 12:10:35.509413,76,1
2026-02-12 12:10:36.275474,61,9
2026-02-12 12:10:36.862525,6,43
2026-02-12 12:10:37.498638,69,37
2026-02-12 12:10:38.175088,62,12
2026-02-12 12:10:38.844869,10,26
2026-02-12 12:10:39.494439,67,36
2026-02-12 12:10:40.182914,11,4
2026-02-12 12:10:40.814801,91,47
2026-02-12 12:10:41.504021,91,47
2026-02-12 12:10:42.121581,92,1
2026-02-12 12:10:42.793861,92,50
2026-02-12 12:10:43.442150,25,9
2026-02-12 12:10:44.060389,39,27
2026-02-12 12:10:44.693573,61,27
2026-02-12 12:10:45.345061,7,2
2026-02-12 12:10:46.041867,63,26
2026-02-12 12:10:46.685767,65,6
2026-02-12 12:10:47.326594,94,31
2026-02-12 12:10:47.997819,65,1
2026-02-12 12:10:48.635749,30,16
2026-02-12 12:10:49.261815,43,43
2026-02-12 12:10:49.916028,47,41
2026-02-12 12:10:50.579687,10,4
2026-02-12 12:10:51.221794,45,46
2026-02-12 12:10:51.838423,79,47
2026-02-12 12:10:52.463066,38,36
2026-02-12 12:10:53.115700,39,26
2026-02-12 12:10:53.790259,12,42
2026-02-12 12:10:54.412771,17,41
2026-02-12 12:10:55.029396,47,47
2026-02-12 12:10:55.760633,0,45
2026-02-12 12:10:56.476424,72,29
2026-02-12 12:10:57.118324,25,17
2026-02-12 12:10:57.986264,45,0
2026-02-12 12:10:58.611786,46,23
2026-02-12 12:10:59.279953,42,16
2026-02-12 12:11:00.025141,36,20
2026-02-12 12:11:00.746988,42,14
2026-02-12 12:11:01.444152,6,38
2026-02-12 12:11:02.155274,5,4
2026-02-12 12:11:02.771204,20,23
2026-02-12 12:11:03.393497,69,21
2026-02-12 12:11:04.020652,14,11
2026-02-12 12:11:04.616520,8,27
2026-02-12 12:11:05.207741,82,37
2026-02-12 12:11:05.807617,10,34
2026-02-12 12:11:06.400327,83,11
2026-02-12 12:11:07.087890,42,49
2026-02-12 12:11:07.743163,73,12
2026-02-12 12:11:08.371584,49,24
2026-02-12 12:11:09.071997,29,24
2026-02-12 12:11:09.717650,31,11
2026-02-12 12:11:10.353161,39,36
2026-02-12 12:11:10.955602,62,38
2026-02-12 12:11:11.634370,56,12
2026-02-12 12:11:12.308127,69,41
2026-02-12 12:11:12.948496,8,21
2026-02-12 12:11:13.626787,17,35
2026-02-12 12:11:14.280158,44,24
2026-02-12 12:11:14.937799,67,0
2026-02-12 12:11:15.616732,6,19
2026-02-12 12:11:16.283132,30,10
2026-02-12 12:11:16.960763,6,7
2026-02-12 12:11:17.635841,89,40
2026-02-12 12:11:18.290389,84,22
2026-02-12 12:11:18.983181,83,40
2026-02-12 12:11:19.767700,85,5
2026-02-12 12:11:20.442270,2,39
2026-02-12 12:11:21.137761,12,30
2026-02-12 12:11:21.867372,83,10
2026-02-12 12:11:22.531088,80,6
2026-02-12 12:11:23.176123,90,28
2026-02-12 12:11:23.839108,36,46
2026-02-12 12:11:24.480168,93,0
2026-02-12 12:11:25.127456,19,17
2026-02-12 12:11:25.797582,5,22
2026-02-12 12:11:26.468217,34,1
2026-02-12 12:11:27.159151,4,11
2026-02-12 12:11:27.851587,50,16
2026-02-12 12:11:28.540790,100,23
2026-02-12 12:11:29.239025,58,39
2026-02-12 12:11:29.922397,76,41
2026-02-12 12:11:30.638249,73,14
2026-02-12 12:11:31.342743,47,26
2026-02-12 12:11:32.042219,53,10
2026-02-12 12:11:32.765583,68,18
2026-02-12 12:11:33.427244,7,13
2026-02-12 12:11:34.104846,55,1
2026-02-12 12:11:34.774206,35,23
2026-02-12 12:11:35.457625,64,22
2026-02-12 12:11:36.131829,18,1
2026-02-12 12:11:36.866965,7,50
2026-02-12 12:11:37.588123,16,45
2026-02-12 12:11:38.283669,43,5
2026-02-12 12:11:38.988803,76,14
2026-02-12 12:11:39.706512,98,26
2026-02-12 12:11:40.406913,93,21
2026-02-12 12:11:41.104960,16,1
2026-02-12 12:11:41.785347,39,1
2026-02-12 12:11:42.478147,37,32
2026-02-12 12:11:43.170511,37,41
2026-02-12 12:11:43.857061,87,0
2026-02-12 12:11:44.512214,90,18
2026-02-12 12:11:45.198731,78,10
2026-02-12 12:11:45.856890,64,10
2026-02-12 12:11:46.548117,92,36
2026-02-12 12:11:47.206604,83,29
2026-02-12 12:11:47.907992,99,47
2026-02-12 12:11:48.606770,4,2
2026-02-12 12:11:49.310916,59,42
2026-02-12 12:11:50.008132,32,11
2026-02-12 12:11:50.689098,49,5
2026-02-12 12:11:51.388162,16,0
2026-02-12 12:11:52.088689,39,6
2026-02-12 12:11:52.807144,59,21
2026-02-12 12:11:53.495894,1,19
2026-02-12 12:11:54.153553,16,40
2026-02-12 12:11:54.858117,16,23
2026-02-12 12:11:55.530774,25,28
2026-02-12 12:11:56.226764,13,41
2026-02-12 12:11:56.867286,0,41
2026-02-12 12:11:57.517191,48,37
2026-02-12 12:11:58.200031,14,21
2026-02-12 12:11:58.911549,64,48
2026-02-12 12:11:59.586877,0,18
2026-02-12 12:12:00.282446,33,41
2026-02-12 12:12:00.973597,91,33
2026-02-12 12:12:01.685155,54,37
2026-02-12 12:12:02.386904,67,5
2026-02-12 12:12:03.050319,82,22
2026-02-12 12:12:03.710391,22,31
2026-02-12 12:12:04.390063,3,42
2026-02-12 12:12:05.107920,7,27
2026-02-12 12:12:05.788048,75,35
2026-02-12 12:12:06.453326,100,5
2026-02-12 12:12:07.133226,24,38
2026-02-12 12:12:07.799630,71,25
2026-02-12 12:12:08.510439,41,18
2026-02-12 12:12:09.180210,47,50
2026-02-12 12:12:09.838676,51,33
2026-02-12 12:12:10.547725,39,6
2026-02-12 12:12:11.170948,68,13
2026-02-12 12:12:11.868585,11,0
2026-02-12 12:12:12.550114,58,31
2026-02-12 12:12:13.197974,10,31
2026-02-12 12:12:13.832637,84,18
2026-02-12 12:12:14.499241,89,44
2026-02-12 12:12:15.197179,18,28
2026-02-12 12:12:15.865979,34,16
2026-02-12 12:12:16.529396,57,23
2026-02-12 12:12:17.201943,70,50
2026-02-12 12:12:17.866390,56,1
2026-02-12 12:12:18.576683,32,6
2026-02-12 12:12:19.293508,54,39
2026-02-12 12:12:19.991634,37,0
2026-02-12 12:12:20.712241,89,10
2026-02-12 12:12:21.426186,16,2
2026-02-12 12:12:22.147081,86,14
2026-02-12 12:12:22.846017,87,14
2026-02-12 12:12:23.534586,7,26
2026-02-12 12:12:24.262060,11,50
2026-02-12 12:12:24.936829,79,28
2026-02-12 12:12:25.601428,76,29
2026-02-12 12:12:26.269522,85,7
2026-02-12 12:12:26.909734,49,18
2026-02-12 12:12:27.556484,80,27
2026-02-12 12:12:28.199753,22,28
2026-02-12 12:12:28.896113,38,39
2026-02-12 12:12:29.556255,81,12
2026-02-12 12:12:30.238804,63,13
2026-02-12 12:12:30.942605,99,43
2026-02-12 12:12:31.624417,51,9
2026-02-12 12:12:32.264416,76,27
2026-02-12 12:12:32.946080,52,22
2026-02-12 12:12:33.658619,49,18
2026-02-12 12:12:34.324438,5,25
2026-02-12 12:12:34.989738,49,18
2026-02-12 12:12:35.647318,86,23
2026-02-12 12:12:36.337044,28,48
2026-02-12 12:12:36.997433,12,20
2026-02-12 12:12:37.657821,74,14
2026-02-12 12:12:38.311147,17,7
2026-02-12 12:12:39.023317,63,36
2026-02-12 12:12:39.724533,30,45
2026-02-12 12:12:40.432839,60,13
2026-02-12 12:12:41.162357,71,20
2026-02-12 12:12:41.863740,56,45
2026-02-12 12:12:42.563812,31,25
2026-02-12 12:12:43.267027,25,48
2026-02-12 12:12:43.932800,81,25
2026-02-12 12:12:44.589129,99,44
2026-02-12 12:12:45.307124,35,36
2026-02-12 12:12:45.964247,89,25
2026-02-12 12:12:46.619578,38,20
2026-02-12 12:12:47.292751,54,43
2026-02-12 12:12:47.953923,51,33
2026-02-12 12:12:48.594587,98,38
2026-02-12 12:12:49.280952,22,37
2026-02-12 12:12:50.004889,53,30
2026-02-12 12:12:50.733479,79,5
2026-02-12 12:12:51.403330,51,46
2026-02-12 12:12:52.071066,44,41
2026-02-12 12:12:52.747432,75,33
2026-02-12 12:12:53.469201,41,38
2026-02-12 12:12:54.105267,93,0
2026-02-12 12:12:54.752242,32,16
2026-02-12 12:12:55.393501,22,13
2026-02-12 12:12:56.076322,0,20
2026-02-12 12:12:56.749641,81,49
2026-02-12 12:12:57.411430,46,50
2026-02-12 12:12:58.089113,39,29
2026-02-12 12:12:58.767392,0,5
2026-02-12 12:12:59.474850,12,32
2026-02-12 12:13:00.171921,100,24
2026-02-12 12:13:00.841465,28,19
2026-02-12 12:13:01.516673,15,43
2026-02-12 12:13:02.235095,38,14
2026-02-12 12:13:02.935878,59,30
2026-02-12 12:13:03.652564,47,5
2026-02-12 12:13:04.313350,58,31
2026-02-12 12:13:04.985193,43,50
2026-02-12 12:13:05.668497,41,4
2026-02-12 12:13:06.377783,58,19
2026-02-12 12:13:07.035542,38,2
2026-02-12 12:13:07.735464,43,3
2026-02-12 12:13:08.385075,29,39
2026-02-12 12:13:09.086176,47,41
2026-02-12 12:13:09.790932,51,7
2026-02-12 12:13:10.502649,48,14
2026-02-12 12:13:11.200927,36,33
2026-02-12 12:13:11.906583,1,50
2026-02-12 12:13:12.607259,44,16
2026-02-12 12:13:13.289552,33,49
2026-02-12 12:13:13.973715,76,14
2026-02-12 12:13:14.636991,31,5
2026-02-12 12:13:15.274351,32,42
2026-02-12 12:13:15.931867,65,48
2026-02-12 12:13:16.624032,38,31
2026-02-12 12:13:17.266790,30,50
2026-02-12 12:13:17.927057,38,13
2026-02-12 12:13:18.578263,82,34
2026-02-12 12:13:19.238744,43,50
2026-02-12 12:13:19.875081,32,11
2026-02-12 12:13:20.574463,0,17
2026-02-12 12:13:21.271413,100,24
2026-02-12 12:13:21.961784,91,32
2026-02-12 12:13:22.644429,33,15
2026-02-12 12:13:23.319078,82,13
2026-02-12 12:13:23.941559,21,15
2026-02-12 12:13:24.648693,54,11
2026-02-12 12:13:25.286027,18,32
2026-02-12 12:13:25.935271,3,20
2026-02-12 12:13:26.597373,82,14
2026-02-12 12:13:27.286580,94,30
2026-02-12 12:13:27.947129,98,26
2026-02-12 12:13:28.680146,95,43
2026-02-12 12:13:29.367047,8,17
2026-02-12 12:13:30.033675,6,26
2026-02-12 12:13:30.718825,50,38
2026-02-12 12:13:31.421964,93,3
2026-02-12 12:13:32.138154,57,31
2026-02-12 12:13:32.787546,19,50
2026-02-12 12:13:33.504831,54,36
2026-02-12 12:13:34.191957,91,44
2026-02-12 12:13:34.872029,25,19
2026-02-12 12:13:35.560167,82,50
2026-02-12 12:13:36.214197,41,12
2026-02-12 12:13:36.882924,15,43
2026-02-12 12:13:37.532409,97,11
2026-02-12 12:13:38.190338,67,24
2026-02-12 12:13:38.847693,71,13
2026-02-12 12:13:39.527690,96,17
2026-02-12 12:13:40.227625,33,37
2026-02-12 12:13:40.870728,1,1
2026-02-12 12:13:41.553682,49,29
2026-02-12 12:13:42.233526,87,40
2026-02-12 12:13:42.937001,70,48
2026-02-12 12:13:43.615095,37,20
2026-02-12 12:13:44.309186,42,48
2026-02-12 12:13:44.988892,64,7
2026-02-12 12:13:45.667569,100,46
2026-02-12 12:13:46.352632,64,42
2026-02-12 12:13:47.024240,11,0
2026-02-12 12:13:47.696605,31,24
2026-02-12 12:13:48.364173,43,24
2026-02-12 12:13:49.047991,65,15
2026-02-12 12:13:49.772974,87,29
2026-02-12 12:13:50.471197,97,46
2026-02-12 12:13:51.167512,78,43
2026-02-12 12:13:51.857355,7,5
2026-02-12 12:13:52.573592,36,27
2026-02-12 12:13:53.269502,60,41
2026-02-12 12:13:54.004298,26,12
2026-02-12 12:13:54.663577,88,40
2026-02-12 12:13:55.314915,82,28
2026-02-12 12:13:55.987111,40,46
2026-02-12 12:13:56.636313,54,46
2026-02-12 12:13:57.315641,92,44
2026-02-12 12:13:57.964319,62,46
2026-02-12 12:13:58.632557,50,38
2026-02-12 12:13:59.300223,83,33
2026-02-12 12:13:59.986111,13,22
2026-02-12 12:14:00.683857,62,50
2026-02-12 12:14:01.375230,34,1
2026-02-12 12:14:02.073544,84,16
2026-02-12 12:14:02.796913,34,25
2026-02-12 12:14:03.475852,67,20
2026-02-12 12:14:04.178412,37,26
2026-02-12 12:14:04.856954,41,45
2026-02-12 12:14:05.526983,93,13
2026-02-12 12:14:06.195388,60,43
2026-02-12 12:14:06.852480,76,48
2026-02-12 12:14:07.516934,82,46
2026-02-12 12:14:08.189990,98,13
2026-02-12 12:14:08.862886,3,1
2026-02-12 12:14:09.523677,77,10
2026-02-12 12:14:10.225786,87,9
2026-02-12 12:14:10.901978,32,34
2026-02-12 12:14:11.619254,7,33
2026-02-12 12:14:12.329449,11,47
2026-02-12 12:14:13.025431,73,35
2026-02-12 12:14:13.703069,46,27
2026-02-12 12:14:14.407629,42,38
2026-02-12 12:14:15.103013,88,3
2026-02-12 12:14:15.784286,69,5
2026-02-12 12:14:16.478831,26,3
2026-02-12 12:14:17.098829,30,2
2026-02-12 12:14:17.754251,23,38
2026-02-12 12:14:18.428821,27,9
2026-02-12 12:14:19.086200,34,14
2026-02-12 12:14:19.733071,73,0
2026-02-12 12:14:20.386470,81,16
2026-02-12 12:14:21.094971,21,16
2026-02-12 12:14:21.773908,93,6
2026-02-12 12:14:22.457496,54,37
2026-02-12 12:14:23.146844,50,44
2026-02-12 12:14:23.844194,30,2
2026-02-12 12:14:24.558316,9,6
2026-02-12 12:14:25.218671,95,25
2026-02-12 12:14:25.873806,9,35
2026-02-12 12:14:26.542700,3,13
2026-02-12 12:14:27.199659,9,9
2026-02-12 12:14:27.865127,48,4
2026-02-12 12:14:28.543549,12,33
2026-02-12 12:14:29.198109,16,32
2026-02-12 12:14:29.854796,28,11
2026-02-12 12:14:30.617432,5,13
2026-02-12 12:14:31.275132,17,21
2026-02-12 12:14:31.956068,28,2
2026-02-12 12:14:32.626952,48,4
2026-02-12 12:14:33.322198,74,19
2026-02-12 12:14:33.987852,90,28
2026-02-12 12:14:34.663690,31,32
2026-02-12 12:14:35.340692,48,7
2026-02-12 12:14:36.011705,70,5
2026-02-12 12:14:36.705037,76,21
2026-02-12 12:14:37.385289,71,41
2026-02-12 12:14:38.070401,22,42
2026-02-12 12:14:38.749722,12,47
2026-02-12 12:14:39.422605,52,39
2026-02-12 12:14:40.090218,43,21
2026-02-12 12:14:40.766302,74,33
2026-02-12 12:14:41.500517,32,41
2026-02-12 12:14:42.193702,23,27
2026-02-12 12:14:42.914241,82,4
2026-02-12 12:14:43.597376,47,45
2026-02-12 12:14:44.294259,11,5
2026-02-12 12:14:45.009848,70,2
2026-02-12 12:14:45.712558,52,11
2026-02-12 12:14:46.377651,83,46
2026-02-12 12:14:47.037366,75,6
2026-02-12 12:14:47.706873,59,23
2026-02-12 12:14:48.370789,65,41
2026-02-12 12:14:49.041311,24,12
2026-02-12 12:14:49.697170,66,25
2026-02-12 12:14:50.382406,54,0
2026-02-12 12:14:51.083003,94,40
2026-02-12 12:14:51.781795,2,16
2026-02-12 12:14:52.476115,5,39
2026-02-12 12:14:53.178477,9,47
2026-02-12 12:14:53.851685,41,13
2026-02-12 12:14:54.556216,43,28
2026-02-12 12:14:55.249694,48,41
2026-02-12 12:14:55.913300,80,47
2026-02-12 12:14:56.577175,65,41
2026-02-12 12:14:57.246898,59,45
2026-02-12 12:14:57.915950,61,48
2026-02-12 12:14:58.565575,24,48
2026-02-12 12:14:59.230520,7,39
2026-02-12 12:14:59.899354,60,13
2026-02-12 12:15:00.592105,63,17
2026-02-12 12:15:01.297446,47,49
2026-02-12 12:15:01.990846,44,6
2026-02-12 12:15:02.752387,57,8
2026-02-12 12:15:03.457934,59,37
2026-02-12 12:15:04.094395,77,30
2026-02-12 12:15:04.807919,16,34
2026-02-12 12:15:05.501027,96,28
2026-02-12 12:15:06.152388,97,9
2026-02-12 12:15:06.810663,54,25
2026-02-12 12:15:07.464835,66,13
2026-02-12 12:15:08.088762,6,6
2026-02-12 12:15:08.712074,17,47
2026-02-12 12:15:09.326674,76,25
2026-02-12 12:15:09.982539,91,49
2026-02-12 12:15:10.659610,43,36
2026-02-12 12:15:11.344747,38,18
2026-02-12 12:15:11.973469,22,48
2026-02-12 12:15:12.638839,45,24
2026-02-12 12:15:13.301425,39,33
2026-02-12 12:15:14.002819,24,42
2026-02-12 12:15:14.621127,76,30
2026-02-12 12:15:15.304824,100,24
2026-02-12 12:15:15.976700,20,41
2026-02-12 12:15:16.635813,40,1
2026-02-12 12:15:17.329000,78,36
2026-02-12 12:15:17.992041,9,43
2026-02-12 12:15:18.690875,18,31
2026-02-12 12:15:19.343959,82,42
2026-02-12 12:15:20.023762,79,30
2026-02-12 12:15:20.675517,91,30
2026-02-12 12:15:21.405163,59,26
2026-02-12 12:15:22.110043,82,48
2026-02-12 12:15:22.804094,26,7
2026-02-12 12:15:23.489157,18,5
2026-02-12 12:15:24.143842,43,23
2026-02-12 12:15:24.859511,35,35
2026-02-12 12:15:25.529802,10,40
2026-02-12 12:15:26.218767,98,38
2026-02-12 12:15:26.831702,4,42
2026-02-12 12:15:27.484519,32,36
2026-02-12 12:15:28.152268,10,2
2026-02-12 12:15:28.814499,39,30
2026-02-12 12:15:29.482194,44,36
2026-02-12 12:15:30.130151,64,44
2026-02-12 12:15:30.808430,45,27
2026-02-12 12:15:31.512728,55,45
2026-02-12 12:15:32.237224,63,40
2026-02-12 12:15:32.933312,70,15
2026-02-12 12:15:33.620693,14,40
2026-02-12 12:15:34.326595,47,21
2026-02-12 12:15:35.053653,0,15
2026-02-12 12:15:35.769629,96,0
2026-02-12 12:15:36.422425,18,18
2026-02-12 12:15:37.143587,98,6
2026-02-12 12:15:37.801702,94,35
2026-02-12 12:15:38.469508,72,49
2026-02-12 12:15:39.138292,27,28
2026-02-12 12:15:39.791038,31,17
2026-02-12 12:15:40.448582,86,0
2026-02-12 12:15:41.114525,84,5
2026-02-12 12:15:41.821059,74,20
2026-02-12 12:15:42.504305,92,43
2026-02-12 12:15:43.389190,27,18
2026-02-12 12:15:44.058795,72,50
2026-02-12 12:15:44.708692,80,14
2026-02-12 12:15:45.438768,92,5
2026-02-12 12:15:46.087820,15,42
2026-02-12 12:15:46.820609,74,44
2026-02-12 12:15:47.555539,69,33
2026-02-12 12:15:48.232192,91,4
2026-02-12 12:15:48.855549,58,33
2026-02-12 12:15:49.475259,37,37
2026-02-12 12:15:50.114105,43,37
2026-02-12 12:15:50.768858,8,10
2026-02-12 12:15:51.480514,75,2
2026-02-12 12:15:52.095722,34,21
2026-02-12 12:15:52.787475,42,12
2026-02-12 12:15:53.382538,39,20
2026-02-12 12:15:54.038933,46,19
2026-02-12 12:15:54.713444,6,16
2026-02-12 12:15:55.513201,6,25
2026-02-12 12:15:56.151243,99,45
2026-02-12 12:15:56.830664,69,46
2026-02-12 12:15:57.490226,59,23
2026-02-12 12:15:58.139640,10,23
2026-02-12 12:15:58.820890,23,35
2026-02-12 12:15:59.468080,0,50
2026-02-12 12:16:00.102604,61,4
2026-02-12 12:16:00.758398,13,3
2026-02-12 12:16:01.387744,74,29
2026-02-12 12:16:02.027037,99,48
2026-02-12 12:16:02.682241,33,2
2026-02-12 12:16:03.311420,97,31
2026-02-12 12:16:03.957088,16,26
2026-02-12 12:16:04.696195,49,0
2026-02-12 12:16:05.350199,38,50
2026-02-12 12:16:06.022065,27,24
2026-02-12 12:16:06.672557,65,25
2026-02-12 12:16:07.359133,68,6
2026-02-12 12:16:08.077918,55,38
2026-02-12 12:16:08.768344,7,37
2026-02-12 12:16:09.450123,83,14
2026-02-12 12:16:10.143332,56,12
2026-02-12 12:16:10.785092,100,24
2026-02-12 12:16:11.497465,93,14
2026-02-12 12:16:12.131120,0,35
2026-02-12 12:16:12.749160,0,24
2026-02-12 12:16:13.385832,44,5
2026-02-12 12:16:14.015147,19,18
2026-02-12 12:16:14.780034,58,27
2026-02-12 12:16:15.355111,45,33
2026-02-12 12:16:15.995517,48,50
2026-02-12 12:16:16.630620,4,15
2026-02-12 12:16:17.236209,22,18
2026-02-12 12:16:17.839025,26,5
2026-02-12 12:16:18.554882,33,24
2026-02-12 12:16:19.224236,84,5
2026-02-12 12:16:19.909179,23,37
2026-02-12 12:16:20.543032,35,1
2026-02-12 12:16:21.269481,21,23
2026-02-12 12:16:21.887456,18,7
2026-02-12 12:16:22.592509,81,50
2026-02-12 12:16:23.195575,86,18
2026-02-12 12:16:23.889406,35,20
2026-02-12 12:16:24.485956,65,39
2026-02-12 12:16:25.111865,26,11
2026-02-12 12:16:25.813473,18,7
2026-02-12 12:16:26.423674,100,45
2026-02-12 12:16:27.018536,12,16
2026-02-12 12:16:27.693441,8,42
2026-02-12 12:16:28.286883,21,8
2026-02-12 12:16:28.953446,61,40
2026-02-12 12:16:29.554070,53,43
2026-02-12 12:16:30.148906,8,18
2026-02-12 12:16:30.889188,2,18
2026-02-12 12:16:31.523373,3,27
2026-02-12 12:16:32.184241,2,23
2026-02-12 12:16:32.794413,15,24
2026-02-12 12:16:33.528847,98,7
2026-02-12 12:16:34.210602,57,14
2026-02-12 12:16:34.881635,87,30
2026-02-12 12:16:35.474809,14,29
2026-02-12 12:16:36.189023,44,24
2026-02-12 12:16:36.833468,45,48
2026-02-12 12:16:37.557140,99,29
2026-02-12 12:16:38.150056,45,0
2026-02-12 12:16:38.849334,84,10
2026-02-12 12:16:39.460951,35,41
2026-02-12 12:16:40.146692,96,42
2026-02-12 12:16:40.746110,5,6
2026-02-12 12:16:41.352584,32,17
2026-02-12 12:16:41.949611,67,14
2026-02-12 12:16:42.564933,16,29
2026-02-12 12:16:43.161993,77,34
2026-02-12 12:16:43.745158,37,25
2026-02-12 12:16:44.384004,31,41
2026-02-12 12:16:44.997044,56,6
2026-02-12 12:16:45.653197,94,20
2026-02-12 12:16:46.286034,60,3
2026-02-12 12:16:47.067610,57,28
2026-02-12 12:16:47.690603,95,3
2026-02-12 12:16:48.392832,92,2
2026-02-12 12:16:49.043747,76,2
2026-02-12 12:16:49.696127,65,5
2026-02-12 12:16:50.359930,51,28
2026-02-12 12:16:50.978130,87,12
2026-02-12 12:16:51.594459,81,20
2026-02-12 12:16:52.232810,87,39
2026-02-12 12:16:52.874150,96,25
2026-02-12 12:16:53.493213,55,10
2026-02-12 12:16:54.142217,83,10
2026-02-12 12:16:54.775359,91,12
2026-02-12 12:16:55.433799,64,12
2026-02-12 12:16:56.084802,79,11
2026-02-12 12:16:56.764009,59,7
2026-02-12 12:16:57.391281,85,25
2026-02-12 12:16:58.054538,18,32
2026-02-12 12:16:58.761274,86,7
2026-02-12 12:16:59.425991,86,9
2026-02-12 12:17:00.096990,77,18
2026-02-12 12:17:00.732506,2,29
2026-02-12 12:17:01.345013,57,36
2026-02-12 12:17:02.013838,77,15
2026-02-12 12:17:02.660218,4,8
2026-02-12 12:17:03.326891,66,25
2026-02-12 12:17:03.946753,81,47
2026-02-12 12:17:04.592565,1,46
2026-02-12 12:17:05.243353,94,11
2026-02-12 12:17:05.963826,97,50
2026-02-12 12:17:06.629738,2,44
2026-02-12 12:17:07.376718,63,3
2026-02-12 12:17:08.040076,54,3
2026-02-12 12:17:08.744314,23,4
2026-02-12 12:17:09.391479,44,3
2026-02-12 12:17:10.094766,90,1
2026-02-12 12:17:10.711397,9,37
2026-02-12 12:17:11.346460,75,49
2026-02-12 12:17:11.993813,92,28
2026-02-12 12:17:12.727638,35,39
2026-02-12 12:17:13.425121,22,23
2026-02-12 12:17:14.126575,36,49
2026-02-12 12:17:14.790003,49,37
2026-02-12 12:17:15.493729,81,19
2026-02-12 12:17:16.141958,2,6
2026-02-12 12:17:16.844122,25,12
2026-02-12 12:17:17.564221,25,33
2026-02-12 12:17:18.211359,47,46
2026-02-12 12:17:18.854896,83,40
2026-02-12 12:17:19.489419,87,4
2026-02-12 12:17:20.179639,23,30
2026-02-12 12:17:20.851480,0,25
2026-02-12 12:17:21.563471,76,22
2026-02-12 12:17:22.232543,32,41
2026-02-12 12:17:22.872421,16,17
2026-02-12 12:17:23.595255,43,31
2026-02-12 12:17:24.268284,66,7
2026-02-12 12:17:24.895485,27,15
2026-02-12 12:17:25.507453,41,8
2026-02-12 12:17:26.104347,81,24
2026-02-12 12:17:26.740489,95,22
2026-02-12 12:17:27.410707,50,14
2026-02-12 12:17:28.029318,16,46
2026-02-12 12:17:28.672506,18,0
2026-02-12 12:17:29.310209,78,5
2026-02-12 12:17:29.929278,50,48
2026-02-12 12:17:30.544717,22,18
2026-02-12 12:17:31.178129,0,46
2026-02-12 12:17:31.861136,54,47
2026-02-12 12:17:32.506273,83,43
2026-02-12 12:17:33.126461,48,19
2026-02-12 12:17:33.825878,22,11
2026-02-12 12:17:34.443859,23,9
2026-02-12 12:17:35.091534,24,9
2026-02-12 12:17:35.742860,100,13
2026-02-12 12:17:36.359227,93,6
2026-02-12 12:17:36.979359,20,14
2026-02-12 12:17:37.604317,54,5
2026-02-12 12:17:38.320158,34,25
2026-02-12 12:17:39.095399,82,17
2026-02-12 12:17:39.721843,67,12
2026-02-12 12:17:40.361405,80,0
2026-02-12 12:17:40.976395,53,22
2026-02-12 12:17:41.600617,5,26
2026-02-12 12:17:42.284191,47,46
2026-02-12 12:17:42.939140,60,43
2026-02-12 12:17:43.573782,69,12
2026-02-12 12:17:44.356843,96,34
2026-02-12 12:17:45.019329,9,12
2026-02-12 12:17:45.644937,51,17
2026-02-12 12:17:46.330364,18,14
2026-02-12 12:17:47.003154,9,31
2026-02-12 12:17:47.672524,41,47
2026-02-12 12:17:48.359363,45,11
2026-02-12 12:17:49.029814,20,0
2026-02-12 12:17:49.672189,76,23
2026-02-12 12:17:50.317064,50,50
2026-02-12 12:17:50.984204,40,6
2026-02-12 12:17:51.681282,20,8
2026-02-12 12:17:52.383012,29,31
2026-02-12 12:17:53.071103,44,4
2026-02-12 12:17:53.747636,6,15
2026-02-12 12:17:54.425928,5,45
2026-02-12 12:17:55.113523,61,42
2026-02-12 12:17:55.766056,82,43
2026-02-12 12:17:56.415956,80,14
2026-02-12 12:17:57.042804,6,39
2026-02-12 12:17:57.700761,87,46
2026-02-12 12:17:58.330497,53,43
2026-02-12 12:17:58.971393,63,9
2026-02-12 12:17:59.614505,46,43
2026-02-12 12:18:00.258348,31,38
2026-02-12 12:18:00.879585,48,10
2026-02-12 12:18:01.497177,37,33
2026-02-12 12:18:02.095240,46,33
2026-02-12 12:18:02.726408,100,44
2026-02-12 12:18:03.348628,57,34
2026-02-12 12:18:03.955235,23,8
2026-02-12 12:18:04.639176,57,17
2026-02-12 12:18:05.304947,1,9
2026-02-12 12:18:05.981551,71,43
2026-02-12 12:18:06.619648,94,40
2026-02-12 12:18:07.280796,54,48
2026-02-12 12:18:07.920812,31,22
2026-02-12 12:18:08.559089,28,17
2026-02-12 12:18:09.195002,11,7
2026-02-12 12:18:09.805553,20,15
2026-02-12 12:18:10.412953,88,16
2026-02-12 12:18:11.012301,57,9
2026-02-12 12:18:11.639107,15,47
2026-02-12 12:18:12.255449,32,36
2026-02-12 12:18:12.876271,31,1
2026-02-12 12:18:13.588437,16,14
2026-02-12 12:18:14.217937,73,45
2026-02-12 12:18:14.827749,89,25
2026-02-12 12:18:15.500945,11,8
2026-02-12 12:18:16.184155,66,10
2026-02-12 12:18:16.839961,90,20
2026-02-12 12:18:17.490472,4,23
2026-02-12 12:18:18.121439,81,20
2026-02-12 12:18:18.792298,94,50
2026-02-12 12:18:19.452492,32,23
2026-02-12 12:18:20.055852,94,40
2026-02-12 12:18:20.678976,96,19
2026-02-12 12:18:21.321736,32,35
2026-02-12 12:18:22.019508,94,8
2026-02-12 12:18:22.699213,97,45
2026-02-12 12:18:23.377462,67,35
2026-02-12 12:18:24.090534,94,45
2026-02-12 12:18:24.778987,50,40
2026-02-12 12:18:25.461353,28,3
2026-02-12 12:18:26.152274,21,34
2026-02-12 12:18:26.838847,22,24
2026-02-12 12:18:27.486256,39,40
2026-02-12 12:18:28.135029,2,4
2026-02-12 12:18:28.795079,97,37
2026-02-12 12:18:29.431286,93,20
2026-02-12 12:18:30.077004,4,8
2026-02-12 12:18:30.710751,3,29
2026-02-12 12:18:31.304918,82,3
2026-02-12 12:18:31.946141,9,36
2026-02-12 12:18:32.573790,5,28
2026-02-12 12:18:33.234108,24,43
2026-02-12 12:18:33.928376,91,6
2026-02-12 12:18:34.615590,65,28
2026-02-12 12:18:35.249699,42,43
2026-02-12 12:18:35.879063,31,43
2026-02-12 12:18:36.525598,4,5
2026-02-12 12:18:37.173399,61,4
2026-02-12 12:18:37.864161,62,38
2026-02-12 12:18:38.518719,98,13
2026-02-12 12:18:39.170057,38,1
2026-02-12 12:18:39.809594,8,36
2026-02-12 12:18:40.450998,9,38
2026-02-12 12:18:41.106985,10,45
2026-02-12 12:18:41.799076,70,48
2026-02-12 12:18:42.486673,10,25
2026-02-12 12:18:43.152128,43,25
2026-02-12 12:18:43.832991,59,16
2026-02-12 12:18:44.452482,8,45
2026-02-12 12:18:45.108141,21,41
2026-02-12 12:18:45.768648,2,36
2026-02-12 12:18:46.457528,8,47
2026-02-12 12:18:47.101529,8,16
2026-02-12 12:18:47.729391,80,8
2026-02-12 12:18:48.372287,24,27
2026-02-12 12:18:49.017417,100,2
2026-02-12 12:18:49.667282,35,30
2026-02-12 12:18:50.304773,29,46
2026-02-12 12:18:50.941699,33,33
2026-02-12 12:18:51.592675,48,23
2026-02-12 12:18:52.279835,61,45
2026-02-12 12:18:52.972114,16,13
2026-02-12 12:18:53.638114,96,42
2026-02-12 12:18:54.300901,88,30
2026-02-12 12:18:54.937996,99,23
2026-02-12 12:18:55.596716,42,18
2026-02-12 12:18:56.260851,42,22
2026-02-12 12:18:56.906895,95,10
2026-02-12 12:18:57.538259,55,23
2026-02-12 12:18:58.197185,0,11
2026-02-12 12:18:58.838390,47,30
2026-02-12 12:18:59.478156,85,36
2026-02-12 12:19:00.120353,75,0
2026-02-12 12:19:00.749512,10,38
2026-02-12 12:19:01.386559,69,12
2026-02-12 12:19:02.025004,67,14
2026-02-12 12:19:02.637194,35,30
2026-02-12 12:19:03.305508,51,44
2026-02-12 12:19:03.991208,76,26
2026-02-12 12:19:04.626456,67,22
2026-02-12 12:19:05.224539,15,49
2026-02-12 12:19:05.827666,23,31
2026-02-12 12:19:06.457722,54,15
2026-02-12 12:19:07.131251,94,44
2026-02-12 12:19:07.785238,89,15
2026-02-12 12:19:08.491114,85,1
2026-02-12 12:19:09.225389,58,17
2026-02-12 12:19:09.879643,13,7
2026-02-12 12:19:10.524726,52,21
2026-02-12 12:19:11.168722,17,39
2026-02-12 12:19:11.820187,93,16
2026-02-12 12:19:12.510315,63,13
2026-02-12 12:19:13.191185,93,30
2026-02-12 12:19:13.891232,6,9
2026-02-12 12:19:14.560283,84,22
2026-02-12 12:19:15.236415,25,20
2026-02-12 12:19:15.915153,81,8
2026-02-12 12:19:16.564426,90,8
2026-02-12 12:19:17.219394,51,8
2026-02-12 12:19:17.860844,81,2
2026-02-12 12:19:18.509475,71,5
2026-02-12 12:19:19.116298,8,4
2026-02-12 12:19:19.765757,46,5
2026-02-12 12:19:20.399238,76,13
2026-02-12 12:19:21.040947,46,39
2026-02-12 12:19:21.747507,59,17
2026-02-12 12:19:22.420202,96,2
2026-02-12 12:19:23.104619,86,10
2026-02-12 12:19:23.734918,67,31
2026-02-12 12:19:24.385982,27,34
2026-02-12 12:19:25.044114,90,18
2026-02-12 12:19:25.706094,26,6
2026-02-12 12:19:26.340810,23,20
2026-02-12 12:19:26.972022,58,16
2026-02-12 12:19:27.617945,63,25
2026-02-12 12:19:28.274742,32,25
2026-02-12 12:19:28.905027,96,4
2026-02-12 12:19:29.540463,29,37
2026-02-12 12:19:30.180682,98,10
2026-02-12 12:19:30.842775,3,8
2026-02-12 12:19:31.496948,4,12
2026-02-12 12:19:32.141916,51,46
2026-02-12 12:19:32.758950,62,9
2026-02-12 12:19:33.453841,76,8
2026-02-12 12:19:34.118185,15,0
2026-02-12 12:19:34.796033,91,15
2026-02-12 12:19:35.394806,19,35
2026-02-12 12:19:36.037358,92,15
2026-02-12 12:19:36.702935,77,14
2026-02-12 12:19:37.367135,37,25
2026-02-12 12:19:38.023291,20,33
2026-02-12 12:19:38.671643,21,27
2026-02-12 12:19:39.333724,60,5
2026-02-12 12:19:40.000811,62,41
2026-02-12 12:19:40.640288,58,27
2026-02-12 12:19:41.267188,21,49
2026-02-12 12:19:41.901521,96,12
2026-02-12 12:19:42.550341,63,21
2026-02-12 12:19:43.175174,70,28
2026-02-12 12:19:43.812780,11,43
2026-02-12 12:19:44.492592,17,9
2026-02-12 12:19:45.167477,74,31
2026-02-12 12:19:45.889434,42,23
2026-02-12 12:19:46.505864,55,47
2026-02-12 12:19:47.177507,46,24
2026-02-12 12:19:47.841699,0,10
2026-02-12 12:19:48.489716,85,13
2026-02-12 12:19:49.146094,7,37
2026-02-12 12:19:49.814815,31,6
2026-02-12 12:19:50.486602,4,21
2026-02-12 12:19:51.125227,60,12
2026-02-12 12:19:51.742540,51,34
2026-02-12 12:19:52.386353,4,36
2026-02-12 12:19:52.993660,28,32
2026-02-12 12:19:53.651209,3,44
2026-02-12 12:19:54.370375,2,46
2026-02-12 12:19:55.068811,35,35
2026-02-12 12:19:55.725453,54,5
2026-02-12 12:19:56.425984,51,24
2026-02-12 12:19:57.102943,72,11
2026-02-12 12:19:57.809682,71,15
2026-02-12 12:19:58.480075,22,30
2026-02-12 12:19:59.126447,94,12
2026-02-12 12:19:59.773360,87,30
2026-02-12 12:20:00.415295,88,34
2026-02-12 12:20:01.066430,32,19
2026-02-12 12:20:01.759461,32,32
2026-02-12 12:20:02.397229,39,9
2026-02-12 12:20:03.056785,13,23
2026-02-12 12:20:03.748747,42,19
2026-02-12 12:20:04.398653,83,40
2026-02-12 12:20:05.058250,47,42
2026-02-12 12:20:05.660233,58,46
2026-02-12 12:20:06.356185,90,49
2026-02-12 12:20:07.041772,100,28
2026-02-12 12:20:07.707805,4,25
2026-02-12 12:20:08.327737,94,33
2026-02-12 12:20:08.973671,4,34
2026-02-12 12:20:09.623117,52,49
2026-02-12 12:20:10.259083,33,50
2026-02-12 12:20:10.900255,91,38
2026-02-12 12:20:11.554934,38,45
2026-02-12 12:20:12.193688,8,48
2026-02-12 12:20:12.870210,74,22
2026-02-12 12:20:13.524287,36,2
2026-02-12 12:20:14.202068,8,49
2026-02-12 12:20:14.883754,20,17
2026-02-12 12:20:15.573702,37,42
2026-02-12 12:20:16.233454,67,1
2026-02-12 12:20:16.919412,0,11
2026-02-12 12:20:17.590436,11,39
2026-02-12 12:20:18.235466,43,28
2026-02-12 12:20:18.869701,81,2
2026-02-12 12:20:19.526137,1,40
2026-02-12 12:20:20.167749,54,23
2026-02-12 12:20:20.843221,17,36
2026-02-12 12:20:21.514183,75,9
2026-02-12 12:20:22.152575,91,14
2026-02-12 12:20:22.810294,15,42
2026-02-12 12:20:23.456250,25,41
2026-02-12 12:20:24.157862,38,11
2026-02-12 12:20:24.831620,1,32
2026-02-12 12:20:25.526865,90,22
2026-02-12 12:20:26.213975,47,42
2026-02-12 12:20:26.900684,11,11
2026-02-12 12:20:27.586386,55,17
2026-02-12 12:20:28.266406,12,21
2026-02-12 12:20:28.906543,53,28
2026-02-12 12:20:29.651529,26,17
2026-02-12 12:20:30.514682,55,37
2026-02-12 12:20:31.154813,7,50
2026-02-12 12:20:31.826612,92,3
2026-02-12 12:20:32.488565,76,24
2026-02-12 12:20:33.147703,53,0
2026-02-12 12:20:33.739315,35,17
2026-02-12 12:20:34.363378,58,2
2026-02-12 12:20:34.955620,82,37
2026-02-12 12:20:35.590930,0,19
2026-02-12 12:20:36.179919,72,1
2026-02-12 12:20:36.777488,62,5
2026-02-12 12:20:37.374649,78,47
2026-02-12 12:20:37.979428,13,4
2026-02-12 12:20:38.596103,51,23
2026-02-12 12:20:39.198761,36,9
2026-02-12 12:20:39.797805,23,32
2026-02-12 12:20:40.391122,11,0
2026-02-12 12:20:40.986649,90,44
2026-02-12 12:20:41.586126,3,10
2026-02-12 12:20:42.180647,37,29
2026-02-12 12:20:42.769269,29,50
2026-02-12 12:20:43.365146,8,11
2026-02-12 12:20:43.955188,15,2
2026-02-12 12:20:44.556563,50,38
2026-02-12 12:20:45.161232,7,35
2026-02-12 12:20:45.755827,46,10
2026-02-12 12:20:46.349003,61,40
2026-02-12 12:20:46.952433,87,37
2026-02-12 12:20:47.554692,3,17
2026-02-12 12:20:48.154123,49,6
2026-02-12 12:20:48.748350,33,12
2026-02-12 12:20:49.335325,8,3
2026-02-12 12:20:49.930458,60,0
2026-02-12 12:20:50.527010,44,17
2026-02-12 12:20:51.125515,8,46
2026-02-12 12:20:51.722963,1,39
2026-02-12 12:20:52.313025,58,27
2026-02-12 12:20:52.905260,99,2
2026-02-12 12:20:53.487773,76,43
2026-02-12 12:20:54.085796,3,15
2026-02-12 12:20:54.679030,33,50
2026-02-12 12:20:55.271759,81,25
2026-02-12 12:20:55.866166,48,24
2026-02-12 12:20:56.458300,11,33
2026-02-12 12:20:57.061118,77,24
2026-02-12 12:20:57.673702,45,3
2026-02-12 12:20:58.268136,72,29
2026-02-12 12:20:58.861863,34,15
2026-02-12 12:20:59.455610,23,28
2026-02-12 12:21:00.048194,88,1
2026-02-12 12:21:00.643562,50,47
2026-02-12 12:21:01.236655,96,47
2026-02-12 12:21:01.836112,86,10
2026-02-12 12:21:02.426355,12,42
2026-02-12 12:21:03.020270,59,26
2026-02-12 12:21:03.626590,0,2
2026-02-12 12:21:04.307239,52,28
2026-02-12 12:21:04.914110,71,5
2026-02-12 12:21:05.514320,65,42
2026-02-12 12:21:06.190051,96,48
2026-02-12 12:21:06.815461,60,14
2026-02-12 12:21:07.427972,4,11
2026-02-12 12:21:08.039638,19,27
2026-02-12 12:21:08.700438,25,3
2026-02-12 12:21:09.401141,7,11
2026-02-12 12:21:10.026785,69,33
2026-02-12 12:21:10.636741,49,21
2026-02-12 12:21:11.278479,17,15
2026-02-12 12:21:11.910436,27,3
2026-02-12 12:21:12.529277,67,25
2026-02-12 12:21:13.160706,89,6
2026-02-12 12:21:13.773591,87,46
2026-02-12 12:21:14.493545,100,26
2026-02-12 12:21:15.139451,90,1
2026-02-12 12:21:15.749493,44,42
2026-02-12 12:21:16.393403,57,22
2026-02-12 12:21:17.066006,50,39
2026-02-12 12:21:17.697794,61,16
2026-02-12 12:21:18.376986,17,19
2026-02-12 12:21:19.129781,82,31
2026-02-12 12:21:19.762378,45,28
2026-02-12 12:21:20.366436,2,16
2026-02-12 12:21:20.991434,11,1
2026-02-12 12:21:21.600228,86,8
2026-02-12 12:21:22.259083,32,22
2026-02-12 12:21:22.960640,87,48
2026-02-12 12:21:23.589506,76,36
2026-02-12 12:21:24.306969,91,28
2026-02-12 12:21:24.909487,51,11
2026-02-12 12:21:25.509366,62,38
2026-02-12 12:21:26.127020,10,7
2026-02-12 12:21:26.879308,94,28
2026-02-12 12:21:27.575229,7,44
2026-02-12 12:21:28.205509,8,38
2026-02-12 12:21:28.800159,65,41
2026-02-12 12:21:29.427602,73,18
2026-02-12 12:21:30.029678,66,14
2026-02-12 12:21:30.631784,3,22
2026-02-12 12:21:31.229786,45,9
2026-02-12 12:21:31.832375,35,42
2026-02-12 12:21:32.498374,48,24
2026-02-12 12:21:33.145076,31,39
2026-02-12 12:21:33.750973,28,27
2026-02-12 12:21:34.349963,85,2
2026-02-12 12:21:34.989160,6,8
2026-02-12 12:21:35.646804,75,19
2026-02-12 12:21:36.304001,63,11
2026-02-12 12:21:36.889598,22,11
2026-02-12 12:21:37.488059,37,25
2026-02-12 12:21:38.129384,42,22
2026-02-12 12:21:38.723275,91,39
2026-02-12 12:21:39.352493,91,39
2026-02-12 12:21:39.962365,62,30
2026-02-12 12:21:40.587104,65,10
2026-02-12 12:21:41.208643,2,50
2026-02-12 12:21:41.822866,56,15
2026-02-12 12:21:42.472231,68,18
2026-02-12 12:21:43.078470,48,2
2026-02-12 12:21:43.686364,82,0
2026-02-12 12:21:44.311564,73,0
2026-02-12 12:21:44.960414,18,13
2026-02-12 12:21:45.656972,79,32
2026-02-12 12:21:46.296183,6,16
2026-02-12 12:21:46.860337,71,45
2026-02-12 12:21:47.440437,84,7
2026-02-12 12:21:48.079477,48,35
2026-02-12 12:21:48.738987,40,19
2026-02-12 12:21:49.402932,32,11
2026-02-12 12:21:50.028214,63,35
2026-02-12 12:21:50.704249,41,14
2026-02-12 12:21:51.349920,51,17
2026-02-12 12:21:51.996674,19,7
2026-02-12 12:21:52.608428,69,43
2026-02-12 12:21:53.207657,88,2
2026-02-12 12:21:53.840486,88,34
2026-02-12 12:21:54.495158,50,1
2026-02-12 12:21:55.091856,86,21
2026-02-12 12:21:55.701157,11,4
2026-02-12 12:21:56.286112,24,22
2026-02-12 12:21:56.897455,94,6
2026-02-12 12:21:57.541574,37,42
2026-02-12 12:21:58.189019,28,17
2026-02-12 12:21:58.778789,61,10
2026-02-12 12:21:59.380644,10,23
2026-02-12 12:21:59.984441,59,24
2026-02-12 12:22:00.651942,76,6
2026-02-12 12:22:01.262586,88,27
2026-02-12 12:22:01.871359,94,17
2026-02-12 12:22:02.474271,20,37
2026-02-12 12:22:03.070947,78,35
2026-02-12 12:22:03.660355,79,23
2026-02-12 12:22:04.294412,33,25
2026-02-12 12:22:04.897664,23,5
2026-02-12 12:22:05.544143,16,42
2026-02-12 12:22:06.152961,93,19
2026-02-12 12:22:06.758061,24,12
2026-02-12 12:22:07.376809,70,47
2026-02-12 12:22:07.988915,70,9
2026-02-12 12:22:08.599311,93,43
2026-02-12 12:22:09.180570,74,15
2026-02-12 12:22:09.773322,45,41
2026-02-12 12:22:10.374209,7,2
2026-02-12 12:22:11.009934,39,38
2026-02-12 12:22:11.610012,85,42
2026-02-12 12:22:12.211190,93,17
2026-02-12 12:22:12.822290,12,32
2026-02-12 12:22:13.431970,1,13
2026-02-12 12:22:14.100992,69,43
2026-02-12 12:22:14.720209,26,42
2026-02-12 12:22:15.337731,33,5
2026-02-12 12:22:16.014555,86,33
2026-02-12 12:22:16.664384,39,44
2026-02-12 12:22:17.264606,25,22
2026-02-12 12:22:17.873654,7,19
2026-02-12 12:22:18.490137,70,5
2026-02-12 12:22:19.122673,41,17
2026-02-12 12:22:19.749454,31,6
2026-02-12 12:22:20.394699,21,34
2026-02-12 12:22:20.995277,48,16
2026-02-12 12:22:21.603936,44,23
2026-02-12 12:22:22.225615,87,33
2026-02-12 12:22:22.854078,87,44
2026-02-12 12:22:23.477237,3,30
2026-02-12 12:22:24.073726,34,29
2026-02-12 12:22:24.680865,69,33
2026-02-12 12:22:25.357297,78,43
2026-02-12 12:22:25.962145,8,42
2026-02-12 12:22:26.586265,13,27
2026-02-12 12:22:27.247773,10,29
2026-02-12 12:22:27.880853,39,49
2026-02-12 12:22:28.578407,41,23
2026-02-12 12:22:29.198524,23,23
2026-02-12 12:22:29.803259,26,42
2026-02-12 12:22:30.414700,56,7
2026-02-12 12:22:31.087002,11,18
2026-02-12 12:22:31.704784,65,39
2026-02-12 12:22:32.303786,16,1
2026-02-12 12:22:32.920441,6,50
2026-02-12 12:22:33.564584,39,6
2026-02-12 12:22:34.173562,15,3
2026-02-12 12:22:34.792594,61,17
2026-02-12 12:22:35.400027,71,49
2026-02-12 12:22:35.998582,33,12
2026-02-12 12:22:36.615546,18,9
2026-02-12 12:22:37.270994,80,3
2026-02-12 12:22:37.916214,57,2
2026-02-12 12:22:38.537372,59,1
2026-02-12 12:22:39.128430,60,46
2026-02-12 12:22:39.795926,52,50
2026-02-12 12:22:40.433759,20,17
2026-02-12 12:22:41.072293,28,39
2026-02-12 12:22:41.710471,15,45
2026-02-12 12:22:42.290564,0,28
2026-02-12 12:22:42.886576,28,50
2026-02-12 12:22:43.451523,57,33
2026-02-12 12:22:44.081876,97,35
2026-02-12 12:22:44.707168,69,27
2026-02-12 12:22:45.316001,40,9
2026-02-12 12:22:45.909313,25,42
2026-02-12 12:22:46.507848,26,21
2026-02-12 12:22:47.101977,39,24
2026-02-12 12:22:47.724384,8,7
2026-02-12 12:22:48.319588,45,0
2026-02-12 12:22:48.922149,14,36
2026-02-12 12:22:49.521703,69,44
2026-02-12 12:22:50.124439,62,23
2026-02-12 12:22:50.708842,92,33
2026-02-12 12:22:51.317422,21,22
2026-02-12 12:22:51.913805,90,6
2026-02-12 12:22:52.511949,82,39
2026-02-12 12:22:53.129013,57,1
2026-02-12 12:22:53.721952,51,0
2026-02-12 12:22:54.328016,56,23
2026-02-12 12:22:54.953046,44,17
2026-02-12 12:22:55.556178,70,26
2026-02-12 12:22:56.155747,9,2
2026-02-12 12:22:56.767553,100,26
2026-02-12 12:22:57.372700,22,33
2026-02-12 12:22:57.974131,27,10
2026-02-12 12:22:58.575283,13,0
2026-02-12 12:22:59.169344,28,42
2026-02-12 12:22:59.765805,12,43
2026-02-12 12:23:00.352223,49,2
2026-02-12 12:23:00.941582,76,22
2026-02-12 12:23:01.559122,79,22
2026-02-12 12:23:02.163501,1,24
2026-02-12 12:23:02.768636,96,32
2026-02-12 12:23:03.485111,66,5
2026-02-12 12:23:04.084644,20,23
2026-02-12 12:23:04.696796,21,17
2026-02-12 12:23:05.276495,42,50
2026-02-12 12:23:05.862932,96,27
2026-02-12 12:23:06.442981,10,5
2026-02-12 12:23:07.059552,50,13
2026-02-12 12:23:07.660347,86,8
2026-02-12 12:23:08.233887,40,5
2026-02-12 12:23:08.815840,77,19
2026-02-12 12:23:09.388157,22,4
2026-02-12 12:23:10.019145,69,26
2026-02-12 12:23:10.606570,87,32
2026-02-12 12:23:11.219698,20,34
2026-02-12 12:23:11.844927,98,29
2026-02-12 12:23:12.439686,47,41
2026-02-12 12:23:13.044733,84,23
2026-02-12 12:23:13.643057,44,29
2026-02-12 12:23:14.254114,49,14
2026-02-12 12:23:14.882213,77,5
2026-02-12 12:23:15.547634,31,2
2026-02-12 12:23:16.156007,93,25
2026-02-12 12:23:16.749565,6,50
2026-02-12 12:23:17.337772,67,12
2026-02-12 12:23:17.949411,41,1
2026-02-12 12:23:18.558558,67,10
2026-02-12 12:23:19.140602,1,32
2026-02-12 12:23:19.708237,84,41
2026-02-12 12:23:20.307314,13,45
2026-02-12 12:23:20.926699,29,5
2026-02-12 12:23:21.559047,31,49
2026-02-12 12:23:22.155240,42,43
2026-02-12 12:23:22.749929,98,48
2026-02-12 12:23:23.363132,98,22
2026-02-12 12:23:23.956751,55,49
2026-02-12 12:23:24.520435,50,21
2026-02-12 12:23:25.087047,54,32
2026-02-12 12:23:25.690816,51,23
2026-02-12 12:23:26.334499,20,25
2026-02-12 12:23:26.935822,26,28
2026-02-12 12:23:27.532470,13,3
2026-02-12 12:23:28.127197,34,5
2026-02-12 12:23:28.723343,33,43
2026-02-12 12:23:29.328470,35,11
2026-02-12 12:23:29.925383,36,9
2026-02-12 12:23:30.530965,53,1
2026-02-12 12:23:31.103475,80,27
2026-02-12 12:23:31.762548,99,37
2026-02-12 12:23:32.376191,55,24
2026-02-12 12:23:32.971553,27,47
2026-02-12 12:23:33.578331,93,20
2026-02-12 12:23:34.174295,54,6
2026-02-12 12:23:34.774500,55,39
2026-02-12 12:23:35.387007,58,19
2026-02-12 12:23:35.979901,0,11
2026-02-12 12:23:36.578399,35,42
2026-02-12 12:23:37.184641,66,4
2026-02-12 12:23:37.778753,66,9
2026-02-12 12:23:38.380404,87,29
2026-02-12 12:23:38.975408,79,26
2026-02-12 12:23:39.567437,50,38
2026-02-12 12:23:40.172254,42,10
2026-02-12 12:23:40.810039,91,33
2026-02-12 12:23:41.406919,61,45
2026-02-12 12:23:42.001318,71,50
2026-02-12 12:23:42.627398,38,34
2026-02-12 12:23:43.225193,11,13
2026-02-12 12:23:43.828982,28,43
2026-02-12 12:23:44.425750,21,31
2026-02-12 12:23:45.087692,59,29
2026-02-12 12:23:45.681138,48,47
2026-02-12 12:23:46.280382,7,1
2026-02-12 12:23:46.878131,73,43
2026-02-12 12:23:47.474282,75,50
2026-02-12 12:23:48.127376,48,16
2026-02-12 12:23:48.719354,63,36
2026-02-12 12:23:49.388334,80,39
2026-02-12 12:23:50.027170,44,24
2026-02-12 12:23:50.622266,44,40
2026-02-12 12:23:51.218106,93,30
2026-02-12 12:23:51.827588,62,39
2026-02-12 12:23:52.462948,68,4
2026-02-12 12:23:53.064513,99,32
2026-02-12 12:23:53.659039,64,36
2026-02-12 12:23:54.247782,41,26
2026-02-12 12:23:54.853572,8,11
2026-02-12 12:23:55.491627,28,15
2026-02-12 12:23:56.083047,95,9
2026-02-12 12:23:56.678137,42,10
2026-02-12 12:23:57.273228,5,40
2026-02-12 12:23:57.867866,48,50
2026-02-12 12:23:58.462106,57,11
2026-02-12 12:23:59.057614,62,37
2026-02-12 12:23:59.722163,37,44
2026-02-12 12:24:00.321403,75,30
2026-02-12 12:24:00.931727,57,34
2026-02-12 12:24:01.531648,6,19
2026-02-12 12:24:02.158904,62,47
2026-02-12 12:24:02.815683,35,21
2026-02-12 12:24:03.392794,76,4
2026-02-12 12:24:04.012442,84,29
2026-02-12 12:24:04.627495,22,31
2026-02-12 12:24:05.259935,1,15
2026-02-12 12:24:05.861833,66,32
2026-02-12 12:24:06.467339,64,35
2026-02-12 12:24:07.104378,55,9
2026-02-12 12:24:07.697272,14,18
2026-02-12 12:24:08.342114,1,32
2026-02-12 12:24:08.947990,58,38
2026-02-12 12:24:09.543567,25,37
2026-02-12 12:24:10.150220,35,14
2026-02-12 12:24:10.739274,64,21
2026-02-12 12:24:11.361226,12,4
2026-02-12 12:24:11.964019,57,3
2026-02-12 12:24:12.590032,10,25
2026-02-12 12:24:13.184214,24,16
2026-02-12 12:24:13.825726,48,21
2026-02-12 12:24:14.416951,87,5
2026-02-12 12:24:15.040987,46,17
2026-02-12 12:24:15.672977,39,0
2026-02-12 12:24:16.274175,9,13
2026-02-12 12:24:16.901673,70,44
2026-02-12 12:24:17.567217,42,7
2026-02-12 12:24:18.170901,0,40
2026-02-12 12:24:18.774746,100,11
2026-02-12 12:24:19.394247,20,25
2026-02-12 12:24:19.974830,19,17
2026-02-12 12:24:20.564276,13,25
2026-02-12 12:24:21.197636,99,11
2026-02-12 12:24:21.826762,90,25
2026-02-12 12:24:22.453580,39,17
2026-02-12 12:24:23.056320,89,20
2026-02-12 12:24:23.660033,3,29
2026-02-12 12:24:24.257858,85,13
2026-02-12 12:24:24.890604,59,12
2026-02-12 12:24:25.499860,33,35
2026-02-12 12:24:26.097171,83,30
2026-02-12 12:24:26.697378,84,7
2026-02-12 12:24:27.300014,24,22
2026-02-12 12:24:27.896459,26,10
2026-02-12 12:24:28.543580,68,9
2026-02-12 12:24:29.166282,57,37
2026-02-12 12:24:29.774131,93,31
2026-02-12 12:24:30.386374,8,11
2026-02-12 12:24:30.954881,16,9
2026-02-12 12:24:31.527060,25,44
2026-02-12 12:24:32.121438,97,14
2026-02-12 12:24:32.710667,41,4
2026-02-12 12:24:33.296326,68,46
2026-02-12 12:24:33.879386,83,16
2026-02-12 12:24:34.469149,36,30
2026-02-12 12:24:35.096153,20,41
2026-02-12 12:24:35.700063,24,10
2026-02-12 12:24:36.336635,31,47
2026-02-12 12:24:36.913056,0,31
2026-02-12 12:24:37.490043,43,36
2026-02-12 12:24:38.130538,9,16
2026-02-12 12:24:38.739461,29,31
2026-02-12 12:24:39.378502,81,46
2026-02-12 12:24:39.962451,46,39
2026-02-12 12:24:40.557102,36,33
2026-02-12 12:24:41.171754,26,42
2026-02-12 12:24:41.776965,82,45
2026-02-12 12:24:42.361573,55,1
2026-02-12 12:24:42.933302,47,4
2026-02-12 12:24:43.538266,89,39
2026-02-12 12:24:44.130107,71,44
2026-02-12 12:24:44.707692,44,26
2026-02-12 12:24:45.303673,94,25
2026-02-12 12:24:45.875857,55,46
2026-02-12 12:24:46.525645,89,37
2026-02-12 12:24:47.106202,2,40
2026-02-12 12:24:47.675789,8,10
2026-02-12 12:24:48.274437,66,46
2026-02-12 12:24:48.838127,95,37
2026-02-12 12:24:49.409380,21,45
2026-02-12 12:24:50.044756,9,10
2026-02-12 12:24:50.616625,88,34
2026-02-12 12:24:51.191415,65,6
2026-02-12 12:24:51.797896,16,26
2026-02-12 12:24:52.390487,77,50
2026-02-12 12:24:53.008362,37,49
2026-02-12 12:24:53.610548,63,36
2026-02-12 12:24:54.236836,67,1
2026-02-12 12:24:54.837818,57,26
2026-02-12 12:24:55.440061,18,11
2026-02-12 12:24:56.085364,24,46
2026-02-12 12:24:56.787450,27,0
2026-02-12 12:24:57.401622,71,49
2026-02-12 12:24:57.985908,97,45
2026-02-12 12:24:58.595602,22,47
2026-02-12 12:24:59.269584,67,12
2026-02-12 12:24:59.864028,68,19
2026-02-12 12:25:00.473760,69,7
2026-02-12 12:25:01.096814,56,32
2026-02-12 12:25:01.722510,70,19
2026-02-12 12:25:02.343833,13,0
2026-02-12 12:25:02.938817,89,34
2026-02-12 12:25:03.523653,71,22
2026-02-12 12:25:04.164654,58,16
2026-02-12 12:25:04.794797,55,42
2026-02-12 12:25:05.397331,98,42
2026-02-12 12:25:05.989593,38,18
2026-02-12 12:25:06.603971,70,17
2026-02-12 12:25:07.199547,1,9
2026-02-12 12:25:07.813107,26,12
2026-02-12 12:25:08.404722,8,35
2026-02-12 12:25:09.024063,13,34
2026-02-12 12:25:09.619189,42,11
2026-02-12 12:25:10.224371,6,0
2026-02-12 12:25:10.812352,11,27
2026-02-12 12:25:11.411907,77,9
2026-02-12 12:25:12.006208,1,19
2026-02-12 12:25:12.642266,77,31
2026-02-12 12:25:13.230109,18,34
2026-02-12 12:25:13.829173,21,15
2026-02-12 12:25:14.450186,58,50
2026-02-12 12:25:15.048070,43,40
2026-02-12 12:25:15.799276,91,47
2026-02-12 12:25:16.397798,15,30
2026-02-12 12:25:16.992594,16,18
2026-02-12 12:25:17.586751,42,19
2026-02-12 12:25:18.253843,10,28
2026-02-12 12:25:18.928950,8,3
2026-02-12 12:25:19.563766,59,12
2026-02-12 12:25:20.172390,45,2
2026-02-12 12:25:20.778880,98,14
2026-02-12 12:25:21.371302,68,1
2026-02-12 12:25:21.984518,72,31
2026-02-12 12:25:22.600629,77,18
2026-02-12 12:25:23.207672,97,36
2026-02-12 12:25:23.834607,72,47
2026-02-12 12:25:24.477792,86,13
2026-02-12 12:25:25.082800,28,47
2026-02-12 12:25:25.691303,13,16
2026-02-12 12:25:26.348691,0,17
2026-02-12 12:25:26.958198,95,11
2026-02-12 12:25:27.594347,0,7
2026-02-12 12:25:28.199758,6,43
2026-02-12 12:25:28.881190,7,42
2026-02-12 12:25:29.509189,5,48
2026-02-12 12:25:30.123823,82,31
2026-02-12 12:25:30.765726,41,49
2026-02-12 12:25:31.418390,53,4
2026-02-12 12:25:32.034496,9,22
2026-02-12 12:25:32.634253,52,15
2026-02-12 12:25:33.230267,91,49
2026-02-12 12:25:33.878558,83,29
2026-02-12 12:25:34.660282,70,42
2026-02-12 12:25:35.347260,7,28
2026-02-12 12:25:36.027372,56,23
2026-02-12 12:25:36.664784,9,39
2026-02-12 12:25:37.305550,35,12
2026-02-12 12:25:37.957503,89,41
2026-02-12 12:25:38.552982,56,50
2026-02-12 12:25:39.150846,8,28
2026-02-12 12:25:39.757375,11,26
2026-02-12 12:25:40.360180,91,27
2026-02-12 12:25:41.058240,9,16
2026-02-12 12:25:41.655165,31,15
2026-02-12 12:25:42.228611,17,33
2026-02-12 12:25:42.838679,73,12
2026-02-12 12:25:43.632780,72,2
2026-02-12 12:25:44.227462,88,44
2026-02-12 12:25:44.845095,18,37
2026-02-12 12:25:45.498288,88,47
2026-02-12 12:25:46.133820,39,19
2026-02-12 12:25:46.723164,14,29
2026-02-12 12:25:47.342147,47,11
2026-02-12 12:25:47.950548,48,11
2026-02-12 12:25:48.564726,10,38
2026-02-12 12:25:49.202111,17,26
2026-02-12 12:25:49.906919,83,40
2026-02-12 12:25:50.504806,32,19
2026-02-12 12:25:51.124273,8,20
2026-02-12 12:25:51.752433,14,9
2026-02-12 12:25:52.435636,38,45
2026-02-12 12:25:53.030788,97,41
2026-02-12 12:25:53.647252,74,14
2026-02-12 12:25:54.253345,69,2
2026-02-12 12:25:54.886639,99,37
2026-02-12 12:25:55.501452,2,35
2026-02-12 12:25:56.128359,58,2
2026-02-12 12:25:56.732037,86,37
2026-02-12 12:25:57.329498,92,2
2026-02-12 12:25:57.924815,25,3
2026-02-12 12:25:58.548461,34,43
2026-02-12 12:25:59.145343,9,43
2026-02-12 12:25:59.754695,88,8
2026-02-12 12:26:00.384217,40,17
2026-02-12 12:26:01.044664,38,20
2026-02-12 12:26:01.721360,24,10
2026-02-12 12:26:02.318461,100,17
2026-02-12 12:26:02.958654,76,44
2026-02-12 12:26:03.579857,75,41
2026-02-12 12:26:04.269795,69,20
2026-02-12 12:26:04.886801,21,7
2026-02-12 12:26:05.479064,16,19
2026-02-12 12:26:06.118103,87,13
2026-02-12 12:26:06.782871,2,0
2026-02-12 12:26:07.404996,56,25
2026-02-12 12:26:08.017503,78,39
2026-02-12 12:26:08.617908,8,0
2026-02-12 12:26:09.216738,92,38
2026-02-12 12:26:09.847635,4,50
2026-02-12 12:26:10.462897,82,18
2026-02-12 12:26:11.121439,16,39
2026-02-12 12:26:11.719882,62,31
2026-02-12 12:26:12.425174,41,38
2026-02-12 12:26:13.082911,75,34
2026-02-12 12:26:13.742093,43,40
2026-02-12 12:26:14.376589,51,10
2026-02-12 12:26:15.062419,40,28
2026-02-12 12:26:15.701230,53,43
2026-02-12 12:26:16.326626,7,29
2026-02-12 12:26:16.961152,68,34
2026-02-12 12:26:17.610850,14,29
2026-02-12 12:26:18.239044,44,38
2026-02-12 12:26:18.891768,99,9
2026-02-12 12:26:19.514728,77,45
2026-02-12 12:26:20.123645,95,32
2026-02-12 12:26:20.712631,67,11
2026-02-12 12:26:21.301317,46,24
2026-02-12 12:26:21.959276,85,18
2026-02-12 12:26:22.577411,93,9
2026-02-12 12:26:23.200778,2,18
2026-02-12 12:26:23.802798,31,8
2026-02-12 12:26:24.398430,89,15
2026-02-12 12:26:25.027871,19,47
2026-02-12 12:26:25.699988,61,15
2026-02-12 12:26:26.409416,90,49
2026-02-12 12:26:27.036922,17,2
2026-02-12 12:26:27.609212,79,39
2026-02-12 12:26:28.207689,30,26
2026-02-12 12:26:28.810834,54,12
2026-02-12 12:26:29.420150,26,32
2026-02-12 12:26:30.032164,47,43
2026-02-12 12:26:30.652474,11,42
2026-02-12 12:26:31.293510,16,9
2026-02-12 12:26:31.917613,46,48
2026-02-12 12:26:32.517240,56,34
2026-02-12 12:26:33.144200,95,5
2026-02-12 12:26:33.756972,15,35
2026-02-12 12:26:34.371804,12,20
2026-02-12 12:26:34.980867,8,2
2026-02-12 12:26:35.577132,35,31
2026-02-12 12:26:36.176626,16,50
2026-02-12 12:26:36.779239,41,49
2026-02-12 12:26:37.379120,77,44
2026-02-12 12:26:37.973714,23,30
2026-02-12 12:26:38.590402,76,40
2026-02-12 12:26:39.199368,30,16
2026-02-12 12:26:39.820197,51,27
2026-02-12 12:26:40.422982,45,11
2026-02-12 12:26:41.038547,99,0
2026-02-12 12:26:41.660962,23,41
2026-02-12 12:26:42.270226,34,47
2026-02-12 12:26:42.881765,69,47
2026-02-12 12:26:43.472962,8,34
2026-02-12 12:26:44.082925,3,21
2026-02-12 12:26:44.680067,13,21
2026-02-12 12:26:45.296262,6,47
2026-02-12 12:26:45.895677,83,10
2026-02-12 12:26:46.483816,44,33
2026-02-12 12:26:47.088115,89,33
2026-02-12 12:26:47.653158,24,42
2026-02-12 12:26:48.279091,55,35
2026-02-12 12:26:48.890754,99,32
2026-02-12 12:26:49.513047,5,25
2026-02-12 12:26:50.119171,51,21
2026-02-12 12:26:50.750585,49,16
2026-02-12 12:26:51.360292,99,48
2026-02-12 12:26:51.970284,3,43
2026-02-12 12:26:52.547892,33,45
2026-02-12 12:26:53.124541,20,18
2026-02-12 12:26:53.737341,92,38
2026-02-12 12:26:54.325131,77,37
2026-02-12 12:26:54.916084,78,10
2026-02-12 12:26:55.538582,50,33
2026-02-12 12:26:56.139751,54,46
2026-02-12 12:26:56.761861,66,44
2026-02-12 12:26:57.350743,48,46
2026-02-12 12:26:57.962520,62,47
2026-02-12 12:26:58.583165,66,39
2026-02-12 12:26:59.153437,3,38
2026-02-12 12:26:59.764638,53,15
2026-02-12 12:27:00.334837,79,29
2026-02-12 12:27:00.953526,51,10
2026-02-12 12:27:01.556929,66,19
2026-02-12 12:27:02.123710,30,24
2026-02-12 12:27:02.732032,46,7
2026-02-12 12:27:03.294301,15,3
2026-02-12 12:27:03.892016,16,15
2026-02-12 12:27:04.501887,60,23
2026-02-12 12:27:05.115622,67,5
2026-02-12 12:27:05.719906,39,33
2026-02-12 12:27:06.305104,84,27
2026-02-12 12:27:06.881858,1,16
2026-02-12 12:27:07.505624,15,18
2026-02-12 12:27:08.093330,92,15
2026-02-12 12:27:08.699637,10,19
2026-02-12 12:27:09.292774,88,12
2026-02-12 12:27:09.898042,17,19
2026-02-12 12:27:10.499751,40,0
2026-02-12 12:27:11.096503,24,32
2026-02-12 12:27:11.690355,49,34
2026-02-12 12:27:12.273590,76,38
2026-02-12 12:27:12.879616,61,11
2026-02-12 12:27:13.486367,57,37
2026-02-12 12:27:14.088214,9,43
2026-02-12 12:27:14.682579,45,3
2026-02-12 12:27:15.290699,82,26
2026-02-12 12:27:15.883105,36,29
2026-02-12 12:27:16.488367,11,0
2026-02-12 12:27:17.080337,4,7
2026-02-12 12:27:17.672900,56,23
2026-02-12 12:27:18.269200,87,15
2026-02-12 12:27:18.865396,76,36
2026-02-12 12:27:19.470594,61,22
2026-02-12 12:27:20.065415,91,50
2026-02-12 12:27:20.673977,30,37
2026-02-12 12:27:21.264625,34,15
2026-02-12 12:27:21.861654,57,9
2026-02-12 12:27:22.493327,79,38
2026-02-12 12:27:23.105204,72,28
2026-02-12 12:27:23.713939,17,33
2026-02-12 12:27:24.328909,78,14
2026-02-12 12:27:24.923853,45,4
2026-02-12 12:27:25.504864,44,1
2026-02-12 12:27:26.105045,65,6
2026-02-12 12:27:26.737944,3,14
2026-02-12 12:27:27.358098,22,1
2026-02-12 12:27:27.952387,76,16
2026-02-12 12:27:28.548720,59,18
2026-02-12 12:27:29.154367,25,50
2026-02-12 12:27:29.761594,40,0
2026-02-12 12:27:30.357276,80,35
2026-02-12 12:27:30.988157,42,6
2026-02-12 12:27:31.617190,49,14
2026-02-12 12:27:32.286404,86,5
2026-02-12 12:27:32.881977,40,5
2026-02-12 12:27:33.485825,40,47
2026-02-12 12:27:34.117041,1,21
2026-02-12 12:27:34.713579,42,20
2026-02-12 12:27:35.333442,57,27
2026-02-12 12:27:35.936867,78,1
2026-02-12 12:27:36.588567,32,10
2026-02-12 12:27:37.190587,78,34
2026-02-12 12:27:37.786615,34,35
2026-02-12 12:27:38.379057,92,23
2026-02-12 12:27:39.069345,56,11
2026-02-12 12:27:39.729570,91,45
2026-02-12 12:27:40.394656,45,38
2026-02-12 12:27:41.038534,40,27
2026-02-12 12:27:41.677077,65,13
2026-02-12 12:27:42.300157,23,40
2026-02-12 12:27:42.912218,62,5
2026-02-12 12:27:43.542851,97,35
2026-02-12 12:27:44.152389,78,48
2026-02-12 12:27:44.793192,82,26
2026-02-12 12:27:45.632801,52,38
2026-02-12 12:27:46.220931,27,17
2026-02-12 12:27:46.899871,7,32
2026-02-12 12:27:47.497673,79,13
2026-02-12 12:27:48.103664,47,33
2026-02-12 12:27:48.703554,69,15
2026-02-12 12:27:49.379353,34,9
2026-02-12 12:27:50.033631,59,23
2026-02-12 12:27:50.640270,93,31
2026-02-12 12:27:51.256520,35,16
2026-02-12 12:27:51.894846,38,18
2026-02-12 12:27:52.498715,35,49
2026-02-12 12:27:53.145097,0,27
2026-02-12 12:27:53.786409,51,40
2026-02-12 12:27:54.458152,29,34
2026-02-12 12:27:55.117116,16,15
2026-02-12 12:27:55.732155,34,6
2026-02-12 12:27:56.374883,45,28
2026-02-12 12:27:57.017416,7,11
2026-02-12 12:27:57.711506,68,39
2026-02-12 12:27:58.312844,12,28
2026-02-12 12:27:58.964732,8,50
2026-02-12 12:27:59.588597,15,1
2026-02-12 12:28:00.207188,5,7
2026-02-12 12:28:00.868250,54,34
2026-02-12 12:28:01.516320,65,25
2026-02-12 12:28:02.138162,40,35
2026-02-12 12:28:02.757704,40,23
2026-02-12 12:28:03.363498,61,29
2026-02-12 12:28:03.977949,32,8
2026-02-12 12:28:04.585328,45,5
2026-02-12 12:28:05.226778,64,28
2026-02-12 12:28:05.841420,14,17
2026-02-12 12:28:06.503828,6,5
2026-02-12 12:28:07.130933,45,35
2026-02-12 12:28:07.785438,60,24
2026-02-12 12:28:08.378134,27,0
2026-02-12 12:28:09.045920,71,30
2026-02-12 12:28:09.643633,94,19
2026-02-12 12:28:10.246739,58,20
2026-02-12 12:28:10.891849,7,49
2026-02-12 12:28:11.488351,6,29
2026-02-12 12:28:12.116646,64,25
2026-02-12 12:28:12.733684,79,34
2026-02-12 12:28:13.352247,52,36
2026-02-12 12:28:13.971313,66,16
2026-02-12 12:28:14.594436,44,24
2026-02-12 12:28:15.198423,93,44
2026-02-12 12:28:15.800362,94,19
2026-02-12 12:28:16.404519,12,16
2026-02-12 12:28:17.021983,100,22
2026-02-12 12:28:17.625987,67,37
2026-02-12 12:28:18.239575,7,16
2026-02-12 12:28:18.862147,16,11
2026-02-12 12:28:19.464569,23,25
2026-02-12 12:28:20.060951,23,17
2026-02-12 12:28:20.655581,84,25
2026-02-12 12:28:21.256641,66,11
2026-02-12 12:28:21.892056,58,48
2026-02-12 12:28:22.490623,22,9
2026-02-12 12:28:23.087370,60,10
2026-02-12 12:28:23.764035,90,15
2026-02-12 12:28:24.375102,83,32
2026-02-12 12:28:24.986205,32,30
2026-02-12 12:28:25.606679,92,20
2026-02-12 12:28:26.245017,67,30
2026-02-12 12:28:26.834484,88,16
2026-02-12 12:28:27.419717,65,50
2026-02-12 12:28:28.042196,25,5
2026-02-12 12:28:28.636822,48,32
2026-02-12 12:28:29.240837,11,26
2026-02-12 12:28:29.837652,5,41
2026-02-12 12:28:30.481333,19,29
2026-02-12 12:28:31.089504,1,15
2026-02-12 12:28:31.741147,31,32
2026-02-12 12:28:32.421472,46,0
2026-02-12 12:28:33.032479,46,26
2026-02-12 12:28:33.611462,59,47
2026-02-12 12:28:34.175343,83,4
2026-02-12 12:28:34.791328,30,6
2026-02-12 12:28:35.403717,37,28
2026-02-12 12:28:35.998856,44,41
2026-02-12 12:28:36.593844,77,7
2026-02-12 12:28:37.264969,63,30
2026-02-12 12:28:37.859919,81,10
2026-02-12 12:28:38.475895,45,32
2026-02-12 12:28:39.070179,21,27
2026-02-12 12:28:39.673511,37,11
2026-02-12 12:28:40.282398,7,41
2026-02-12 12:28:40.912806,43,50
2026-02-12 12:28:41.515337,34,21
2026-02-12 12:28:42.118826,21,30
2026-02-12 12:28:42.718463,93,16
2026-02-12 12:28:43.318827,36,26
2026-02-12 12:28:43.959455,67,4
2026-02-12 12:28:44.569191,2,15
2026-02-12 12:28:45.162176,19,19
2026-02-12 12:28:45.788250,60,31
2026-02-12 12:28:46.401088,3,15
2026-02-12 12:28:47.000684,96,38
2026-02-12 12:28:47.597083,97,28
2026-02-12 12:28:48.196038,84,42
2026-02-12 12:28:48.845656,98,11
2026-02-12 12:28:49.462027,68,12
2026-02-12 12:28:50.068464,23,49
2026-02-12 12:28:50.714386,4,40
2026-02-12 12:28:51.425053,71,29
2026-02-12 12:28:52.022831,77,6
2026-02-12 12:28:52.608499,51,19
2026-02-12 12:28:53.245477,70,3
2026-02-12 12:28:53.873520,73,14
2026-02-12 12:28:54.488103,29,13
2026-02-12 12:28:55.084065,22,23
2026-02-12 12:28:55.725795,31,31
2026-02-12 12:28:56.347128,71,33
2026-02-12 12:28:57.022517,57,27
2026-02-12 12:28:57.628735,42,19
2026-02-12 12:28:58.275252,100,14
2026-02-12 12:28:58.908713,39,10
2026-02-12 12:28:59.562081,93,44
2026-02-12 12:29:00.161572,38,22
2026-02-12 12:29:00.812160,83,27
2026-02-12 12:29:01.408836,46,22
2026-02-12 12:29:02.010827,65,22
2026-02-12 12:29:02.606417,90,19
2026-02-12 12:29:03.239336,56,16
2026-02-12 12:29:03.866091,84,41
2026-02-12 12:29:04.526601,3,29
2026-02-12 12:29:05.225565,29,45
2026-02-12 12:29:05.846933,38,2
2026-02-12 12:29:06.445788,24,48
2026-02-12 12:29:07.075686,33,19
2026-02-12 12:29:07.672109,28,7
2026-02-12 12:29:08.253701,76,50
2026-02-12 12:29:08.883303,57,23
2026-02-12 12:29:09.496056,51,33
2026-02-12 12:29:10.130147,8,27
2026-02-12 12:29:10.770623,94,21
2026-02-12 12:29:11.460059,75,47
2026-02-12 12:29:12.101588,22,25
2026-02-12 12:29:12.717400,96,40
2026-02-12 12:29:13.301803,75,1
2026-02-12 12:29:13.940170,57,45
2026-02-12 12:29:14.576586,82,32
2026-02-12 12:29:15.174066,65,12
2026-02-12 12:29:15.878636,3,5
2026-02-12 12:29:16.520977,33,35
2026-02-12 12:29:17.163200,29,23
2026-02-12 12:29:17.762776,15,27
2026-02-12 12:29:18.332147,87,21
2026-02-12 12:29:18.938617,67,6
2026-02-12 12:29:19.596555,86,1
2026-02-12 12:29:20.205085,75,5
2026-02-12 12:29:20.824318,97,7
2026-02-12 12:29:21.415961,94,35
2026-02-12 12:29:22.005696,13,50
2026-02-12 12:29:22.653186,39,5
2026-02-12 12:29:23.253110,0,49
2026-02-12 12:29:23.887919,97,46
2026-02-12 12:29:24.505560,68,21
2026-02-12 12:29:25.102433,84,22
2026-02-12 12:29:25.687589,47,22
2026-02-12 12:29:26.293148,73,18
2026-02-12 12:29:26.903250,43,16
2026-02-12 12:29:27.533750,80,29
2026-02-12 12:29:28.148547,13,31
2026-02-12 12:29:28.742300,36,17
2026-02-12 12:29:29.402467,63,10
2026-02-12 12:29:30.005912,5,43
2026-02-12 12:29:30.619709,3,9
2026-02-12 12:29:31.219355,71,5
2026-02-12 12:29:31.824187,0,37
2026-02-12 12:29:32.454683,97,23
2026-02-12 12:29:33.055679,43,50
2026-02-12 12:29:33.660062,85,16
2026-02-12 12:29:34.258605,10,46
2026-02-12 12:29:34.855216,34,32
2026-02-12 12:29:35.470695,89,12
2026-02-12 12:29:36.078312,48,17
2026-02-12 12:29:36.689296,32,0
2026-02-12 12:29:37.288855,82,2
2026-02-12 12:29:37.886380,38,29
2026-02-12 12:29:38.502425,76,44
2026-02-12 12:29:39.121999,23,1
2026-02-12 12:29:39.720472,24,4
2026-02-12 12:29:40.337073,10,11
2026-02-12 12:29:40.937629,0,4
2026-02-12 12:29:41.541013,30,8
2026-02-12 12:29:42.158109,56,35
2026-02-12 12:29:42.778017,7,10
2026-02-12 12:29:43.380895,82,37
2026-02-12 12:29:43.978844,77,14
2026-02-12 12:29:44.593629,61,42
2026-02-12 12:29:45.210003,77,6
2026-02-12 12:29:45.822022,80,49
2026-02-12 12:29:46.427776,63,27
2026-02-12 12:29:47.025595,96,3
2026-02-12 12:29:47.634002,50,46
2026-02-12 12:29:48.241511,11,50
2026-02-12 12:29:48.857879,8,2
2026-02-12 12:29:49.471950,91,50
2026-02-12 12:29:50.068401,56,10
2026-02-12 12:29:50.666223,77,18
2026-02-12 12:29:51.262675,34,32
2026-02-12 12:29:51.863586,88,20
2026-02-12 12:29:52.454300,67,40
2026-02-12 12:29:53.051921,63,16
2026-02-12 12:29:53.661902,96,29
2026-02-12 12:29:54.258941,84,45
2026-02-12 12:29:54.872103,30,49
2026-02-12 12:29:55.488542,74,21
2026-02-12 12:29:56.114758,70,30
2026-02-12 12:29:56.708214,24,4
2026-02-12 12:29:57.298682,20,46
2026-02-12 12:29:57.906080,90,28
2026-02-12 12:29:58.510197,19,36
2026-02-12 12:29:59.105415,2,43
2026-02-12 12:29:59.705152,16,15
2026-02-12 12:30:00.298946,6,1
2026-02-12 12:30:00.900518,92,3
2026-02-12 12:30:01.495895,12,13
2026-02-12 12:30:02.106314,27,26
2026-02-12 12:30:02.714085,18,22
2026-02-12 12:30:03.314489,27,30
2026-02-12 12:30:03.907947,71,25
2026-02-12 12:30:04.494927,96,19
2026-02-12 12:30:05.108093,44,46
2026-02-12 12:30:05.712414,74,8
2026-02-12 12:30:06.312277,14,48
2026-02-12 12:30:06.913712,91,48
2026-02-12 12:30:07.512971,74,16
2026-02-12 12:30:08.124079,100,37
2026-02-12 12:30:08.724045,23,49
2026-02-12 12:30:09.337091,11,19
2026-02-12 12:30:09.932686,84,44
2026-02-12 12:30:10.529780,6,8
2026-02-12 12:30:11.149101,35,48
2026-02-12 12:30:11.749337,48,42
2026-02-12 12:30:12.352314,71,21
2026-02-12 12:30:12.949721,70,5
2026-02-12 12:30:13.544492,98,1
2026-02-12 12:30:14.150991,93,27
2026-02-12 12:30:14.747108,30,34
2026-02-12 12:30:15.340964,11,46
2026-02-12 12:30:15.948580,62,17
2026-02-12 12:30:16.547890,32,17
2026-02-12 12:30:17.166619,80,1
2026-02-12 12:30:17.786417,39,39
2026-02-12 12:30:18.384743,74,45
2026-02-12 12:30:18.990860,28,49
2026-02-12 12:30:19.618081,34,10
2026-02-12 12:30:20.238625,3,47
2026-02-12 12:30:20.823208,2,3
2026-02-12 12:30:21.422338,45,21
2026-02-12 12:30:22.048928,17,14
2026-02-12 12:30:22.722653,28,50
2026-02-12 12:30:23.333847,85,9
2026-02-12 12:30:23.976588,60,13
2026-02-12 12:30:24.570331,10,15
2026-02-12 12:30:25.229832,86,12
2026-02-12 12:30:25.871868,78,13
2026-02-12 12:30:26.483679,20,42
2026-02-12 12:30:27.080377,72,50
2026-02-12 12:30:27.686757,17,25
2026-02-12 12:30:28.346048,87,29
2026-02-12 12:30:28.955931,77,42
2026-02-12 12:30:29.535460,60,6
2026-02-12 12:30:30.124336,60,27
2026-02-12 12:30:30.701701,38,36
2026-02-12 12:30:31.287477,90,21
2026-02-12 12:30:31.933636,12,31
2026-02-12 12:30:32.542175,31,34
2026-02-12 12:30:33.148689,4,45
2026-02-12 12:30:33.748780,82,26
2026-02-12 12:30:34.357027,33,37
2026-02-12 12:30:34.960903,76,8
2026-02-12 12:30:35.561665,85,9
2026-02-12 12:30:36.187032,64,25
2026-02-12 12:30:36.785410,44,14
2026-02-12 12:30:37.388864,100,17
2026-02-12 12:30:38.001865,83,34
2026-02-12 12:30:38.614324,93,45
2026-02-12 12:30:39.222003,94,17
2026-02-12 12:30:39.832167,65,7
2026-02-12 12:30:40.442638,49,38
2026-02-12 12:30:41.044211,5,1
2026-02-12 12:30:41.646628,40,42
2026-02-12 12:30:42.274063,17,35
2026-02-12 12:30:42.865749,77,18
2026-02-12 12:30:43.475246,92,23
2026-02-12 12:30:44.101415,55,10
2026-02-12 12:30:44.685412,26,28
2026-02-12 12:30:45.278382,1,50
2026-02-12 12:30:45.882371,26,27
2026-02-12 12:30:46.468680,12,46
2026-02-12 12:30:47.062141,59,33
2026-02-12 12:30:47.662533,63,11
2026-02-12 12:30:48.238070,55,31
2026-02-12 12:30:48.857043,93,9
2026-02-12 12:30:49.432080,84,33
2026-02-12 12:30:50.059871,44,3
2026-02-12 12:30:50.654716,11,43
2026-02-12 12:30:51.254866,58,44
2026-02-12 12:30:51.850491,94,14
2026-02-12 12:30:52.475562,24,49
2026-02-12 12:30:53.094966,85,18
2026-02-12 12:30:53.678237,69,36
2026-02-12 12:30:54.266702,31,47
2026-02-12 12:30:54.860949,40,39
2026-02-12 12:30:55.441250,100,50
2026-02-12 12:30:56.023555,83,17
2026-02-12 12:30:56.637888,99,42
2026-02-12 12:30:57.241289,21,22
2026-02-12 12:30:57.822421,2,31
2026-02-12 12:30:58.397264,37,17
2026-02-12 12:30:58.967178,17,17
2026-02-12 12:30:59.559482,88,41
2026-02-12 12:31:00.183651,88,26
2026-02-12 12:31:00.800598,84,20
2026-02-12 12:31:01.421367,40,30
2026-02-12 12:31:01.998435,47,4
2026-02-12 12:31:02.572220,71,26
2026-02-12 12:31:03.142659,98,0
2026-02-12 12:31:03.737317,89,4
2026-02-12 12:31:04.319395,50,20
2026-02-12 12:31:04.930773,35,44
2026-02-12 12:31:05.538650,65,41
2026-02-12 12:31:06.108225,95,46
2026-02-12 12:31:06.678694,0,37
2026-02-12 12:31:07.275372,87,35
2026-02-12 12:31:07.881946,63,32
2026-02-12 12:31:08.459188,60,44
2026-02-12 12:31:09.055190,6,0
2026-02-12 12:31:09.659476,90,49
2026-02-12 12:31:10.240240,5,50
2026-02-12 12:31:10.873587,22,1
2026-02-12 12:31:11.478704,44,21
2026-02-12 12:31:12.084615,26,5
2026-02-12 12:31:12.680616,16,17
2026-02-12 12:31:13.282629,59,50
2026-02-12 12:31:13.927565,56,6
2026-02-12 12:31:14.515334,1,48
2026-02-12 12:31:15.135037,69,17
2026-02-12 12:31:15.732449,73,14
2026-02-12 12:31:16.335345,66,42
2026-02-12 12:31:16.934892,62,46
2026-02-12 12:31:17.550157,45,44
2026-02-12 12:31:18.157818,50,23
2026-02-12 12:31:18.760699,40,28
2026-02-12 12:31:19.361920,27,21
2026-02-12 12:31:19.974819,86,24
2026-02-12 12:31:20.629455,79,2
2026-02-12 12:31:21.233121,69,18
2026-02-12 12:31:21.836494,22,48
2026-02-12 12:31:22.423919,51,16
2026-02-12 12:31:23.005871,9,1
2026-02-12 12:31:23.608205,64,18
2026-02-12 12:31:24.225926,27,13
2026-02-12 12:31:24.855777,53,48
2026-02-12 12:31:25.438116,47,29
2026-02-12 12:31:26.079395,24,4
2026-02-12 12:31:26.696800,74,44
2026-02-12 12:31:27.279141,80,32
2026-02-12 12:31:27.888996,95,48
2026-02-12 12:31:28.490045,21,39
2026-02-12 12:31:29.062480,57,24
2026-02-12 12:31:29.653909,91,39
2026-02-12 12:31:30.253480,77,20
2026-02-12 12:31:30.842278,74,6
2026-02-12 12:31:31.465639,47,34
2026-02-12 12:31:32.079700,50,17
2026-02-12 12:31:32.688192,48,17
2026-02-12 12:31:33.292622,22,16
2026-02-12 12:31:33.882357,86,9
2026-02-12 12:31:34.457609,58,49
2026-02-12 12:31:35.053871,30,43
2026-02-12 12:31:35.673300,18,20
2026-02-12 12:31:36.244618,41,45
2026-02-12 12:31:36.811960,46,16
2026-02-12 12:31:37.449198,81,46
2026-02-12 12:31:38.044470,45,36
2026-02-12 12:31:38.640984,75,20
2026-02-12 12:31:39.210725,13,29
2026-02-12 12:31:39.820857,80,30
2026-02-12 12:31:40.501583,7,36
2026-02-12 12:31:41.150794,74,35
2026-02-12 12:31:41.778536,63,42
2026-02-12 12:31:42.411683,64,8
2026-02-12 12:31:43.018808,26,36
2026-02-12 12:31:43.634277,63,23
2026-02-12 12:31:44.258091,90,37
2026-02-12 12:31:44.888600,79,2
2026-02-12 12:31:45.499197,60,8
2026-02-12 12:31:46.121260,27,5
2026-02-12 12:31:46.731294,79,9
2026-02-12 12:31:47.342720,0,23
2026-02-12 12:31:47.964064,23,39
2026-02-12 12:31:48.563470,84,14
2026-02-12 12:31:49.197929,27,20
2026-02-12 12:31:49.816340,82,22
2026-02-12 12:31:50.417593,41,50
2026-02-12 12:31:51.025483,96,1
2026-02-12 12:31:51.620878,77,30
2026-02-12 12:31:52.218989,48,34
2026-02-12 12:31:52.840536,36,0
2026-02-12 12:31:53.486756,19,0
2026-02-12 12:31:54.064060,4,1
2026-02-12 12:31:54.686311,100,34
2026-02-12 12:31:55.301703,38,50
2026-02-12 12:31:55.921721,52,41
2026-02-12 12:31:56.535299,28,20
2026-02-12 12:31:57.143054,78,3
2026-02-12 12:31:57.715259,28,37
2026-02-12 12:31:58.328710,90,39
2026-02-12 12:31:59.003726,5,33
2026-02-12 12:31:59.603949,45,40
2026-02-12 12:32:00.215509,41,16
2026-02-12 12:32:00.803855,27,44
2026-02-12 12:32:01.401080,64,24
2026-02-12 12:32:02.005973,26,18
2026-02-12 12:32:02.634609,39,44
2026-02-12 12:32:03.232184,55,19
2026-02-12 12:32:03.886210,51,8
2026-02-12 12:32:04.473756,72,23
2026-02-12 12:32:05.132407,83,35
2026-02-12 12:32:05.750951,76,23
2026-02-12 12:32:06.369156,15,14
2026-02-12 12:32:06.949270,51,29
2026-02-12 12:32:07.522740,95,7
2026-02-12 12:32:08.133645,100,20
2026-02-12 12:32:08.785917,24,44
2026-02-12 12:32:09.387826,95,20
2026-02-12 12:32:09.972596,47,1
2026-02-12 12:32:10.549749,45,50
2026-02-12 12:32:11.167404,0,7
2026-02-12 12:32:11.784408,36,32
2026-02-12 12:32:12.360106,41,50
2026-02-12 12:32:12.968926,17,34
2026-02-12 12:32:13.594918,68,21
2026-02-12 12:32:14.224809,17,25
2026-02-12 12:32:14.813158,12,41
2026-02-12 12:32:15.429289,42,14
2026-02-12 12:32:16.019146,18,9
2026-02-12 12:32:16.634695,29,5
2026-02-12 12:32:17.263847,81,46
2026-02-12 12:32:17.925192,25,41
2026-02-12 12:32:18.536914,63,35
2026-02-12 12:32:19.130909,95,28
2026-02-12 12:32:19.755345,88,41
2026-02-12 12:32:20.362956,70,46
2026-02-12 12:32:20.940481,21,32
2026-02-12 12:32:21.544944,19,0
2026-02-12 12:32:22.152696,68,47
2026-02-12 12:32:22.870023,6,20
2026-02-12 12:32:23.516330,48,6
2026-02-12 12:32:24.146050,41,33
2026-02-12 12:32:24.749235,31,4
2026-02-12 12:32:25.398964,12,43
2026-02-12 12:32:26.025342,19,45
2026-02-12 12:32:26.623600,85,6
2026-02-12 12:32:27.266746,48,37
2026-02-12 12:32:27.871998,26,9
2026-02-12 12:32:28.484226,86,36
2026-02-12 12:32:29.087988,94,39
2026-02-12 12:32:29.686512,15,20
2026-02-12 12:32:30.286297,59,31
2026-02-12 12:32:30.902608,68,22
2026-02-12 12:32:31.517660,88,12
2026-02-12 12:32:32.104843,69,22
2026-02-12 12:32:32.704476,35,36
2026-02-12 12:32:33.308525,38,46
2026-02-12 12:32:33.903964,2,26
2026-02-12 12:32:34.499009,84,12
2026-02-12 12:32:35.103411,37,32
2026-02-12 12:32:35.709084,95,23
2026-02-12 12:32:36.323783,18,17
2026-02-12 12:32:36.980700,36,35
2026-02-12 12:32:37.594622,70,43
2026-02-12 12:32:38.201176,22,38
2026-02-12 12:32:38.808247,69,29
2026-02-12 12:32:39.409420,69,19
2026-02-12 12:32:40.021355,75,43
2026-02-12 12:32:40.629760,60,18
2026-02-12 12:32:41.250854,28,40
2026-02-12 12:32:41.848028,68,6
2026-02-12 12:32:42.469820,1,30
2026-02-12 12:32:43.074251,36,16
2026-02-12 12:32:43.704610,17,28
2026-02-12 12:32:44.339062,10,36
2026-02-12 12:32:44.960360,79,21
2026-02-12 12:32:45.575827,32,24
2026-02-12 12:32:46.197416,26,4
2026-02-12 12:32:46.798733,38,44
2026-02-12 12:32:47.405368,33,25
2026-02-12 12:32:48.017164,32,17
2026-02-12 12:32:48.637774,26,25
2026-02-12 12:32:49.238636,66,6
2026-02-12 12:32:49.843692,43,38
2026-02-12 12:32:50.469893,49,35
2026-02-12 12:32:51.068921,94,46
2026-02-12 12:32:51.689568,21,25
2026-02-12 12:32:52.298602,31,10
2026-02-12 12:32:52.891991,62,40
2026-02-12 12:32:53.490875,99,44
2026-02-12 12:32:54.092687,3,40
2026-02-12 12:32:54.704263,37,21
2026-02-12 12:32:55.306035,83,15
2026-02-12 12:32:55.902464,98,38
2026-02-12 12:32:56.499105,36,13
2026-02-12 12:32:57.111076,39,38
2026-02-12 12:32:57.711609,44,2
2026-02-12 12:32:58.329638,64,2
2026-02-12 12:32:58.951404,78,22
2026-02-12 12:32:59.551723,58,37
2026-02-12 12:33:00.153955,67,11
2026-02-12 12:33:00.753919,72,3
2026-02-12 12:33:01.382491,33,22
2026-02-12 12:33:01.982706,13,6
2026-02-12 12:33:02.587612,12,15
2026-02-12 12:33:03.200739,23,19
2026-02-12 12:33:03.796862,38,20
2026-02-12 12:33:04.414150,72,50
2026-02-12 12:33:05.020846,0,42
2026-02-12 12:33:05.613843,85,26
2026-02-12 12:33:06.241640,95,48
2026-02-12 12:33:06.881971,42,50
2026-02-12 12:33:07.494603,85,41
2026-02-12 12:33:08.128132,24,15
2026-02-12 12:33:08.739212,93,35
2026-02-12 12:33:09.616657,26,37
2026-02-12 12:33:10.216567,3,22
2026-02-12 12:33:10.822686,39,15
2026-02-12 12:33:11.431757,0,28
2026-02-12 12:33:12.047426,50,37
2026-02-12 12:33:12.665131,56,32
2026-02-12 12:33:13.262327,24,5
2026-02-12 12:33:13.869418,26,24
2026-02-12 12:33:14.489157,100,20
2026-02-12 12:33:15.094003,68,37
2026-02-12 12:33:15.694035,18,4
2026-02-12 12:33:16.304431,36,4
2026-02-12 12:33:16.951194,45,35
2026-02-12 12:33:17.522622,23,6
2026-02-12 12:33:18.141717,36,49
2026-02-12 12:33:18.737642,38,4
2026-02-12 12:33:19.370636,25,9
2026-02-12 12:33:19.996706,7,43
2026-02-12 12:33:20.616373,57,33
2026-02-12 12:33:21.220597,22,24
2026-02-12 12:33:21.827543,26,31
2026-02-12 12:33:22.426694,84,3
2026-02-12 12:33:23.027467,5,46
2026-02-12 12:33:23.645867,77,43
2026-02-12 12:33:24.262178,35,1
2026-02-12 12:33:24.872454,100,34
2026-02-12 12:33:25.528107,23,7
2026-02-12 12:33:26.140946,44,28
2026-02-12 12:33:26.758796,31,22
2026-02-12 12:33:27.363547,11,0
2026-02-12 12:33:27.976539,28,47
2026-02-12 12:33:28.583162,10,2
2026-02-12 12:33:29.202734,18,8
2026-02-12 12:33:29.803102,14,9
2026-02-12 12:33:30.425473,63,37
2026-02-12 12:33:31.042514,82,32
2026-02-12 12:33:31.645834,2,19
2026-02-12 12:33:32.272814,42,9
2026-02-12 12:33:32.903926,6,0
2026-02-12 12:33:33.516990,47,2
2026-02-12 12:33:34.123824,39,38
2026-02-12 12:33:34.742092,76,31
2026-02-12 12:33:35.356421,98,31
2026-02-12 12:33:35.969197,73,43
2026-02-12 12:33:36.600929,53,24
2026-02-12 12:33:37.195138,60,39
2026-02-12 12:33:37.853827,43,3
2026-02-12 12:33:38.553724,36,7
2026-02-12 12:33:39.191419,14,37
2026-02-12 12:33:39.835502,7,31
2026-02-12 12:33:40.472948,70,19
2026-02-12 12:33:41.107921,18,27
2026-02-12 12:33:41.735549,96,34
2026-02-12 12:33:42.386398,73,13
2026-02-12 12:33:43.007019,55,0
2026-02-12 12:33:43.641112,74,50
2026-02-12 12:33:44.265809,58,39
2026-02-12 12:33:44.865510,1,33
2026-02-12 12:33:45.469450,15,14
2026-02-12 12:33:46.090090,73,27
2026-02-12 12:33:46.759931,79,36
2026-02-12 12:33:47.407180,73,19
2026-02-12 12:33:48.052307,39,49
2026-02-12 12:33:48.662989,32,50
2026-02-12 12:33:49.311738,98,21
2026-02-12 12:33:49.953584,98,7
2026-02-12 12:33:50.553643,26,33
2026-02-12 12:33:51.341873,93,47
2026-02-12 12:33:51.994685,54,6
2026-02-12 12:33:52.657829,20,8
2026-02-12 12:33:53.305885,95,48
2026-02-12 12:33:53.942261,55,34
2026-02-12 12:33:54.536976,15,41
2026-02-12 12:33:55.217341,27,34
2026-02-12 12:33:55.825549,18,17
2026-02-12 12:33:56.436281,23,12
2026-02-12 12:33:57.045200,25,41
2026-02-12 12:33:57.611058,22,45
2026-02-12 12:33:58.218649,91,10
2026-02-12 12:33:58.825188,20,46
2026-02-12 12:33:59.422680,41,15
2026-02-12 12:34:00.022878,76,14
2026-02-12 12:34:00.621890,4,17
2026-02-12 12:34:01.396950,6,5
2026-02-12 12:34:02.017209,3,28
2026-02-12 12:34:02.647966,96,9
2026-02-12 12:34:03.229827,7,23
2026-02-12 12:34:03.840326,79,23
2026-02-12 12:34:04.452489,22,35
2026-02-12 12:34:05.058149,20,12
2026-02-12 12:34:05.664670,44,14
2026-02-12 12:34:06.276917,11,31
2026-02-12 12:34:06.878410,22,49
2026-02-12 12:34:07.485391,81,3
2026-02-12 12:34:08.092838,83,15
2026-02-12 12:34:08.702267,24,50
2026-02-12 12:34:09.308409,69,15
2026-02-12 12:34:09.908104,52,25
2026-02-12 12:34:10.513094,53,39
2026-02-12 12:34:11.119524,78,7
2026-02-12 12:34:11.724439,63,21
2026-02-12 12:34:12.330297,100,40
2026-02-12 12:34:12.941455,44,38
2026-02-12 12:34:13.538840,27,36
2026-02-12 12:34:14.153779,88,23
2026-02-12 12:34:14.756442,2,4
2026-02-12 12:34:15.365938,11,4
2026-02-12 12:34:15.967647,81,7
2026-02-12 12:34:16.580638,9,43
2026-02-12 12:34:17.193233,61,27
2026-02-12 12:34:17.793901,12,39
2026-02-12 12:34:18.403079,51,10
2026-02-12 12:34:19.007179,24,46
2026-02-12 12:34:19.619349,57,15
2026-02-12 12:34:20.222597,88,20
2026-02-12 12:34:20.844731,64,17
2026-02-12 12:34:21.447502,70,48
2026-02-12 12:34:22.038722,10,1
2026-02-12 12:34:22.645459,14,9
2026-02-12 12:34:23.252606,15,26
2026-02-12 12:34:23.864516,35,47
2026-02-12 12:34:24.471071,17,49
2026-02-12 12:34:25.060626,2,20
2026-02-12 12:34:25.675868,79,41
2026-02-12 12:34:26.273605,17,4
2026-02-12 12:34:26.874775,79,3
2026-02-12 12:34:27.495616,15,12
2026-02-12 12:34:28.066756,70,25
2026-02-12 12:34:28.674133,59,6
2026-02-12 12:34:29.292704,49,49
2026-02-12 12:34:29.914932,20,17
2026-02-12 12:34:30.509651,43,49
2026-02-12 12:34:31.126178,59,33
2026-02-12 12:34:31.759047,3,13
2026-02-12 12:34:32.368325,86,19
2026-02-12 12:34:32.970450,43,25
2026-02-12 12:34:33.540441,9,38
2026-02-12 12:34:34.123204,67,45
2026-02-12 12:34:34.723889,34,48
2026-02-12 12:34:35.322907,98,14
2026-02-12 12:34:35.944590,87,12
2026-02-12 12:34:36.554354,28,37
2026-02-12 12:34:37.158947,34,4
2026-02-12 12:34:37.755838,94,26
2026-02-12 12:34:38.383750,53,35
2026-02-12 12:34:39.029278,19,14
2026-02-12 12:34:40.662257,73,30
2026-02-12 12:34:41.254334,42,49
2026-02-12 12:34:41.880364,42,5
2026-02-12 12:34:42.489917,66,7
2026-02-12 12:34:43.115729,86,43
2026-02-12 12:34:43.746131,83,37
2026-02-12 12:34:44.337715,89,23
2026-02-12 12:34:44.936503,41,41
2026-02-12 12:34:45.516447,4,36
2026-02-12 12:34:46.132789,98,13
2026-02-12 12:34:46.763331,52,39
2026-02-12 12:34:47.394035,66,1
2026-02-12 12:34:47.995049,90,16
2026-02-12 12:34:48.602758,94,31
2026-02-12 12:34:49.224432,9,9
2026-02-12 12:34:49.819831,65,27
2026-02-12 12:34:50.420602,76,16
2026-02-12 12:34:51.020760,99,16
2026-02-12 12:34:51.636694,30,27
2026-02-12 12:34:52.269437,24,8
2026-02-12 12:34:52.862919,17,1
2026-02-12 12:34:53.471631,66,33
2026-02-12 12:34:54.056999,98,0
2026-02-12 12:34:54.672496,34,38
2026-02-12 12:34:55.278634,65,33
2026-02-12 12:34:55.892032,46,27
2026-02-12 12:34:56.542293,26,8
2026-02-12 12:34:57.172635,55,8
2026-02-12 12:34:57.835971,23,46
2026-02-12 12:34:58.446821,42,48
2026-02-12 12:34:59.053317,20,19
2026-02-12 12:34:59.670923,49,10
2026-02-12 12:35:00.281941,61,7
2026-02-12 12:35:00.864351,80,23
2026-02-12 12:35:01.487173,31,8
2026-02-12 12:35:02.147805,81,9
2026-02-12 12:35:02.802419,64,22
2026-02-12 12:35:03.411066,34,18
2026-02-12 12:35:04.020372,48,32
2026-02-12 12:35:04.613859,63,7
2026-02-12 12:35:05.221042,72,33
2026-02-12 12:35:05.821339,35,19
2026-02-12 12:35:06.432283,69,17
2026-02-12 12:35:07.038481,28,20
2026-02-12 12:35:07.654695,89,18
2026-02-12 12:35:08.285732,69,46
2026-02-12 12:35:08.886965,10,29
2026-02-12 12:35:09.486656,36,50
2026-02-12 12:35:10.087483,42,12
2026-02-12 12:35:10.686538,62,6
2026-02-12 12:35:11.329227,47,23
2026-02-12 12:35:11.936012,55,48
2026-02-12 12:35:12.540842,3,41
2026-02-12 12:35:13.145239,73,29
2026-02-12 12:35:13.772815,99,24
2026-02-12 12:35:14.379169,37,0
2026-02-12 12:35:14.977946,52,26
2026-02-12 12:35:15.583321,95,20
2026-02-12 12:35:16.203768,82,50
2026-02-12 12:35:16.829102,43,39
2026-02-12 12:35:17.460831,87,4
2026-02-12 12:35:18.061458,58,32
2026-02-12 12:35:18.694508,16,26
2026-02-12 12:35:19.297762,67,21
2026-02-12 12:35:19.919079,26,23
2026-02-12 12:35:20.516436,71,42
2026-02-12 12:35:21.253462,20,4
2026-02-12 12:35:21.900145,61,21
2026-02-12 12:35:22.577034,93,47
2026-02-12 12:35:23.204154,85,1
2026-02-12 12:35:23.813783,3,15
2026-02-12 12:35:24.421551,81,32
2026-02-12 12:35:25.049823,11,1
2026-02-12 12:35:25.706155,99,45
2026-02-12 12:35:26.340285,59,25
2026-02-12 12:35:27.065903,9,31
2026-02-12 12:35:27.688388,41,49
2026-02-12 12:35:28.318804,73,6
2026-02-12 12:35:28.932782,54,30
2026-02-12 12:35:29.571134,23,43
2026-02-12 12:35:30.239909,1,18
2026-02-12 12:35:30.847196,13,1
2026-02-12 12:35:31.487495,5,16
2026-02-12 12:35:32.090390,96,27
2026-02-12 12:35:32.706483,3,49
2026-02-12 12:35:33.311457,41,45
2026-02-12 12:35:33.965277,90,49
2026-02-12 12:35:34.613595,80,49
2026-02-12 12:35:35.288213,98,49
2026-02-12 12:35:35.943432,86,41
2026-02-12 12:35:36.549030,42,42
2026-02-12 12:35:37.224269,96,32
2026-02-12 12:35:37.875745,38,11
2026-02-12 12:35:38.558621,12,48
2026-02-12 12:35:39.208535,31,25
2026-02-12 12:35:39.857851,64,16
2026-02-12 12:35:40.523651,57,21
2026-02-12 12:35:41.162399,85,1
2026-02-12 12:35:41.804340,84,16
2026-02-12 12:35:42.482546,5,49
2026-02-12 12:35:43.192038,86,41
2026-02-12 12:35:43.841245,15,21
2026-02-12 12:35:44.452981,46,2
2026-02-12 12:35:45.062949,99,46
2026-02-12 12:35:45.724024,31,39
2026-02-12 12:35:46.348038,57,5
2026-02-12 12:35:46.984258,42,45
2026-02-12 12:35:47.582727,53,14
2026-02-12 12:35:48.190150,1,46
2026-02-12 12:35:48.816641,69,22
2026-02-12 12:35:49.483262,82,7
2026-02-12 12:35:50.128625,87,10
2026-02-12 12:35:50.774962,56,18
2026-02-12 12:35:51.412372,69,31
2026-02-12 12:35:52.054127,35,44
2026-02-12 12:35:52.692921,64,18
2026-02-12 12:35:53.328982,33,19
2026-02-12 12:35:53.911116,87,45
2026-02-12 12:35:54.521863,12,33
2026-02-12 12:35:55.161406,85,15
2026-02-12 12:35:55.797223,18,32
2026-02-12 12:35:56.423291,0,1
2026-02-12 12:35:57.056972,27,10
2026-02-12 12:35:57.697168,99,46
2026-02-12 12:35:58.329924,45,37
2026-02-12 12:35:58.969542,52,31
2026-02-12 12:35:59.612603,60,40
2026-02-12 12:36:00.246300,96,31
2026-02-12 12:36:00.883965,38,32
2026-02-12 12:36:01.530758,19,8
2026-02-12 12:36:02.166478,28,12
2026-02-12 12:36:02.822149,18,49
2026-02-12 12:36:03.440911,41,1
2026-02-12 12:36:04.059614,86,30
2026-02-12 12:36:04.718884,22,50
2026-02-12 12:36:05.363619,25,5
2026-02-12 12:36:06.014837,87,5
2026-02-12 12:36:06.620264,72,39
2026-02-12 12:36:07.243395,70,20
2026-02-12 12:36:07.864806,35,5
2026-02-12 12:36:08.473315,30,20
2026-02-12 12:36:09.123370,36,46
2026-02-12 12:36:09.757883,86,39
2026-02-12 12:36:10.376954,58,31
2026-02-12 12:36:10.959369,56,19
2026-02-12 12:36:11.590776,66,49
2026-02-12 12:36:12.189662,62,6
2026-02-12 12:36:12.793488,59,5
2026-02-12 12:36:13.425968,79,50
2026-02-12 12:36:14.035152,75,24
2026-02-12 12:36:14.666310,14,25
2026-02-12 12:36:15.285244,15,45
2026-02-12 12:36:15.907319,12,20
2026-02-12 12:36:16.515717,79,43
2026-02-12 12:36:17.120830,0,17
2026-02-12 12:36:17.708796,60,4
2026-02-12 12:36:18.293747,69,34
2026-02-12 12:36:18.871124,62,35
2026-02-12 12:36:19.537767,34,7
2026-02-12 12:36:20.169970,90,30
2026-02-12 12:36:20.763965,42,50
2026-02-12 12:36:21.376058,16,37
2026-02-12 12:36:21.983584,53,46
2026-02-12 12:36:22.648505,45,42
2026-02-12 12:36:23.261119,5,49
2026-02-12 12:36:23.894692,37,15
2026-02-12 12:36:24.520235,47,26
2026-02-12 12:36:25.164505,67,23
2026-02-12 12:36:25.765107,80,18
2026-02-12 12:36:26.364383,6,28
2026-02-12 12:36:26.951799,17,50
2026-02-12 12:36:27.551721,7,15
2026-02-12 12:36:28.203556,20,41
2026-02-12 12:36:28.820439,24,33
2026-02-12 12:36:29.428596,44,40
2026-02-12 12:36:30.037108,4,18
2026-02-12 12:36:30.642039,40,45
2026-02-12 12:36:31.280781,94,40
2026-02-12 12:36:31.912294,59,15
2026-02-12 12:36:32.500165,76,27
2026-02-12 12:36:33.116322,64,39
2026-02-12 12:36:33.689335,69,7
2026-02-12 12:36:34.305362,33,49
2026-02-12 12:36:34.893854,98,3
2026-02-12 12:36:35.514552,68,29
2026-02-12 12:36:36.115084,17,29
2026-02-12 12:36:36.736967,48,24
2026-02-12 12:36:37.319052,94,49
2026-02-12 12:36:37.922374,88,1
2026-02-12 12:36:38.545366,28,30
2026-02-12 12:36:39.133572,84,12
2026-02-12 12:36:39.714944,40,28
2026-02-12 12:36:40.351470,22,20
2026-02-12 12:36:40.959491,32,7
2026-02-12 12:36:41.575091,21,41
2026-02-12 12:36:42.193611,76,46
2026-02-12 12:36:42.812988,61,7
2026-02-12 12:36:43.437006,39,10
2026-02-12 12:36:44.050074,49,38
2026-02-12 12:36:44.653091,29,22
2026-02-12 12:36:45.270012,14,31
2026-02-12 12:36:45.882500,90,6
2026-02-12 12:36:46.496571,28,1
2026-02-12 12:36:47.102566,66,11
2026-02-12 12:36:47.697415,68,36
2026-02-12 12:36:48.283128,23,32
2026-02-12 12:36:48.872633,77,31
2026-02-12 12:36:49.459992,94,0
2026-02-12 12:36:50.036463,61,32
2026-02-12 12:36:50.644609,100,12
2026-02-12 12:36:51.257097,47,9
2026-02-12 12:36:51.845929,52,47
2026-02-12 12:36:52.433874,52,42
2026-02-12 12:36:53.024750,34,50
2026-02-12 12:36:53.632113,60,2
2026-02-12 12:36:54.245048,59,6
2026-02-12 12:36:54.863296,83,40
2026-02-12 12:36:55.543464,23,39
2026-02-12 12:36:56.198993,19,15
2026-02-12 12:36:56.795108,66,8
2026-02-12 12:36:57.419646,45,2
2026-02-12 12:36:58.024570,1,29
2026-02-12 12:36:58.635878,13,1
2026-02-12 12:36:59.327384,28,24
2026-02-12 12:37:00.000692,60,31
2026-02-12 12:37:00.641170,49,40
2026-02-12 12:37:01.259787,51,13
2026-02-12 12:37:01.845543,32,16
2026-02-12 12:37:02.449230,98,17
2026-02-12 12:37:03.074353,52,39
2026-02-12 12:37:03.711572,48,36
2026-02-12 12:37:04.366261,2,1
2026-02-12 12:37:04.995827,31,43
2026-02-12 12:37:05.653047,2,41
2026-02-12 12:37:06.291139,35,45
2026-02-12 12:37:06.888821,7,47
2026-02-12 12:37:07.533652,69,29
2026-02-12 12:37:08.135804,86,5
2026-02-12 12:37:08.753710,25,47
2026-02-12 12:37:09.383368,69,3
2026-02-12 12:37:09.991057,28,45
2026-02-12 12:37:10.653438,73,11
2026-02-12 12:37:11.298672,11,43
2026-02-12 12:37:11.957727,68,32
2026-02-12 12:37:12.580756,84,26
2026-02-16 16:27:49.963586,44,30
2026-02-16 17:58:51.816465,76,40
2026-02-16 19:46:16.169211,71,25
2026-02-16 20:59:24.186497,32,12
2026-02-16 21:56:05.778423,60,37
2026-02-16 23:01:24.345145,61,12
2026-02-16 23:56:51.886020,31,15
2026-02-17 05:15:18.355639,78,38
2026-02-17 07:57:07.621591,73,36
2026-02-17 10:32:01.069694,48,6
2026-02-17 12:02:58.023921,68,14
2026-02-17 14:37:35.257985,27,31
2026-02-17 16:27:11.136681,20,5
2026-02-17 16:30:29.114614,35,45
2026-02-17 16:31:01.443820,32,24
2026-02-17 16:38:24.875599,87,12
2026-02-17 17:44:07.671533,44,31
2026-02-17 19:52:39.596343,0,18
2026-02-17 21:48:40.567223,4,29
2026-02-17 23:00:51.573681,30,27
2026-02-17 23:58:42.321723,96,15
2026-02-18 05:16:32.392780,46,47
2026-02-18 07:58:07.860268,37,43
2026-02-18 10:28:15.750163,39,6
2026-02-18 12:02:43.021185,22,42
2026-02-18 14:36:39.149153,88,18
2026-02-18 17:44:02.585254,94,50
2026-02-18 19:59:10.995958,27,39
2026-02-18 21:50:57.930021,77,6
2026-02-18 23:03:42.609375,0,14
2026-02-18 23:58:03.950385,28,7
2026-02-19 05:15:04.660352,82,11
2026-02-19 07:55:48.229430,15,24
2026-02-19 10:27:46.561082,36,15
2026-02-19 12:02:56.188786,37,16
2026-02-19 15:08:08.166027,7,6
2026-02-19 18:06:55.256128,20,4
2026-02-19 19:52:25.521775,10,3
2026-02-19 21:03:22.771702,94,13
2026-02-19 22:01:31.951172,45,30
2026-02-19 23:04:46.483767,86,4
2026-02-19 23:58:08.964907,68,38
2026-02-20 05:08:53.611784,59,50
2026-02-20 07:53:22.720737,31,42
2026-02-20 10:00:26.455166,7,49
2026-02-20 11:46:34.190575,84,45
2026-02-20 14:10:55.882790,95,22
2026-02-20 15:57:16.219293,84,19
2026-02-20 17:58:25.183061,85,18
2026-02-20 19:49:11.357023,58,13
2026-02-20 20:56:47.013524,42,42
2026-02-20 21:51:51.474240,65,4
2026-02-20 22:01:18.715523,89,4
2026-02-20 23:01:05.828864,97,23
2026-02-20 23:55:41.026872,95,5
2026-02-21 04:53:05.005466,20,19
2026-02-21 07:05:31.462198,30,7
2026-02-21 07:54:43.634649,87,11
2026-02-21 09:00:29.155434,29,40
2026-02-21 09:55:28.427944,18,37
2026-02-21 10:55:31.970071,13,7
2026-02-21 11:41:27.436363,66,18
2026-02-21 11:57:00.438018,14,46
2026-02-21 13:54:23.377038,96,47
2026-02-21 14:54:43.657554,45,0
2026-02-21 15:49:16.158080,25,9
2026-02-21 16:58:13.657040,59,47
2026-02-21 17:53:16.237049,26,41
2026-02-21 19:03:56.629134,96,5
2026-02-21 19:47:12.472197,17,50
2026-02-21 19:58:30.255555,13,7
2026-02-21 20:51:26.873168,83,2
2026-02-21 21:42:24.927261,54,0
2026-02-21 21:58:13.325978,13,9
2026-02-21 22:54:45.666815,34,43
2026-02-21 23:44:13.415657,32,19
2026-02-21 23:58:58.296918,99,12
2026-02-22 05:13:41.128504,84,41
2026-02-22 07:27:13.124978,12,15
2026-02-22 08:00:13.988640,79,13
2026-02-22 09:01:56.476417,54,24
2026-02-22 09:56:24.740698,15,18
2026-02-22 10:55:13.752838,75,44
2026-02-22 11:40:18.090299,34,23
2026-02-22 11:56:37.507828,71,45
2026-02-22 13:55:36.460052,44,39
2026-02-22 14:56:27.043338,50,32
2026-02-22 15:50:42.241605,9,36
2026-02-22 17:00:01.259073,36,37
2026-02-22 17:53:52.730236,52,19
2026-02-22 19:04:28.432859,2,34
2026-02-22 19:48:04.625188,76,49
2026-02-22 19:58:30.071887,46,13
2026-02-22 20:55:28.026214,44,21
2026-02-22 21:49:42.344608,7,2
2026-02-22 22:00:22.147438,71,39
2026-02-22 22:57:37.363104,80,27
2026-02-22 23:52:35.319992,98,4
2026-02-23 05:19:28.980630,30,13
2026-02-23 08:02:45.801635,47,41
2026-02-23 10:36:22.148904,96,9
2026-02-23 12:03:29.830280,53,20
2026-02-23 14:39:53.644542,22,21
2026-02-23 18:10:25.752372,69,10
2026-02-23 20:07:03.856839,8,16
2026-02-23 22:10:36.055541,44,22
2026-02-23 23:48:37.898894,61,24
2026-02-24 05:12:57.448692,21,32
2026-02-24 07:58:06.825563,2,14
2026-02-24 10:33:37.347677,86,3
2026-02-24 12:05:02.423368,57,22
2026-02-24 15:12:55.786589,46,44
2026-02-24 18:12:12.602471,25,23
2026-02-24 19:55:12.966506,33,41
2026-02-24 21:52:09.595753,25,44
2026-02-24 23:04:07.637400,84,44
2026-02-25 00:00:36.907911,13,2
2026-02-25 05:17:25.711654,71,38
2026-02-25 08:01:03.831602,33,39
2026-02-25 10:36:31.229787,29,41
2026-02-25 12:03:54.052584,15,3
2026-02-25 15:13:47.790322,58,35
2026-02-25 18:41:36.587567,35,44
2026-02-25 20:01:21.290132,89,23
2026-02-25 21:49:36.099697,93,26
2026-02-25 23:04:24.279140,5,7
2026-02-25 23:58:44.269901,94,19
2026-02-26 05:12:33.348040,46,32
2026-02-26 07:57:53.994615,72,22
2026-02-26 10:31:06.158897,74,1
2026-02-26 12:04:40.479888,55,3
2026-02-26 15:06:39.687776,78,38
2026-02-26 18:05:25.499856,87,35
2026-02-26 19:58:29.581040,6,39
2026-02-26 21:47:29.739352,7,28
2026-02-26 23:03:00.390895,19,45
2026-02-26 23:58:04.700831,61,2
2026-02-27 05:06:03.770136,58,32
2026-02-27 07:36:29.323276,34,48
2026-02-27 10:01:27.937210,54,9
2026-02-27 11:47:35.858764,20,12
2026-02-27 14:08:37.750084,46,43
2026-02-27 15:55:11.453770,77,47
2026-02-27 17:55:39.437386,27,28
2026-02-27 19:47:41.634538,81,47
2026-02-27 20:56:37.981833,24,0
2026-02-27 21:54:37.684531,21,38
2026-02-27 22:53:34.754124,70,10
2026-02-27 23:45:12.143567,55,32
2026-02-27 23:59:45.793606,14,25
2026-02-28 04:35:57.345389,45,2
2026-02-28 05:57:43.874032,43,14
2026-02-28 07:04:51.832501,52,42
2026-02-28 07:48:34.956533,87,24
2026-02-28 07:59:09.681812,65,12
2026-02-28 08:56:25.887850,91,33
2026-02-28 09:47:58.944484,62,35
2026-02-28 09:58:46.706173,44,20
2026-02-28 10:50:21.194576,81,34
2026-02-28 10:59:01.844850,96,2
2026-02-28 11:35:16.839356,2,16
2026-02-28 11:51:10.367499,97,32
2026-02-28 11:58:10.723878,96,36
2026-02-28 13:48:35.471611,49,44
2026-02-28 14:01:09.705918,87,40
2026-02-28 14:48:44.525870,30,48
2026-02-28 14:58:36.864865,82,23
2026-02-28 15:41:55.512163,21,31
2026-02-28 15:56:53.826704,85,4
2026-02-28 16:51:27.416182,16,34
2026-02-28 17:40:27.067905,48,1
2026-02-28 17:54:01.144055,17,27
2026-02-28 18:00:27.861764,24,5
2026-02-28 18:59:26.308340,86,2
2026-02-28 19:37:23.351813,74,33
2026-02-28 19:51:03.737175,78,6
2026-02-28 19:57:17.645170,72,11
2026-02-28 20:49:13.813139,6,28
2026-02-28 21:00:23.612155,51,0
2026-02-28 21:39:45.946395,29,1
2026-02-28 21:53:05.302756,74,18
2026-02-28 21:59:28.208489,87,14
2026-02-28 22:49:21.517257,89,27
2026-02-28 22:59:20.775196,58,50
2026-02-28 23:41:09.060053,62,26
2026-02-28 23:56:07.404002,60,34
2026-03-01 05:10:49.650606,100,38
2026-03-01 07:22:29.723300,67,17
2026-03-01 07:56:08.789038,45,47
2026-03-01 08:59:04.984206,24,36
2026-03-01 09:53:44.359724,49,46
2026-03-01 10:52:55.014296,70,49
2026-03-01 11:37:44.816370,27,30
2026-03-01 11:53:04.215553,24,40
2026-03-01 11:59:15.639353,68,49
2026-03-01 13:50:45.635762,26,8
2026-03-01 14:49:43.826426,100,49
2026-03-01 15:00:40.321162,36,45
2026-03-01 15:46:45.504369,19,6
2026-03-01 15:59:34.965953,30,48
2026-03-01 16:55:33.162287,27,7
2026-03-01 17:46:48.466725,5,0
2026-03-01 17:59:16.185829,79,48
2026-03-01 19:00:43.983905,63,18
2026-03-01 19:40:44.723885,1,20
2026-03-01 19:54:56.991993,75,13
2026-03-01 20:51:21.230411,30,35
2026-03-01 21:41:32.563288,94,37
2026-03-01 21:56:38.406168,7,25
2026-03-01 22:52:41.907694,17,23
2026-03-01 23:42:38.106810,17,13
2026-03-01 23:59:08.761446,75,8
2026-03-02 05:07:53.648585,52,15
2026-03-02 07:53:55.335328,35,37
2026-03-02 10:30:19.237730,69,24
2026-03-02 11:49:51.493867,89,6
2026-03-02 14:28:15.124170,4,47
2026-03-02 16:05:33.819342,97,49
2026-03-02 18:04:30.815609,85,6
2026-03-02 19:52:11.378871,78,1
2026-03-02 21:05:04.233740,36,41
2026-03-02 22:01:38.428953,67,2
2026-03-02 22:57:24.611704,22,24
2026-03-02 23:53:05.922083,12,24
2026-03-03 05:05:21.120817,85,6
2026-03-03 07:32:18.885416,36,19
2026-03-03 10:02:03.158074,91,24
2026-03-03 11:48:01.143409,99,21
2026-03-03 14:10:32.122720,76,13
2026-03-03 16:30:11.108517,45,8
2026-03-03 19:26:25.438519,59,44
2026-03-03 20:55:37.997185,80,43
2026-03-03 21:59:01.281699,28,20
2026-03-03 22:56:25.954654,91,29
2026-03-03 23:52:52.451444,39,44
2026-03-04 04:56:19.646349,30,13
2026-03-04 07:26:38.981358,73,44
2026-03-04 09:08:01.067424,81,50
2026-03-04 11:02:49.070947,87,7
2026-03-04 11:56:18.421579,99,2
2026-03-04 14:09:54.730379,44,7
2026-03-04 16:05:17.005606,33,32
2026-03-04 18:03:08.430804,65,30
2026-03-04 19:52:31.787707,70,6
2026-03-04 21:01:07.510475,57,11
2026-03-04 22:01:03.411135,37,2
2026-03-04 23:02:18.326868,58,22
2026-03-04 23:56:05.084935,97,27
2026-03-05 05:04:32.712181,90,10
2026-03-05 07:31:43.823838,8,26
2026-03-05 10:03:23.610155,6,5
2026-03-05 11:50:11.794153,93,14
2026-03-05 14:30:19.156973,9,17
2026-03-05 19:02:08.464466,2,32
2026-03-05 20:55:01.079059,13,29
2026-03-05 22:01:01.848799,46,37
2026-03-06 00:01:49.176699,59,2
2026-03-06 05:00:56.708828,2,6
2026-03-06 07:27:59.986017,98,27
2026-03-06 09:06:08.597144,30,43
2026-03-06 11:01:06.630174,19,5
2026-03-06 11:55:09.080684,99,6
2026-03-06 14:05:11.053082,3,13
2026-03-06 15:55:22.157209,27,50
2026-03-06 17:54:26.475394,24,12
2026-03-06 19:48:13.322858,91,18
2026-03-06 20:58:44.040006,95,6
2026-03-06 21:54:53.394313,70,17
2026-03-06 22:58:59.112942,81,15
2026-03-06 23:52:41.026912,87,6
2026-03-07 04:45:18.037030,66,13
2026-03-07 06:02:00.374158,79,46
2026-03-07 07:42:00.843903,57,44
2026-03-07 07:58:56.479372,71,6
2026-03-07 08:59:39.772810,19,28
2026-03-07 09:53:35.886904,93,50
2026-03-07 10:49:43.142766,64,3
2026-03-07 11:00:35.186571,54,47
2026-03-07 11:39:34.218333,26,20
2026-03-07 11:54:14.702713,45,2
2026-03-07 13:49:40.685210,51,32
2026-03-07 14:49:44.271506,16,48
2026-03-07 15:00:52.958648,40,30
2026-03-07 15:46:27.127939,99,4
2026-03-07 15:59:48.330033,4,23
2026-03-07 16:53:54.708882,84,44
2026-03-07 17:43:41.314416,66,43
2026-03-07 17:57:42.482437,18,46
2026-03-07 18:59:25.252908,3,15
2026-03-07 19:40:41.896100,39,33
2026-03-07 19:55:01.696917,76,1
2026-03-07 20:49:53.657137,60,22
2026-03-07 21:00:30.657263,91,36
2026-03-07 21:40:32.602215,57,44
2026-03-07 21:54:02.212098,38,46
2026-03-07 22:00:26.667320,27,30
2026-03-07 22:51:54.599670,61,21
2026-03-07 23:40:55.385564,37,8
2026-03-07 23:57:55.391824,83,32
2026-03-08 05:01:07.916162,3,27
2026-03-08 07:08:02.989725,82,49
2026-03-08 07:53:32.836299,51,3
2026-03-08 08:58:49.208295,96,26
2026-03-08 09:54:04.520120,62,41
2026-03-08 10:52:56.901939,70,48
2026-03-08 11:39:18.788164,97,27
2026-03-08 11:56:37.036967,91,2
2026-03-08 13:51:29.739770,86,2
2026-03-08 14:52:11.968591,9,15
2026-03-08 15:43:13.028627,23,3
2026-03-08 15:59:56.232861,32,34
2026-03-08 16:56:15.914824,69,2
2026-03-08 17:49:50.470138,2,28
2026-03-08 18:00:11.582769,84,45
2026-03-08 19:02:13.349192,90,20
2026-03-08 19:44:12.082158,11,19
2026-03-08 19:56:54.150333,62,41
2026-03-08 20:52:49.035905,13,21
2026-03-08 21:42:11.379789,48,25
2026-03-08 21:58:25.594771,27,16
2026-03-08 22:52:34.929928,20,3
2026-03-08 23:42:46.596242,29,14
2026-03-08 23:59:53.794244,73,48
2026-03-09 05:12:46.467922,17,50
2026-03-09 07:56:04.369435,48,15
2026-03-09 10:30:08.887543,82,46
2026-03-09 11:56:06.690619,40,8
2026-03-09 14:39:01.517518,90,25
2026-03-09 17:33:19.815810,80,46
2026-03-09 19:49:10.909456,51,27
2026-03-09 21:02:29.370109,81,8
2026-03-09 21:58:37.133590,61,23
2026-03-09 22:59:17.524956,13,46
2026-03-09 23:53:20.712051,16,38
2026-03-10 00:00:56.620436,85,4
2026-03-10 05:01:26.495002,20,37
2026-03-10 07:29:37.631784,3,12
2026-03-10 10:02:18.854115,11,4
2026-03-10 11:49:08.597175,94,13
2026-03-10 14:31:42.421277,88,16
2026-03-10 17:12:57.353036,0,45
2026-03-10 19:27:10.707224,12,17
2026-03-10 20:58:48.121810,41,12
2026-03-10 21:53:36.436471,6,34
2026-03-10 22:56:55.974833,3,34
2026-03-10 23:52:38.218204,17,18
2026-03-11 05:01:14.191248,75,46
2026-03-11 07:33:42.119012,90,48
2026-03-11 10:02:42.368242,18,39
2026-03-11 11:48:32.814237,10,28
2026-03-11 14:34:47.943137,88,8
2026-03-11 17:35:06.437300,32,12
2026-03-11 19:49:24.198726,25,12
2026-03-11 21:01:06.439104,24,34
2026-03-11 21:58:36.851886,23,39
2026-03-11 22:53:43.336655,31,1
2026-03-11 23:52:21.550979,38,39
2026-03-12 05:06:46.617028,45,9
2026-03-12 07:51:55.853297,98,9
2026-03-12 10:04:00.548803,58,18
2026-03-12 11:43:48.446665,43,26
2026-03-12 14:33:28.346893,81,17
2026-03-12 17:33:17.486971,90,44
2026-03-12 19:51:27.345270,71,14
2026-03-12 21:03:58.245023,16,47
2026-03-12 21:58:43.360439,30,4
2026-03-12 22:57:32.565443,26,47
2026-03-12 23:53:00.711783,90,3
2026-03-13 05:03:50.232806,47,13
2026-03-13 07:35:04.467049,28,26
2026-03-13 09:26:51.868618,45,30
2026-03-13 11:07:17.155642,39,10
2026-03-13 11:59:18.917230,42,9
2026-03-13 14:30:22.500854,60,3
2026-03-13 16:05:46.879015,46,1
2026-03-13 17:53:22.557155,68,7
2026-03-13 19:45:46.991670,92,50
2026-03-13 21:04:12.110135,48,3
2026-03-13 22:00:13.607770,99,21
2026-03-13 22:58:18.349414,19,19
2026-03-13 23:55:38.847318,69,39
2026-03-14 05:01:27.308775,3,49
2026-03-14 07:23:54.309209,61,5
2026-03-14 08:01:15.067128,70,36
2026-03-14 09:05:18.463306,82,50
2026-03-14 09:59:28.702256,99,0
2026-03-14 10:58:27.642565,32,2
2026-03-14 11:48:03.969470,99,39
2026-03-14 12:00:07.404917,25,9
2026-03-14 13:57:37.460393,79,49
2026-03-14 14:58:20.815723,57,19
2026-03-14 15:52:47.794846,11,11
2026-03-14 16:59:47.603404,4,13
2026-03-14 17:55:22.997930,45,27
2026-03-14 19:16:33.096288,6,3
2026-03-14 19:53:06.595198,1,33
2026-03-14 20:55:21.546533,0,40
2026-03-14 21:50:32.780299,48,33
2026-03-14 22:55:27.793293,38,50
2026-03-14 23:53:32.648082,15,35
2026-03-15 05:26:22.543007,90,30
2026-03-15 07:51:36.343051,12,15
2026-03-15 09:06:16.138621,97,0
2026-03-15 10:00:22.554650,38,40
2026-03-15 11:01:31.440432,51,29
2026-03-15 11:50:44.205811,78,19
2026-03-15 13:59:11.871264,9,13
2026-03-15 14:59:53.818892,69,37
2026-03-15 15:54:42.166226,64,34
2026-03-15 17:00:12.546269,25,4
2026-03-15 17:57:08.480139,89,40
2026-03-15 19:18:20.094819,75,20
2026-03-15 19:55:02.515610,18,15
2026-03-15 20:57:45.135916,75,10
2026-03-15 21:53:14.720774,41,20
2026-03-15 22:58:52.761692,78,12
2026-03-15 23:56:07.775460,90,18
2026-03-16 05:59:27.602663,88,29
2026-03-16 09:46:04.195258,65,42
2026-03-16 12:01:10.538416,81,34
2026-03-16 15:44:48.553512,94,4
2026-03-16 18:41:56.989084,60,0
2026-03-16 20:03:08.236296,76,39
2026-03-16 21:57:26.082329,78,31
2026-03-16 23:00:38.808967,19,38
2026-03-16 23:56:17.873355,27,24
2026-03-17 05:13:20.651393,41,31
2026-03-17 08:01:52.032004,46,23
2026-03-17 10:36:14.586864,77,13
2026-03-17 12:07:37.012738,33,19
2026-03-17 15:45:21.693503,81,42
2026-03-17 18:12:37.361323,77,6
2026-03-17 20:03:22.110461,25,47
2026-03-17 21:58:06.551902,3,14
2026-03-17 23:05:05.687998,88,12
2026-03-18 00:01:08.019768,92,21
2026-03-18 05:25:01.232603,52,43
2026-03-18 08:00:41.750223,95,31
2026-03-18 10:37:22.047334,69,21
2026-03-18 14:48:57.323402,20,18
2026-03-18 18:09:47.937722,45,44
2026-03-18 19:16:55.208326,73,49
2026-03-18 19:53:38.144384,57,18
2026-03-18 20:22:30.723601,38,10
2026-03-18 20:59:31.024831,29,50
2026-03-18 21:36:46.736960,57,23
2026-03-18 22:01:36.630736,5,41
2026-03-18 22:39:01.248470,5,31
2026-03-18 23:01:07.180654,30,4
2026-03-18 23:35:19.715510,42,22
2026-03-18 23:55:14.213946,94,34
2026-03-19 01:13:31.105921,42,31
2026-03-19 03:48:50.284522,8,32
2026-03-19 05:14:49.749307,60,4
2026-03-19 06:11:35.756521,90,43
2026-03-19 07:13:34.021296,95,43
2026-03-19 07:55:03.812913,36,24
2026-03-19 08:30:02.850515,20,34
2026-03-19 09:10:22.781031,42,28
2026-03-19 09:59:38.354821,39,17
2026-03-19 10:42:07.300912,46,7
2026-03-19 11:22:00.668099,59,47
2026-03-19 11:53:29.523243,55,23
2026-03-19 12:30:52.168972,79,14
2026-03-19 13:48:50.367334,19,11
2026-03-19 14:37:36.014712,16,26
2026-03-19 15:29:48.608141,58,6
2026-03-19 16:30:33.303758,25,17
2026-03-19 17:32:12.116522,100,18
2026-03-19 18:10:21.812872,81,42
2026-03-19 19:12:54.683738,60,22
2026-03-19 19:51:32.939700,85,21
2026-03-19 20:22:25.428833,17,25
2026-03-19 20:59:24.734864,58,18
2026-03-19 21:36:59.129017,24,36
2026-03-19 21:58:24.555915,56,48
2026-03-19 22:26:59.884300,56,8
2026-03-19 22:54:41.666907,54,38
2026-03-19 23:18:52.636521,16,40
2026-03-19 23:47:08.264021,61,4
2026-03-20 00:01:09.099979,8,41
2026-03-20 02:36:37.042386,57,33
2026-03-20 04:27:00.041621,45,20
2026-03-20 05:32:36.785056,59,50
2026-03-20 06:30:44.206914,68,23
2026-03-20 07:29:19.968396,34,32
2026-03-20 08:01:09.214346,6,41
2026-03-20 08:50:45.413709,34,47
2026-03-20 09:26:52.572762,2,21
2026-03-20 10:03:00.334181,62,27
2026-03-20 10:51:00.445663,7,47
2026-03-20 11:19:54.480719,14,12
2026-03-20 11:47:46.137039,59,30
2026-03-20 12:02:26.973501,71,8
2026-03-20 13:19:19.498348,0,41
2026-03-20 14:08:07.721286,83,32
2026-03-20 14:58:20.217735,59,32
2026-03-20 15:40:37.677786,7,42
2026-03-20 16:23:39.745100,82,11
2026-03-20 17:05:34.523921,3,39
2026-03-20 17:48:40.918759,87,22
2026-03-20 18:26:26.437951,99,24
2026-03-20 19:10:16.643909,69,37
2026-03-20 19:48:01.417598,65,23
2026-03-20 20:03:18.801613,83,22
2026-03-20 20:45:03.414033,85,9
2026-03-20 21:04:09.553110,52,34
2026-03-20 21:39:21.839445,52,3
2026-03-20 21:57:22.556874,75,40
2026-03-20 22:23:30.661672,14,33
2026-03-20 22:51:13.062364,6,34
2026-03-20 23:15:51.516510,75,50
2026-03-20 23:44:57.483339,34,40
2026-03-20 23:59:29.923289,2,14
2026-03-21 02:05:01.394047,0,20
2026-03-21 04:11:19.263054,60,16
2026-03-21 05:11:31.858690,45,46
2026-03-21 05:54:05.252236,47,19
2026-03-21 06:26:33.236175,14,37
2026-03-21 07:06:42.237717,86,25
2026-03-21 07:42:01.018974,55,33
2026-03-21 07:57:30.876218,64,48
2026-03-21 08:27:58.789210,7,31
2026-03-21 08:56:33.848231,50,32
2026-03-21 09:25:28.231578,46,0
2026-03-21 09:51:34.248084,22,40
2026-03-21 10:01:55.847233,79,32
2026-03-21 10:36:34.982531,42,1
2026-03-21 10:56:12.273194,11,6
2026-03-21 11:16:42.310131,62,40
2026-03-21 11:38:21.636831,96,6
2026-03-21 11:52:16.313101,37,5
2026-03-21 12:00:14.836011,95,27
2026-03-21 12:56:54.506907,91,2
2026-03-21 13:38:12.777582,93,7
2026-03-21 14:01:11.281501,32,42
2026-03-21 14:33:17.536569,28,25
2026-03-21 14:55:11.003637,74,9
2026-03-21 15:16:11.689698,18,43
2026-03-21 15:42:43.640688,32,43
2026-03-21 15:56:41.939796,61,13
2026-03-21 16:21:28.447859,69,4
2026-03-21 16:50:09.863315,39,16
2026-03-21 17:13:09.164205,57,50
2026-03-21 17:40:13.785051,96,12
2026-03-21 17:56:14.909072,23,7
2026-03-21 18:25:51.634033,76,31
2026-03-21 18:58:36.468040,95,13
2026-03-21 19:23:03.419457,72,16
2026-03-21 19:41:48.051442,23,1
2026-03-21 19:53:41.417939,24,21
2026-03-21 20:00:35.063453,89,34
2026-03-21 20:32:41.411784,36,47
2026-03-21 20:53:24.874010,45,7
2026-03-21 21:12:58.834193,17,13
2026-03-21 21:38:10.991697,98,18
2026-03-21 21:53:08.689623,55,16
2026-03-21 22:00:44.950782,37,50
2026-03-21 22:30:48.037871,64,6
2026-03-21 22:52:20.452179,75,0
2026-03-21 23:12:31.824766,18,19
2026-03-21 23:38:07.126268,86,0
2026-03-21 23:54:05.538257,18,48
2026-03-22 00:59:16.261573,7,43
2026-03-22 03:38:53.715363,14,19
2026-03-22 05:10:14.471779,17,43
2026-03-22 06:05:07.116403,29,3
2026-03-22 07:03:25.494165,76,12
2026-03-22 07:43:27.576639,87,22
2026-03-22 08:00:46.709733,95,22
2026-03-22 08:40:41.412210,21,18
2026-03-22 09:03:04.528422,2,18
2026-03-22 09:42:38.773328,12,13
2026-03-22 09:59:39.614518,26,8
2026-03-22 10:30:00.934249,36,9
2026-03-22 10:54:13.944266,74,43
2026-03-22 11:13:12.178263,19,16
2026-03-22 11:35:36.989070,34,19
2026-03-22 11:51:18.231211,52,0
2026-03-22 12:00:04.094796,26,4
2026-03-22 12:57:53.904892,95,13
2026-03-22 13:41:25.519639,67,30
2026-03-22 14:03:34.465626,5,10
2026-03-22 14:37:48.394591,54,11
2026-03-22 14:57:28.199923,19,49
2026-03-22 15:21:35.723932,31,22
2026-03-22 15:44:54.120675,28,30
2026-03-22 15:58:30.561454,92,38
2026-03-22 16:28:59.207095,89,49
2026-03-22 16:55:06.694361,57,13
2026-03-22 17:16:41.777136,76,27
2026-03-22 17:44:00.574224,63,34
2026-03-22 17:58:09.963669,27,38
2026-03-22 18:34:17.446497,83,42
2026-03-22 19:03:05.504574,81,34
2026-03-22 19:34:22.220288,20,30
2026-03-22 19:50:10.219265,1,28
2026-03-22 19:58:56.719486,24,13
2026-03-22 20:28:11.759971,65,33
2026-03-22 20:51:27.577355,32,44
2026-03-22 21:13:29.305237,32,27
2026-03-22 21:41:03.869960,91,14
2026-03-22 21:56:29.172687,30,15
2026-03-22 22:18:21.135203,74,20
2026-03-22 22:46:44.122525,10,48
2026-03-22 23:02:07.030426,84,35
2026-03-22 23:36:24.119112,7,48
2026-03-22 23:55:43.518610,47,7
2026-03-23 01:20:09.999477,3,16
2026-03-23 04:01:00.724612,87,1
2026-03-23 05:41:58.023024,94,40
2026-03-23 06:50:19.813656,38,36
2026-03-23 07:50:31.284076,71,42
2026-03-23 08:37:09.185427,6,46
2026-03-23 09:42:02.832533,33,47
2026-03-23 10:35:33.603613,83,39
2026-03-23 11:26:15.921607,11,45
2026-03-23 11:59:44.789285,79,11
2026-03-23 13:12:41.358341,37,38
2026-03-23 14:20:16.976640,0,18
2026-03-23 15:18:09.978263,15,32
2026-03-23 16:12:40.450566,57,41
2026-03-23 17:08:29.330556,72,35
2026-03-23 18:00:54.870007,11,23
2026-03-23 19:02:11.358026,56,45
2026-03-23 19:51:29.517948,57,3
2026-03-23 20:25:07.859075,33,1
2026-03-23 20:58:58.320198,67,41
2026-03-23 21:36:10.512314,62,15
2026-03-23 21:59:07.479891,56,49
2026-03-23 22:33:25.960626,30,14
2026-03-23 23:02:37.913892,87,38
2026-03-23 23:41:25.329389,47,50
2026-03-23 23:59:49.468760,23,43
2026-03-24 02:22:15.540341,55,29
2026-03-24 04:29:15.416474,19,30
2026-03-24 05:42:45.954820,45,45
2026-03-24 06:43:10.590511,15,12
2026-03-24 07:40:34.786347,3,3
2026-03-24 08:28:46.834194,75,20
2026-03-24 09:27:41.255145,37,45
2026-03-24 10:12:56.153628,86,20
2026-03-24 11:08:59.510642,16,44
2026-03-24 11:54:23.766394,65,43
2026-03-24 12:39:28.647905,77,40
2026-03-24 14:02:13.580353,23,17
2026-03-24 15:09:32.354530,25,6
2026-03-24 16:16:40.521617,100,43
2026-03-24 17:15:26.985697,90,8
2026-03-24 18:08:35.057083,94,15
2026-03-24 19:19:08.614730,37,6
2026-03-24 19:58:12.449657,76,9
2026-03-24 20:39:05.305522,65,49
2026-03-24 21:21:07.897725,15,24
2026-03-24 21:55:16.377138,14,49
2026-03-24 22:20:05.894738,55,38
2026-03-24 22:52:51.161618,32,5
2026-03-24 23:18:40.001949,37,41
2026-03-24 23:49:03.376740,83,9
2026-03-25 00:03:40.732040,33,37
2026-03-25 02:56:17.860232,59,43
2026-03-25 04:49:30.797522,88,3
2026-03-25 05:49:55.745399,48,46
2026-03-25 06:45:01.076126,12,11
2026-03-25 07:40:57.326199,38,38
2026-03-25 08:29:07.545821,8,48
2026-03-25 09:27:18.994433,59,25
2026-03-25 10:12:52.614764,16,37
2026-03-25 11:06:49.968908,23,9
2026-03-25 11:52:39.173623,42,0
2026-03-25 12:34:13.372826,100,46
2026-03-25 13:57:53.693746,62,34
2026-03-25 14:55:58.316152,56,45
2026-03-25 16:01:17.283216,44,48
2026-03-25 17:10:31.150194,11,18
2026-03-25 18:08:40.181811,25,23
2026-03-25 19:09:58.604283,34,10
2026-03-25 19:52:51.817956,99,9
2026-03-25 20:24:32.421970,45,24
2026-03-25 20:58:40.805018,89,36
2026-03-25 21:38:29.429162,23,28
2026-03-25 22:05:21.406155,28,49
2026-03-25 22:50:55.828094,77,8
2026-03-25 23:20:49.966908,90,28
2026-03-25 23:53:03.574397,21,32
2026-03-26 01:03:35.714959,9,4
2026-03-26 03:52:21.464720,94,17
2026-03-26 05:26:16.911312,1,26
2026-03-26 06:42:30.529448,57,19
2026-03-26 07:45:14.920293,47,13
2026-03-26 08:33:56.747959,37,19
2026-03-26 09:37:55.428750,14,6
2026-03-26 10:31:25.383713,74,50
2026-03-26 11:28:39.823620,66,39
2026-03-26 12:06:41.159699,85,22
2026-03-26 13:54:00.586410,74,13
2026-03-26 14:54:36.476165,50,19
2026-03-26 16:00:12.797840,89,40
2026-03-26 17:06:22.980707,77,12
2026-03-26 18:07:53.204458,64,41
2026-03-26 19:21:41.241295,84,32
2026-03-26 19:59:10.358836,19,30
2026-03-26 20:36:40.514100,47,14
2026-03-26 21:03:59.544193,26,10
2026-03-26 21:40:19.397424,67,49
2026-03-26 21:57:43.148002,13,20
2026-03-26 22:25:41.723868,53,23
2026-03-26 22:53:48.547828,72,4
2026-03-26 23:17:27.538358,68,22
2026-03-26 23:49:52.508518,86,12
2026-03-27 01:02:27.607565,89,34
2026-03-27 03:53:16.469006,19,50
2026-03-27 05:27:18.336645,42,33
2026-03-27 06:43:53.153818,44,24
2026-03-27 07:45:47.846315,87,3
2026-03-27 08:31:38.167030,63,37
2026-03-27 09:29:20.326054,98,41
2026-03-27 10:11:14.841632,46,4
2026-03-27 11:05:27.322438,18,34
2026-03-27 11:51:23.123663,84,6
2026-03-27 12:31:19.298953,84,6
2026-03-27 13:51:14.032044,34,33
2026-03-27 14:40:52.323544,17,2
2026-03-27 15:30:15.435204,98,37
2026-03-27 16:27:43.110926,28,34
2026-03-27 17:25:20.637278,71,30
2026-03-27 18:08:02.837528,67,9
2026-03-27 19:09:02.072926,80,35
2026-03-27 19:48:07.985850,75,7
2026-03-27 20:19:43.522855,81,50
2026-03-27 20:58:10.521289,90,50
2026-03-27 21:31:29.939214,33,38
2026-03-27 21:58:29.965570,90,29
2026-03-27 22:30:59.051553,90,42
2026-03-27 23:01:37.653872,62,2
2026-03-27 23:39:37.222665,11,6
2026-03-27 23:57:34.257752,5,35
2026-03-28 01:51:16.754678,56,11
2026-03-28 04:05:52.337318,72,34
2026-03-28 05:24:48.957670,75,35
2026-03-28 06:14:10.442302,55,38
2026-03-28 07:14:23.981524,73,11
2026-03-28 07:53:05.309929,88,28
2026-03-28 08:23:12.204768,77,38
2026-03-28 09:01:09.873465,85,31
2026-03-28 09:44:37.110969,61,33
2026-03-28 10:05:18.123895,94,31
2026-03-28 10:45:48.498446,52,43
2026-03-28 11:04:14.986998,60,50
2026-03-28 11:36:45.962033,96,17
2026-03-28 11:54:44.615617,48,6
2026-03-28 12:28:22.036912,28,49
2026-03-28 13:31:31.584089,44,42
2026-03-28 14:05:08.309739,20,39
2026-03-28 14:44:25.600592,79,0
2026-03-28 15:04:08.960511,34,10
2026-03-28 15:40:11.982640,45,13
2026-03-28 15:59:43.033313,20,42
2026-03-28 16:36:58.764194,83,8
2026-03-28 17:02:14.708711,10,33
2026-03-28 17:38:18.599283,23,4
2026-03-28 17:59:02.123198,57,39
2026-03-28 18:40:35.645716,19,10
2026-03-28 19:17:18.647315,46,23
2026-03-28 19:46:19.293587,5,4
2026-03-28 20:01:32.391721,11,26
2026-03-28 20:38:00.368191,85,38
2026-03-28 21:00:09.005506,52,4
2026-03-28 21:33:23.828634,11,30
2026-03-28 21:55:14.157171,45,22
2026-03-28 22:17:35.113597,80,13
2026-03-28 22:50:02.112436,53,10
2026-03-28 23:16:26.131552,30,10
2026-03-28 23:47:01.488921,40,24
2026-03-29 00:02:26.329112,50,48
2026-03-29 03:28:26.721439,46,10
2026-03-29 05:23:27.043637,44,2
2026-03-29 06:38:04.782112,83,4
2026-03-29 07:36:38.021748,28,48
2026-03-29 08:03:32.424933,100,43
2026-03-29 08:53:28.294651,95,23
2026-03-29 09:23:31.634048,37,7
2026-03-29 09:57:13.217456,97,40
2026-03-29 10:27:46.501390,17,10
2026-03-29 10:59:20.414865,5,2
2026-03-29 11:30:03.150329,38,35
2026-03-29 11:52:42.265482,47,28
2026-03-29 12:23:48.324924,99,41
2026-03-29 13:30:47.168243,68,27
2026-03-29 14:06:00.577910,97,17
2026-03-29 14:47:47.686027,92,7
2026-03-29 15:16:36.423322,46,5
2026-03-29 15:47:16.838241,20,6
2026-03-29 16:04:01.931518,8,34
2026-03-29 16:48:13.415394,15,41
2026-03-29 17:16:55.238359,99,38
2026-03-29 17:49:33.435139,78,38
2026-03-29 18:20:41.590531,54,12
2026-03-29 19:04:51.470816,12,4
2026-03-29 19:40:35.840169,77,40
2026-03-29 19:58:59.924540,72,26
2026-03-29 20:32:39.429292,52,25
2026-03-29 20:59:40.992167,76,15
2026-03-29 21:34:41.521672,21,7
2026-03-29 21:57:32.627625,82,20
2026-03-29 22:26:38.589882,41,44
2026-03-29 22:57:37.842481,21,16
2026-03-29 23:28:44.912898,22,24
2026-03-29 23:56:39.856566,10,50
2026-03-30 01:53:43.593254,97,22
2026-03-30 04:32:36.915212,1,37
2026-03-30 06:16:37.200179,72,23
2026-03-30 08:02:26.913593,44,1
2026-03-30 09:23:38.792474,83,42
2026-03-30 10:41:55.169708,62,7
2026-03-30 11:39:15.433200,11,20
2026-03-30 12:38:07.022713,63,36
2026-03-30 14:08:47.394775,5,33
2026-03-30 15:21:53.313613,11,24
2026-03-30 16:16:11.093014,27,17
2026-03-30 17:12:30.271772,63,38
2026-03-30 18:05:34.618366,5,35
2026-03-30 19:15:26.233293,64,19
2026-03-30 20:01:33.690551,58,32
2026-03-30 20:55:00.447015,86,16
2026-03-30 21:32:26.347728,63,32
2026-03-30 22:05:04.940030,38,27
2026-03-30 22:51:08.989078,69,5
2026-03-30 23:22:58.110763,2,18
2026-03-30 23:55:00.089960,65,30
2026-03-31 01:15:34.812597,37,11
2026-03-31 04:07:49.574939,51,15
2026-03-31 05:50:45.130725,38,22
2026-03-31 06:56:43.066332,79,46
2026-03-31 08:04:11.843412,10,41
2026-03-31 09:13:37.938721,15,34
2026-03-31 10:13:49.964971,72,27
2026-03-31 11:10:48.847577,14,31
2026-03-31 11:58:17.062893,45,44
2026-03-31 13:14:29.658377,89,39
2026-03-31 14:43:07.847900,2,27
2026-03-31 15:50:45.491395,92,4
2026-03-31 16:42:28.574611,80,31
2026-03-31 17:39:25.294891,12,19
2026-03-31 18:34:11.473719,82,3
2026-03-31 19:35:18.142403,29,8
2026-03-31 20:07:30.320918,24,13
2026-03-31 20:55:18.387021,17,43
2026-03-31 21:28:49.491906,81,41
2026-03-31 22:02:15.537251,30,37
2026-03-31 22:43:13.414523,3,48
2026-03-31 23:04:53.542070,14,16
2026-03-31 23:44:48.928300,78,6
2026-04-01 00:05:09.959756,98,4
2026-04-01 03:37:00.184660,65,26
2026-04-01 05:36:33.342998,26,43
2026-04-01 07:02:43.663466,20,28
2026-04-01 08:19:40.236340,63,49
2026-04-01 09:38:45.177760,19,2
2026-04-01 10:37:50.539004,71,19
2026-04-01 11:32:42.889940,40,8
2026-04-01 12:09:15.210349,24,27
2026-04-01 14:02:26.984997,81,19
2026-04-01 15:16:44.668634,62,12
2026-04-01 16:14:23.309307,63,22
2026-04-01 17:11:34.124447,8,25
2026-04-01 18:01:46.219304,32,20
2026-04-01 19:14:11.489066,83,20
2026-04-01 20:02:33.196892,85,17
2026-04-01 20:55:55.426929,58,0
2026-04-01 21:34:11.698005,55,0
2026-04-01 22:06:12.113036,92,40
2026-04-01 22:53:31.542557,44,50
2026-04-01 23:25:03.447621,31,47
2026-04-01 23:54:00.959476,19,21
2026-04-02 01:01:58.872609,50,39
2026-04-02 03:47:40.855018,79,34
2026-04-02 05:24:35.993160,30,6
2026-04-02 06:45:19.719394,67,33
2026-04-02 07:51:02.544485,78,23
2026-04-02 08:40:56.024984,65,17
2026-04-02 09:41:18.094524,0,16
2026-04-02 10:34:33.989642,61,15
2026-04-02 11:26:45.564831,82,2
2026-04-02 12:04:09.385212,90,23
2026-04-02 13:49:12.756087,89,30
2026-04-02 14:43:31.324752,21,39
2026-04-02 15:41:23.028778,85,4
2026-04-02 16:36:14.688807,65,48
2026-04-02 17:27:33.570097,92,5
2026-04-02 18:07:06.833550,95,46
2026-04-02 19:11:59.660846,19,28
2026-04-02 19:55:25.381375,55,49
2026-04-02 20:25:08.943361,61,6
2026-04-02 20:59:22.956806,4,8
2026-04-02 21:39:20.865606,38,17
2026-04-02 22:05:27.168609,72,1
2026-04-02 22:46:44.138139,35,26
2026-04-02 23:18:32.748541,7,43
2026-04-02 23:52:07.639640,28,31
2026-04-03 01:03:56.656859,16,48
2026-04-03 03:49:41.895961,44,2
2026-04-03 05:26:07.394978,85,25
2026-04-03 06:43:09.938790,47,21
2026-04-03 07:47:12.268362,33,24
2026-04-03 08:34:38.346615,29,22
2026-04-03 09:32:07.701103,38,42
2026-04-03 10:09:09.355360,30,29
2026-04-03 11:00:48.577130,21,50
2026-04-03 11:40:37.539914,25,15
2026-04-03 12:04:26.826142,56,11
2026-04-03 13:24:33.510495,90,27
2026-04-03 14:09:53.885551,87,43
2026-04-03 14:59:30.171456,44,41
2026-04-03 15:39:23.552708,90,7
2026-04-03 16:06:11.472870,10,25
2026-04-03 16:54:41.778004,74,30
2026-04-03 17:23:41.350675,21,42
2026-04-03 17:55:20.683950,44,32
2026-04-03 18:33:15.866509,36,48
2026-04-03 19:23:33.480026,10,0
2026-04-03 19:56:22.021124,25,17
2026-04-03 20:27:37.225994,71,37
2026-04-03 21:00:57.422029,59,30
2026-04-03 21:39:14.525987,38,4
2026-04-03 22:01:27.335270,29,1
2026-04-03 22:40:53.868958,71,33
2026-04-03 23:04:08.057930,86,13
2026-04-03 23:45:00.637070,56,43
2026-04-04 00:03:11.622992,87,35
2026-04-04 02:52:58.776922,10,42
2026-04-04 04:42:34.320681,7,46
2026-04-04 05:44:01.515654,67,17
2026-04-04 06:40:49.945840,100,2
2026-04-04 07:35:45.643808,78,50
2026-04-04 08:04:28.833409,9,37
2026-04-04 08:54:25.815802,50,42
2026-04-04 09:26:37.409153,29,41
2026-04-04 10:00:23.984852,7,21
2026-04-04 10:37:50.661428,4,22
2026-04-04 11:02:56.848028,22,28
2026-04-04 11:36:43.228044,51,27
2026-04-04 11:55:12.279048,85,23
2026-04-04 12:30:33.086782,28,29
2026-04-04 13:34:33.941992,83,12
2026-04-04 14:07:03.107200,97,34
2026-04-04 14:48:04.682369,39,49
2026-04-04 15:16:14.803145,85,45
2026-04-04 15:47:51.088196,96,11
2026-04-04 16:03:49.180713,33,29
2026-04-04 16:48:50.843589,14,35
2026-04-04 17:17:48.557904,98,12
2026-04-04 17:50:29.378657,48,14
2026-04-04 18:20:39.008320,71,50
2026-04-04 19:03:56.519856,29,6
2026-04-04 19:38:48.113626,25,10
2026-04-04 19:57:35.399514,68,34
2026-04-04 20:26:13.112050,100,50
2026-04-04 20:54:45.712097,40,31
2026-04-04 21:20:31.009365,75,27
2026-04-04 21:48:54.388600,99,15
2026-04-04 22:02:43.681092,41,42
2026-04-04 22:40:28.218914,54,15
2026-04-04 23:01:33.903025,88,41
2026-04-04 23:38:19.716688,92,3
2026-04-04 23:59:18.096620,92,31
2026-04-05 02:33:45.271626,53,16
2026-04-05 05:01:04.934919,79,15
2026-04-05 06:15:07.448351,45,30
2026-04-05 07:32:45.437330,54,18
2026-04-05 08:05:25.751361,95,7
2026-04-05 08:57:21.464576,97,45
2026-04-05 09:34:56.844749,13,20
2026-04-05 10:04:42.647666,69,26
2026-04-05 10:49:30.091682,97,10
2026-04-05 11:17:17.614196,94,3
2026-04-05 11:46:13.623474,72,37
2026-04-05 12:00:34.366592,34,2
2026-04-05 13:06:53.629114,46,3
2026-04-05 13:58:49.418619,99,47
2026-04-05 14:34:59.493308,100,2
2026-04-05 15:04:28.567454,42,24
2026-04-05 15:42:21.911801,45,24
2026-04-05 16:02:06.040222,35,31
2026-04-05 16:48:54.463398,45,42
2026-04-05 17:17:15.170771,63,4
2026-04-05 17:50:49.639961,85,30
2026-04-05 18:22:09.300550,90,38
2026-04-05 19:06:26.473420,14,30
2026-04-05 19:44:38.044568,27,39
2026-04-05 20:00:46.626736,44,22
2026-04-05 20:39:22.092584,50,41
2026-04-05 21:02:02.392670,78,28
2026-04-05 21:40:58.312485,88,26
2026-04-05 21:59:24.606453,100,1
2026-04-05 22:32:26.157149,27,41
2026-04-05 23:01:35.537715,71,33
2026-04-05 23:40:23.512760,6,14
2026-04-06 00:01:52.901846,50,9
2026-04-06 03:30:40.437720,35,5
2026-04-06 05:37:56.256867,54,25
2026-04-06 07:10:42.038609,92,24
2026-04-06 08:44:42.863292,91,12
2026-04-06 09:52:38.409233,19,21
2026-04-06 10:43:50.502121,39,14
2026-04-06 11:34:36.775099,99,1
2026-04-06 12:08:45.372226,55,27
2026-04-06 13:43:31.759673,11,8
2026-04-06 14:34:05.824870,64,26
2026-04-06 15:26:23.911973,85,36
2026-04-06 16:06:10.750237,6,16
2026-04-06 17:02:11.499878,86,8
2026-04-06 17:54:02.922653,93,7
2026-04-06 18:37:39.197804,92,44
2026-04-06 19:38:51.656529,76,24
2026-04-06 20:08:07.358872,16,10
2026-04-06 20:52:16.530267,5,31
2026-04-06 21:25:12.079274,68,25
2026-04-06 21:55:53.406915,22,41
2026-04-06 22:27:04.278469,54,41
2026-04-06 23:02:10.846361,79,49
2026-04-06 23:46:01.620382,100,7
2026-04-07 01:02:28.308439,37,12
2026-04-07 03:52:51.311831,27,49
2026-04-07 05:30:15.675703,67,16
2026-04-07 06:52:58.808106,95,38
2026-04-07 08:02:02.418275,16,41
2026-04-07 09:16:35.859433,36,37
2026-04-07 10:16:36.422553,25,10
2026-04-07 11:15:19.116175,91,6
2026-04-07 12:03:21.239669,83,30
2026-04-07 13:53:10.879638,25,17
2026-04-07 14:58:18.281038,97,46
2026-04-07 16:08:50.751293,23,7
2026-04-07 17:14:08.452589,60,22
2026-04-07 18:08:33.075938,10,1
2026-04-07 19:19:52.858903,77,2
2026-04-07 20:03:01.960124,77,27
2026-04-07 20:58:45.798497,12,2
2026-04-07 21:40:50.559485,38,2
2026-04-07 22:21:33.271032,97,3
2026-04-07 23:01:32.650883,84,45
2026-04-07 23:45:22.716475,20,29
2026-04-08 01:04:10.945303,48,16
2026-04-08 03:55:39.917744,65,18
2026-04-08 05:43:11.360237,94,12
2026-04-08 07:01:08.737673,87,44
2026-04-08 08:15:14.559045,74,5
2026-04-08 09:19:26.706407,72,34
2026-04-08 10:32:16.371019,14,5
2026-04-08 11:32:35.276167,35,23
2026-04-08 12:09:34.747380,97,3
2026-04-08 14:00:08.822718,2,50
2026-04-08 15:12:50.933975,59,14
2026-04-08 16:20:42.484615,60,33
2026-04-08 17:35:14.383557,95,23
2026-04-08 18:49:05.141309,42,45
2026-04-08 19:49:58.564545,9,2
2026-04-08 20:27:00.777982,27,37
2026-04-08 21:07:58.366081,98,46
2026-04-08 21:56:33.346717,93,21
2026-04-08 22:32:38.424326,35,31
2026-04-08 23:09:50.921945,48,33
2026-04-08 23:51:18.829397,76,3
2026-04-09 00:55:42.411611,14,12
2026-04-09 03:42:41.880203,19,22
2026-04-09 05:31:06.866347,100,13
2026-04-09 06:56:59.346910,32,16
2026-04-09 08:16:24.132385,80,29
2026-04-09 09:41:16.235379,47,45
2026-04-09 10:44:28.354888,6,23
2026-04-09 11:37:44.016544,29,19
2026-04-09 12:43:31.005478,70,46
2026-04-09 14:25:16.800076,15,20
2026-04-09 15:59:05.653302,88,2
2026-04-09 17:07:19.072798,51,6
2026-04-09 18:07:25.588184,88,16
2026-04-09 19:23:35.893214,40,47
2026-04-09 20:10:13.316091,50,42
2026-04-09 21:01:27.153322,94,18
2026-04-09 21:51:10.447021,95,22
2026-04-09 22:27:19.050211,29,39
2026-04-09 23:06:47.051016,55,2
2026-04-09 23:50:38.981356,18,40
2026-04-10 01:05:13.880475,43,49
2026-04-10 04:13:27.996422,71,22
2026-04-10 06:06:57.576912,9,14
2026-04-10 07:56:30.353550,15,41
2026-04-10 09:00:49.123768,31,11
2026-04-10 10:10:21.263509,82,3
2026-04-10 11:10:58.750327,83,48
2026-04-10 11:58:33.097308,79,10
2026-04-10 13:07:23.193530,85,32
2026-04-10 14:19:32.408135,62,2
2026-04-10 15:09:33.361274,90,34
2026-04-10 16:05:09.901737,79,46
2026-04-10 17:01:32.088827,94,5
2026-04-10 17:52:02.803872,52,45
2026-04-10 18:35:08.518375,61,41
2026-04-10 19:28:40.839230,52,0
2026-04-10 20:01:44.613082,12,22
2026-04-10 20:48:56.634022,82,10
2026-04-10 21:22:18.062612,24,22
2026-04-10 21:56:41.258654,97,9
2026-04-10 22:30:16.888816,78,2
2026-04-10 23:04:01.799541,81,13
2026-04-10 23:48:10.939134,53,7
2026-04-11 01:00:21.881594,26,18
2026-04-11 03:38:05.077696,82,20
2026-04-11 05:14:49.710343,83,29
2026-04-11 06:13:54.773867,29,19
2026-04-11 07:16:48.941239,86,10
2026-04-11 07:58:05.232922,47,47
2026-04-11 08:39:04.578462,66,1
2026-04-11 09:23:36.363635,49,16
2026-04-11 10:00:40.548557,86,20
2026-04-11 10:39:37.750366,95,12
2026-04-11 11:05:24.338011,60,49
2026-04-11 11:39:42.250207,95,22
2026-04-11 11:58:21.785471,18,5
2026-04-11 12:54:29.553228,72,33
2026-04-11 13:45:08.865696,25,1
2026-04-11 14:22:20.189721,54,42
2026-04-11 14:57:58.282131,21,30
2026-04-11 15:31:01.921166,18,23
2026-04-11 15:57:37.605283,1,36
2026-04-11 16:32:02.041147,42,29
2026-04-11 17:05:18.843533,45,7
2026-04-11 17:44:45.906396,58,19
2026-04-11 18:03:28.233190,93,14
2026-04-11 19:00:18.915481,46,36
2026-04-11 19:37:22.176512,49,38
2026-04-11 19:58:57.375802,18,36
2026-04-11 20:33:38.808745,24,5
2026-04-11 21:01:55.618586,1,35
2026-04-11 21:41:36.162623,98,45
2026-04-11 22:00:52.108368,56,19
2026-04-11 22:37:35.849939,13,14
2026-04-11 23:03:49.578752,91,49
2026-04-11 23:47:03.750016,64,48
2026-04-12 01:07:51.242253,71,49
2026-04-12 04:17:11.964947,1,39
2026-04-12 06:03:36.978789,59,8
2026-04-12 07:38:15.464805,72,26
2026-04-12 08:26:52.922873,77,28
2026-04-12 09:10:01.189372,28,41
2026-04-12 09:58:12.529652,48,14
2026-04-12 10:36:35.761380,35,13
2026-04-12 11:18:15.560979,30,44
2026-04-12 11:49:52.222849,69,26
2026-04-12 12:27:18.713245,6,24
2026-04-12 13:38:02.939114,38,12
2026-04-12 14:21:48.724751,17,29
2026-04-12 15:00:34.456009,36,37
2026-04-12 15:40:00.760954,70,49
2026-04-12 16:05:11.892891,11,19
2026-04-12 16:53:26.513312,17,21
2026-04-12 17:23:38.542821,32,38
2026-04-12 17:56:05.024914,22,1
2026-04-12 18:35:27.039683,75,50
2026-04-12 19:24:33.993483,61,0
2026-04-12 19:56:21.171836,8,47
2026-04-12 20:27:20.652655,83,23
2026-04-12 21:00:51.654049,71,36
2026-04-12 21:40:27.973033,69,48
2026-04-12 22:02:45.554738,100,43
2026-04-12 22:47:14.171387,82,21
2026-04-12 23:19:23.090030,40,30
2026-04-12 23:54:04.804816,32,45
2026-04-13 01:12:46.922922,21,44
2026-04-13 04:29:16.364638,27,46
2026-04-13 06:30:31.079971,78,24
2026-04-13 08:29:01.430848,14,33
2026-04-13 10:13:43.809030,58,6
2026-04-13 11:40:50.122373,51,44
2026-04-13 12:44:39.015899,54,16
2026-04-13 14:19:14.467748,81,32
2026-04-13 15:48:40.145718,62,1
2026-04-13 16:47:40.637870,58,30
2026-04-13 17:43:53.572094,28,41
2026-04-13 18:49:18.842276,97,23
2026-04-13 19:55:35.323242,79,47
2026-04-13 20:42:40.651871,63,21
2026-04-13 21:31:45.569809,65,41
2026-04-13 22:10:51.529125,0,21
2026-04-13 23:01:22.434102,23,37
2026-04-13 23:51:29.652398,72,12
2026-04-14 01:11:07.845220,48,36
2026-04-14 04:17:56.707616,27,13
2026-04-14 06:12:04.594670,76,47
2026-04-14 08:02:53.781266,48,42
2026-04-14 09:43:26.972292,88,25
2026-04-14 10:49:08.821507,55,46
2026-04-14 11:44:47.412094,44,5
2026-04-14 12:46:18.848447,55,39
2026-04-14 14:24:43.249167,96,31
2026-04-14 15:46:26.944446,68,27
2026-04-14 16:47:26.162996,34,46
2026-04-14 17:52:24.963956,69,31
2026-04-14 18:52:42.446775,41,31
2026-04-14 19:56:24.679474,23,14
2026-04-14 20:44:47.008596,53,18
2026-04-14 21:35:13.441942,60,49
2026-04-14 22:25:24.163102,55,32
2026-04-14 23:07:39.039934,3,19
2026-04-14 23:55:34.653778,100,38
2026-04-15 01:25:39.268759,1,24
2026-04-15 04:22:20.693160,79,35
2026-04-15 06:13:43.550333,53,37
2026-04-15 08:04:20.535437,78,21
2026-04-15 09:45:02.412755,55,29
2026-04-15 10:46:21.248071,97,36
2026-04-15 11:40:59.057199,51,25
2026-04-15 12:43:52.094874,54,25
2026-04-15 14:14:21.132324,56,0
2026-04-15 15:37:28.219049,98,40
2026-04-15 16:38:49.049041,17,8
2026-04-15 17:43:39.909530,32,49
2026-04-15 18:47:40.720919,45,40
2026-04-15 19:53:44.095555,87,35
2026-04-15 20:33:39.482692,72,22
2026-04-15 21:30:07.106472,11,10
2026-04-15 22:10:05.755360,74,37
2026-04-15 22:59:35.715318,49,13
2026-04-15 23:42:40.421517,1,42
2026-04-16 01:11:34.237831,12,27
2026-04-16 04:23:31.026978,70,7
2026-04-16 06:15:54.323143,27,3
2026-04-16 08:03:52.251578,62,36
2026-04-16 09:43:13.498308,95,47
2026-04-16 10:47:40.788732,13,46
2026-04-16 11:43:41.859931,83,28
2026-04-16 12:48:41.207670,7,41
2026-04-16 14:26:46.624244,65,32
2026-04-16 16:01:44.743665,84,41
2026-04-16 17:22:56.149528,12,10
2026-04-16 18:39:45.275188,60,50
2026-04-16 19:47:34.286205,74,30
2026-04-16 20:33:39.774081,60,50
2026-04-16 21:23:19.554111,81,17
2026-04-16 22:02:16.625520,4,24
2026-04-16 22:53:38.319985,30,38
2026-04-16 23:28:48.380121,84,41
2026-04-17 00:04:45.566500,76,28
2026-04-17 03:37:15.273822,20,49
2026-04-17 05:50:34.348178,100,5
2026-04-17 07:13:30.583124,77,49
2026-04-17 08:53:37.558728,10,18
2026-04-17 10:00:53.345328,27,10
2026-04-17 11:02:12.967308,79,32
2026-04-17 11:57:40.484955,77,25
2026-04-17 13:11:04.478595,42,1
2026-04-17 14:35:54.215404,57,8
2026-04-17 15:39:40.566222,16,50
2026-04-17 16:32:13.697878,30,14
2026-04-17 17:26:25.493203,40,46
2026-04-17 18:10:07.055547,53,1
2026-04-17 19:19:24.647074,53,12
2026-04-17 20:04:42.108255,52,47
2026-04-17 20:58:06.621649,2,4
2026-04-17 21:39:34.643572,80,50
2026-04-17 22:21:13.732040,49,19
2026-04-17 23:04:27.531632,35,16
2026-04-17 23:51:24.854783,38,24
2026-04-18 01:04:10.781395,76,40
2026-04-18 03:52:21.921370,45,24
2026-04-18 05:26:46.736122,42,1
2026-04-18 06:43:40.711954,21,49
2026-04-18 07:45:35.327989,87,9
2026-04-18 08:28:37.590908,44,22
2026-04-18 09:11:12.042190,55,17
2026-04-18 09:59:41.363844,67,4
2026-04-18 10:42:10.594163,30,31
2026-04-18 11:21:43.182799,12,32
2026-04-18 11:52:31.862206,42,16
2026-04-18 12:29:14.977818,11,33
2026-04-18 13:40:22.405525,34,11
2026-04-18 14:23:28.822967,8,35
2026-04-18 15:02:31.059610,48,21
2026-04-18 15:48:01.091104,5,19
2026-04-18 16:21:26.808042,88,12
2026-04-18 17:00:31.819755,14,45
2026-04-18 17:39:38.797399,59,18
2026-04-18 18:06:04.638567,49,18
2026-04-18 19:05:44.026230,82,46
2026-04-18 19:48:17.205512,26,33
2026-04-18 20:18:42.346338,25,45
2026-04-18 20:55:44.788332,60,32
2026-04-18 21:25:30.997143,53,38
2026-04-18 21:55:23.528273,24,47
2026-04-18 22:23:44.298728,3,31
2026-04-18 22:59:08.646971,53,26
2026-04-18 23:35:21.168978,79,50
2026-04-19 00:03:08.869793,28,23
2026-04-19 03:43:28.913109,26,12
2026-04-19 05:49:02.224043,20,31
2026-04-19 07:01:57.855991,31,32
2026-04-19 08:10:46.198889,28,33
2026-04-19 09:05:33.205077,2,50
2026-04-19 09:57:21.037380,61,38
2026-04-19 10:34:50.996490,12,34
2026-04-19 11:10:31.819273,79,22
2026-04-19 11:49:07.459570,57,19
2026-04-19 12:26:49.491263,88,9
2026-04-19 13:37:30.389548,31,7
2026-04-19 14:22:14.490071,72,9
2026-04-19 15:01:49.074940,30,22
2026-04-19 15:46:24.134605,41,26
2026-04-19 16:20:56.393753,72,47
2026-04-19 17:00:16.321775,35,33
2026-04-19 17:38:22.805367,27,13
2026-04-19 18:06:36.729213,13,49
2026-04-19 19:05:26.781860,57,50
2026-04-19 19:48:38.865829,9,34
2026-04-19 20:19:28.110481,83,23
2026-04-19 20:56:39.654077,64,42
2026-04-19 21:29:09.789470,10,17
2026-04-19 21:58:41.875402,53,18
2026-04-19 22:35:11.190060,13,3
2026-04-19 23:06:47.078422,39,35
2026-04-19 23:50:13.783088,46,0
2026-04-20 01:12:00.138878,25,47
2026-04-20 04:28:47.007443,19,24
2026-04-20 06:31:04.958338,12,40
2026-04-20 08:34:45.011293,14,24
2026-04-20 10:19:26.230397,28,50
2026-04-20 11:45:23.398079,51,17
2026-04-20 12:50:33.744301,44,25
2026-04-20 14:25:16.751606,81,18
2026-04-20 15:50:29.294287,4,50
2026-04-20 16:47:31.064960,99,8
2026-04-20 17:43:25.465598,70,2
2026-04-20 18:42:11.266867,52,35
2026-04-20 19:44:12.979729,29,34
2026-04-20 20:27:10.284033,21,40
2026-04-20 21:07:36.903108,28,17
2026-04-20 21:58:21.556324,88,3
2026-04-20 22:41:08.443594,59,29
2026-04-20 23:26:38.963103,0,23
2026-04-21 00:03:39.871032,41,20
2026-04-21 03:37:35.483287,10,39
2026-04-21 05:50:20.701644,25,47
2026-04-21 07:16:04.160717,23,31
2026-04-21 09:02:44.429931,43,37
2026-04-21 10:24:14.478564,36,39
2026-04-21 11:35:31.465443,3,0
2026-04-21 12:43:36.923089,42,1
2026-04-21 14:20:13.785808,45,50
2026-04-21 15:46:26.790928,69,2
2026-04-21 16:41:17.013677,88,43
2026-04-21 17:39:58.515401,67,15
2026-04-21 18:42:56.700940,52,0
2026-04-21 19:49:28.367811,34,24
2026-04-21 20:35:40.583418,97,3
2026-04-21 21:25:10.146194,56,23
2026-04-21 22:03:59.623770,5,44
2026-04-21 22:51:52.796335,100,32
2026-04-21 23:23:53.397790,44,9
2026-04-21 23:55:03.796281,70,7
2026-04-22 01:21:34.832345,83,40
2026-04-22 04:21:04.899423,10,41
2026-04-22 06:14:39.293705,78,16
2026-04-22 08:05:30.599879,61,47
2026-04-22 09:46:24.740553,71,8
2026-04-22 10:51:15.137389,4,50
2026-04-22 11:46:16.566678,25,41
2026-04-22 12:46:48.573808,78,24
2026-04-22 14:23:12.640355,46,1
2026-04-22 15:45:57.069223,78,8
2026-04-22 16:43:32.623580,60,16
2026-04-22 17:41:22.111193,73,44
2026-04-22 18:44:14.019218,50,3
2026-04-22 19:50:50.283391,40,5
2026-04-22 20:39:07.495301,56,33
2026-04-22 21:32:45.889584,22,25
2026-04-22 22:23:59.068500,27,45
2026-04-22 23:09:19.718192,37,1
2026-04-22 23:57:57.478061,100,37
2026-04-23 02:25:06.886508,93,38
2026-04-23 05:14:06.087492,36,7
2026-04-23 07:09:00.227146,95,18
2026-04-23 09:00:46.042474,53,12
2026-04-23 10:23:56.810797,11,19
2026-04-23 11:34:36.563678,26,41
2026-04-23 12:42:27.937336,38,34
2026-04-23 14:22:33.449173,20,1
2026-04-23 16:13:12.705122,27,37
2026-04-23 17:44:08.973367,40,49
2026-04-23 18:44:43.674894,90,48
2026-04-23 19:54:16.060543,67,46
2026-04-23 20:41:00.954736,20,33
2026-04-23 21:27:49.756482,18,1
2026-04-23 22:06:29.278290,74,11
2026-04-23 23:00:58.330640,9,8
2026-04-23 23:53:01.545970,65,11
2026-04-24 01:14:45.704102,60,23
2026-04-24 04:26:54.410308,93,19
2026-04-24 06:23:46.472972,16,19
2026-04-24 08:26:43.179194,55,4
2026-04-24 10:00:17.959449,33,24
2026-04-24 11:08:28.472797,43,44
2026-04-24 12:03:23.101503,12,22
2026-04-24 14:00:22.127124,69,30
2026-04-24 15:10:56.690696,95,5
2026-04-24 16:11:36.763826,66,30
2026-04-24 17:11:28.476896,77,22
2026-04-24 17:58:12.970101,87,24
2026-04-24 18:47:32.237443,73,21
2026-04-24 19:40:04.068444,97,23
2026-04-24 20:27:29.966412,65,26
2026-04-24 21:11:24.055205,58,28
2026-04-24 22:00:32.497289,76,13
2026-04-24 22:43:11.800073,51,21
2026-04-24 23:25:27.324027,48,3
2026-04-25 00:00:09.085062,36,38
2026-04-25 02:43:42.182209,23,5
2026-04-25 05:01:44.530384,63,26
2026-04-25 06:22:02.974157,56,44
2026-04-25 07:48:42.983094,24,2
2026-04-25 08:36:48.052856,3,36
2026-04-25 09:32:13.330415,25,25
2026-04-25 10:23:15.708037,68,38
2026-04-25 11:07:44.198096,24,23
2026-04-25 11:50:39.907632,87,31
2026-04-25 12:31:02.231943,83,1
2026-04-25 13:45:01.739085,0,31
2026-04-25 14:28:51.414248,32,26
2026-04-25 15:08:22.396604,83,35
2026-04-25 15:53:31.395852,89,10
2026-04-25 16:25:41.724209,86,3
2026-04-25 17:05:57.594463,0,27
2026-04-25 17:52:30.666889,20,46
2026-04-25 18:30:18.020438,8,11
2026-04-25 19:26:32.490159,59,34
2026-04-25 19:59:36.546248,25,12
2026-04-25 20:40:42.003577,49,34
2026-04-25 21:19:49.659621,92,32
2026-04-25 21:54:32.123964,67,19
2026-04-25 22:22:59.171257,4,11
2026-04-25 22:59:56.746118,49,35
2026-04-25 23:40:26.080251,18,43
2026-04-26 01:12:15.055342,37,1
2026-04-26 04:30:42.843085,91,31
2026-04-26 06:23:53.273209,82,20
2026-04-26 07:56:44.688717,97,17
2026-04-26 08:52:57.628247,51,1
2026-04-26 09:40:00.644877,41,20
2026-04-26 10:28:01.307975,10,3
2026-04-26 11:10:13.808612,39,38
2026-04-26 11:53:04.459050,63,19
2026-04-26 12:33:26.239927,55,0
2026-04-26 13:48:39.208468,92,35
2026-04-26 14:31:56.493991,72,11
2026-04-26 15:11:28.409016,30,9
2026-04-26 15:55:50.262360,0,38
2026-04-26 16:32:54.351639,17,10
2026-04-26 17:11:24.059500,26,9
2026-04-26 17:57:11.830266,27,22
2026-04-26 18:42:59.045237,91,37
2026-04-26 19:34:28.243623,44,27
2026-04-26 20:05:12.915413,63,47
2026-04-26 20:53:44.553143,95,14
2026-04-26 21:24:39.565914,72,47
2026-04-26 21:58:21.314048,85,48
2026-04-26 22:36:07.031382,94,7
2026-04-26 23:21:21.968370,88,8
2026-04-26 23:58:36.634383,9,47
2026-04-27 02:40:27.054481,88,36
2026-04-27 05:40:20.700437,97,32
2026-04-27 07:55:05.422747,89,34
2026-04-27 10:04:21.172979,9,45
2026-04-27 11:54:52.752170,41,9
2026-04-27 13:13:49.756056,14,50
2026-04-27 15:18:47.553800,71,19
2026-04-27 16:57:56.908718,19,10
2026-04-27 18:02:48.974457,2,43
2026-04-27 19:43:58.155098,37,10
2026-04-27 20:42:19.543904,32,47
2026-04-27 21:41:10.638183,100,33
2026-04-27 22:31:42.423943,11,23
2026-04-27 23:28:59.469446,90,36
2026-04-28 00:11:49.290230,39,49
2026-04-28 04:03:52.166298,40,34
2026-04-28 06:38:37.196037,53,0
2026-04-28 09:05:50.740250,52,12
2026-04-28 11:10:01.003212,37,33
2026-04-28 12:56:26.846999,0,18
2026-04-28 15:21:30.743279,4,37
2026-04-28 17:05:33.018710,44,16
2026-04-28 18:45:21.948126,21,23
2026-04-28 20:05:41.980756,5,19
2026-04-28 21:15:43.322259,52,22
2026-04-28 22:11:54.757520,51,22
2026-04-28 23:09:03.165611,89,42
2026-04-29 00:04:32.014203,72,19
2026-04-29 03:56:08.102446,68,6
2026-04-29 06:18:04.637532,9,20
2026-04-29 08:34:31.316770,96,12
2026-04-29 10:27:47.910618,35,27
2026-04-29 11:58:35.971272,15,47
2026-04-29 13:52:55.740389,83,16
2026-04-29 15:48:39.272822,7,6
2026-04-29 17:10:18.229209,44,24
2026-04-29 18:45:18.303043,51,36
2026-04-29 20:03:15.853664,71,12
2026-04-29 21:15:05.961367,58,19
2026-04-29 22:11:24.219008,60,25
2026-04-29 23:08:48.570044,86,28
2026-04-30 00:04:40.592002,52,47
2026-04-30 03:57:13.640718,2,48
2026-04-30 06:23:46.597610,88,30
2026-04-30 08:37:09.587067,18,25
2026-04-30 10:27:26.696435,56,17
2026-04-30 11:57:20.130323,52,32
2026-04-30 13:43:55.060553,12,30
2026-04-30 15:29:15.809822,31,50
2026-04-30 16:56:33.221749,12,32
2026-04-30 18:06:00.537953,75,23
2026-04-30 19:46:09.904650,71,22
2026-04-30 20:43:48.243871,43,9
2026-04-30 21:39:50.274323,58,2
2026-04-30 22:32:56.454925,64,23
2026-04-30 23:28:46.142443,58,33
2026-05-01 00:12:30.525823,75,46
2026-05-01 04:15:40.153479,23,27
2026-05-01 06:45:08.780720,56,37
2026-05-01 08:33:05.139909,44,11
2026-05-01 10:08:12.055248,70,2
2026-05-01 11:20:07.558950,93,35
2026-05-01 12:09:01.878585,58,8
2026-05-01 13:51:03.534965,87,3
2026-05-01 14:41:58.536478,4,0
2026-05-01 15:38:26.780856,79,32
2026-05-01 16:35:14.210404,28,41
2026-05-01 17:35:10.397807,11,50
2026-05-01 18:42:00.331933,95,42
2026-05-01 19:50:18.002717,72,26
2026-05-01 20:37:13.442370,56,7
2026-05-01 21:30:54.000404,12,17
2026-05-01 22:25:21.668086,86,35
2026-05-01 23:11:44.922039,44,13
2026-05-02 00:03:55.658776,90,44
2026-05-02 03:41:06.208159,3,35
2026-05-02 05:54:31.551170,85,3
2026-05-02 07:15:57.089023,46,27
2026-05-02 08:44:13.133821,99,18
2026-05-02 09:46:14.311610,11,8
2026-05-02 10:35:10.680051,25,5
2026-05-02 11:25:59.567746,33,12
2026-05-02 12:04:09.557852,90,43
2026-05-02 13:40:55.122497,12,21
2026-05-02 14:32:05.780603,45,15
2026-05-02 15:24:21.614040,7,12
2026-05-02 16:04:18.673650,17,30
2026-05-02 17:01:09.621624,23,17
2026-05-02 17:50:51.110682,47,2
2026-05-02 18:36:39.683101,62,42
2026-05-02 19:37:59.284121,60,20
2026-05-02 20:07:28.962318,14,25
2026-05-02 20:57:00.176046,49,18
2026-05-02 21:34:47.505070,70,32
2026-05-02 22:09:05.048009,22,6
2026-05-02 23:00:42.998311,56,14
2026-05-02 23:51:04.262630,86,0
2026-05-03 01:22:09.034427,5,20
2026-05-03 04:50:45.398259,18,14
2026-05-03 07:10:16.591175,99,15
2026-05-03 08:55:29.493794,56,29
2026-05-03 09:58:29.291043,57,34
2026-05-03 10:53:45.366795,17,38
2026-05-03 11:32:11.718247,24,28
2026-05-03 12:07:52.317954,47,36
2026-05-03 13:44:50.945238,100,32
2026-05-03 14:33:55.786852,100,39
2026-05-03 15:24:15.058101,51,31
2026-05-03 16:04:33.362520,76,34
2026-05-03 17:02:52.139868,53,22
2026-05-03 17:53:17.774155,60,34
2026-05-03 18:37:50.387284,84,16
2026-05-03 19:38:06.551059,88,8
2026-05-03 20:09:13.787231,86,48
2026-05-03 20:59:29.635235,99,44
2026-05-03 21:42:31.249306,89,39
2026-05-03 22:23:06.224705,48,44
2026-05-03 23:07:28.810589,21,33
2026-05-03 23:59:18.065147,10,28
2026-05-04 02:55:16.326381,30,31
2026-05-04 05:54:11.541071,26,38
2026-05-04 08:10:11.190682,2,11
2026-05-04 10:23:04.646689,40,15
2026-05-04 12:08:13.407945,9,35
2026-05-04 14:27:15.562149,28,22
2026-05-04 16:17:24.956476,14,36
2026-05-04 17:53:17.865036,30,16
2026-05-04 19:07:59.695104,10,5
2026-05-04 20:39:22.445136,91,24
2026-05-04 21:43:25.895063,61,26
2026-05-04 22:38:38.792019,76,34
2026-05-04 23:30:16.372383,76,1
2026-05-05 01:11:02.839039,93,30
2026-05-05 04:25:41.021910,61,33
2026-05-05 06:32:24.962874,66,30
2026-05-05 08:34:33.179282,69,32
2026-05-05 10:21:25.797863,69,22
2026-05-05 11:42:50.443327,88,14
2026-05-05 12:54:35.261924,84,22
2026-05-05 16:23:03.185205,58,20
2026-05-05 17:56:11.688571,81,40
2026-05-05 19:06:43.146005,27,21
2026-05-05 20:15:09.569535,99,6
2026-05-05 21:15:32.537940,66,41
2026-05-05 22:12:48.216953,19,7
2026-05-05 23:10:16.211182,65,39
2026-05-06 00:00:28.734090,75,34
2026-05-06 03:30:30.779554,63,37
2026-05-06 06:17:28.182898,28,31
2026-05-06 10:36:14.345172,78,45
2026-05-06 12:16:27.342032,11,30
2026-05-06 14:48:22.018314,71,7
2026-05-06 16:19:49.289161,83,21
2026-05-06 17:54:10.197269,29,32
2026-05-06 19:15:05.283496,84,19
2026-05-06 20:46:53.331234,72,38
2026-05-06 21:46:18.249405,63,19
2026-05-06 22:33:08.535680,46,13
2026-05-06 23:29:38.102651,79,14
2026-05-07 00:12:09.968318,83,25
2026-05-07 04:03:34.147045,65,6
2026-05-07 06:46:33.401255,16,33
2026-05-07 09:16:18.629010,72,20
2026-05-07 11:20:09.414706,70,9
2026-05-07 13:09:53.940433,40,6
2026-05-07 15:32:48.382792,48,33
2026-05-07 17:19:08.731376,83,23
2026-05-07 19:02:38.404674,30,15
2026-05-07 20:21:15.923947,23,29
2026-05-07 21:16:11.636000,81,39
2026-05-07 22:17:04.796372,44,2
2026-05-07 23:12:21.203678,46,9
2026-05-08 00:05:21.824788,93,43
2026-05-08 03:48:23.771967,20,8
2026-05-08 05:47:55.256544,48,42
2026-05-08 07:09:51.856291,87,16
2026-05-08 08:47:04.386585,51,47
2026-05-08 10:09:53.191146,32,18
2026-05-08 11:43:12.567523,45,49
2026-05-08 12:59:01.368077,76,38
2026-05-08 14:51:11.354145,40,46
2026-05-08 16:04:34.108070,75,9
2026-05-08 17:40:02.345468,2,14
2026-05-08 18:55:44.747319,80,28
2026-05-08 20:03:20.689044,47,31
2026-05-08 21:12:07.189347,52,31
2026-05-08 22:10:18.933726,25,3
2026-05-08 23:08:18.810561,9,47
2026-05-09 00:06:58.550803,86,43
2026-05-09 03:51:01.560316,20,9
2026-05-09 06:06:01.876796,9,18
2026-05-09 08:06:37.378483,91,0
2026-05-09 09:41:06.536296,27,47
2026-05-09 10:35:10.949152,46,6
2026-05-09 11:27:42.834267,90,23
2026-05-09 12:07:49.570665,79,4
2026-05-09 13:47:57.957726,40,31
2026-05-09 14:38:40.403050,90,45
2026-05-09 15:33:18.237887,39,18
2026-05-09 16:30:00.558676,64,7
2026-05-09 17:28:37.147239,80,18
2026-05-09 18:12:35.346083,30,18
2026-05-09 19:32:01.185865,84,34
2026-05-09 20:09:50.361292,16,9
2026-05-09 21:00:11.941704,84,46
2026-05-09 21:49:39.510271,4,1
2026-05-09 22:27:44.442382,60,11
2026-05-09 23:11:25.091462,74,33
2026-05-10 00:01:38.415702,81,9
2026-05-10 03:57:17.015593,4,38
2026-05-10 06:30:00.721146,57,43
2026-05-10 08:26:44.413353,31,29
2026-05-10 09:50:56.563489,7,7
2026-05-10 10:49:08.333976,5,45
2026-05-10 11:36:59.174936,13,42
2026-05-10 12:36:03.872231,79,45
2026-05-10 14:03:05.202846,53,18
2026-05-10 15:02:50.045010,98,47
2026-05-10 16:00:53.623937,74,12
2026-05-10 17:01:02.977845,31,48
2026-05-10 17:55:07.966005,23,33
2026-05-10 18:43:58.426595,79,7
2026-05-10 19:45:23.768459,28,46
2026-05-10 20:29:55.202328,5,41
2026-05-10 21:12:58.061311,8,20
2026-05-10 22:03:56.731290,81,33
2026-05-10 22:59:35.694247,68,42
2026-05-10 23:53:43.980778,4,21
2026-05-11 01:45:08.595304,98,26
2026-05-11 05:43:45.537327,70,19
2026-05-11 08:46:22.221682,19,40
2026-05-11 11:48:46.993246,95,12
2026-05-11 14:14:08.269510,12,29
2026-05-11 16:43:53.941885,74,7
2026-05-11 18:24:45.946726,16,20
2026-05-11 20:10:33.670645,32,22
2026-05-11 21:39:44.948561,18,16
2026-05-11 22:36:54.216025,57,6
2026-05-11 23:35:04.594788,2,5
2026-05-12 01:19:14.503360,15,6
2026-05-12 04:49:28.446919,31,25
2026-05-12 07:32:56.331038,14,24
2026-05-12 10:06:58.705918,43,40
2026-05-12 12:06:55.254950,91,34
2026-05-12 14:46:18.879332,40,27
2026-05-12 16:58:15.798656,26,11
2026-05-12 18:52:50.580214,38,35
2026-05-12 20:21:31.154520,71,10
2026-05-12 21:44:09.598314,29,2
2026-05-12 22:45:41.481215,22,9
2026-05-12 23:42:19.889838,72,29
2026-05-13 01:27:56.521334,36,8
2026-05-13 05:06:52.463942,92,16
2026-05-13 08:08:26.606873,96,3
2026-05-13 10:39:40.380728,17,15
2026-05-13 12:29:58.091606,60,31
2026-05-13 15:24:48.759874,17,10
2026-05-13 17:30:42.190032,88,13
2026-05-13 19:18:01.076555,66,7
2026-05-13 20:56:49.542968,58,40
2026-05-13 22:05:39.696079,34,13
2026-05-13 23:16:25.826319,17,44
2026-05-14 00:16:09.597023,58,36
2026-05-14 04:13:36.370907,91,3
2026-05-14 07:20:35.983960,83,48
2026-05-14 09:41:26.919012,12,26
2026-05-14 11:27:56.038179,31,16
2026-05-14 13:13:08.071555,64,36
2026-05-14 15:32:04.088409,75,2
2026-05-14 17:20:47.475058,40,46
2026-05-14 19:12:19.745364,100,8
2026-05-14 20:44:14.665049,36,39
2026-05-14 21:50:04.942415,54,43
2026-05-14 22:44:12.480802,21,11
2026-05-14 23:37:20.519797,73,47
2026-05-15 01:27:04.657692,87,35
2026-05-15 05:08:56.675633,26,3
2026-05-15 08:14:17.596563,45,30
2026-05-15 10:37:28.345597,68,23
2026-05-15 12:19:21.935266,26,28
2026-05-15 14:39:19.799200,79,34
2026-05-15 16:22:36.296030,56,29
2026-05-15 17:55:19.220545,1,17
2026-05-15 19:15:40.999794,27,46
2026-05-15 20:35:03.071112,99,15
2026-05-15 21:37:20.145167,60,19
2026-05-15 22:33:33.161362,62,43
2026-05-15 23:30:33.929887,75,23
2026-05-16 01:16:07.432782,4,0
2026-05-16 04:39:38.889011,47,21
2026-05-16 07:01:27.101395,16,45
2026-05-16 08:52:02.288951,76,18
2026-05-16 10:05:23.588426,84,44
2026-05-16 11:12:08.500594,39,25
2026-05-16 12:04:18.447048,46,40
2026-05-16 13:52:24.009427,83,25
2026-05-16 14:44:13.967976,70,9
2026-05-16 15:40:56.173611,17,8
2026-05-16 16:35:01.304813,70,47
2026-05-16 17:32:17.305636,84,14
2026-05-16 18:32:53.974037,85,8
2026-05-16 19:40:57.452089,87,26
2026-05-16 20:25:49.985932,46,44
2026-05-16 21:08:15.803577,12,35
2026-05-16 22:01:02.182084,92,13
2026-05-16 22:53:30.236051,31,37
2026-05-16 23:37:30.476766,47,11
2026-05-17 01:28:22.972878,1,3
2026-05-17 05:08:06.250254,44,7
2026-05-17 07:41:46.637843,24,32
2026-05-17 09:23:15.542812,77,46
2026-05-17 10:45:17.506712,50,10
2026-05-17 11:45:00.682477,84,40
2026-05-17 12:39:55.510093,37,11
2026-05-17 14:08:43.933880,10,20
2026-05-17 15:14:23.610373,11,17
2026-05-17 16:11:04.554710,9,3
2026-05-17 17:12:05.597629,59,32
2026-05-17 18:08:50.778890,17,9
2026-05-17 19:32:42.219704,82,5
2026-05-17 20:25:32.281825,63,35
2026-05-17 21:11:37.921360,43,50
2026-05-17 22:07:18.363573,16,4
2026-05-17 23:06:55.385668,88,2
2026-05-18 00:07:15.881269,51,34
2026-05-18 04:37:41.595562,25,49
2026-05-18 08:33:29.147848,20,28
2026-05-18 12:00:30.790079,32,0
2026-05-18 15:40:06.023477,32,17
2026-05-18 17:46:37.818791,38,6
2026-05-18 19:16:21.098414,90,5
2026-05-18 20:47:24.696035,52,19
2026-05-18 21:52:32.787635,77,28
2026-05-18 22:43:44.054664,31,41
2026-05-18 23:45:04.288218,19,28
2026-05-19 01:47:46.631515,32,19
2026-05-19 05:51:10.670306,37,30
2026-05-19 08:50:15.885667,18,26
2026-05-19 11:47:32.995139,45,33
2026-05-19 14:17:50.743575,18,23
2026-05-19 17:17:21.491995,36,4
2026-05-19 19:19:03.568242,45,50
2026-05-19 20:52:55.240932,32,15
2026-05-19 22:01:51.853922,99,1
2026-05-19 23:12:01.443097,35,29
2026-05-20 00:17:04.601843,22,28
2026-05-20 04:38:10.897547,72,16
2026-05-20 08:02:58.826811,23,24
2026-05-20 11:15:27.504535,98,0
2026-05-20 13:46:33.021354,70,2
2026-05-20 16:38:53.140783,0,7
2026-05-20 19:04:25.233483,80,9
2026-05-20 21:05:22.995086,54,40
2026-05-20 22:40:20.768638,47,19
2026-05-20 23:51:53.250319,71,30
2026-05-21 01:49:43.745499,9,13
2026-05-21 05:55:38.342512,21,15
2026-05-21 08:55:51.202324,94,17
2026-05-21 12:07:36.783050,36,20
2026-05-21 15:49:01.004504,94,47
2026-05-21 17:46:21.529749,2,42
2026-05-21 19:29:22.095418,32,46
2026-05-21 21:12:04.878708,66,7
2026-05-21 22:40:02.156166,90,5
2026-05-21 23:38:57.721064,38,16
2026-05-22 01:33:21.067653,98,32
2026-05-22 05:44:07.700372,27,35
2026-05-22 08:38:59.079252,94,46
2026-05-22 11:27:39.496327,27,23
2026-05-22 13:41:50.780692,99,7
2026-05-22 16:04:54.780115,44,14
2026-05-22 17:59:41.669730,97,44
2026-05-22 19:48:27.756893,17,26
2026-05-22 20:59:58.874955,83,50
2026-05-22 22:09:31.859146,89,50
2026-05-22 23:17:20.541446,42,9
2026-05-23 00:16:26.702299,86,16
2026-05-23 04:09:02.016636,99,7
2026-05-23 06:42:54.652828,98,49
2026-05-23 08:52:29.266996,36,30
2026-05-23 10:17:49.214145,3,37
2026-05-23 11:36:50.416310,74,47
2026-05-23 12:39:42.648287,37,13
2026-05-23 14:12:05.152481,45,9
2026-05-23 15:18:24.845321,81,49
2026-05-23 16:14:46.208179,88,44
2026-05-23 17:17:36.765673,33,37
2026-05-23 18:11:40.319127,46,16
2026-05-23 19:36:02.906288,67,10
2026-05-23 20:28:43.735124,33,23
2026-05-23 21:25:39.425650,82,31
2026-05-23 22:11:52.864309,97,34
2026-05-23 23:09:32.867525,24,32
2026-05-24 00:08:42.109420,86,41
2026-05-24 04:35:53.404901,24,46
2026-05-24 07:38:04.596090,29,40
2026-05-24 09:30:13.422201,59,37
2026-05-24 10:55:08.986262,74,22
2026-05-24 11:57:21.594033,75,43
2026-05-24 13:15:08.846807,47,44
2026-05-24 14:43:13.081574,91,12
2026-05-24 15:47:01.473865,52,30
2026-05-24 16:44:10.132562,87,47
2026-05-24 17:41:27.209362,74,49
2026-05-24 18:46:15.378718,33,31
2026-05-24 19:52:05.445355,7,17
2026-05-24 20:39:00.594519,98,39
2026-05-24 21:36:06.156365,37,16
2026-05-24 22:35:53.662531,38,37
2026-05-24 23:38:37.117960,90,46
2026-05-25 01:35:38.102820,80,46
2026-05-25 06:05:43.290598,45,19
2026-05-25 10:43:03.898152,16,24
2026-05-25 13:48:26.560045,43,20
2026-05-25 16:10:00.989332,40,20
2026-05-25 17:52:58.187233,7,10
2026-05-25 19:09:13.732918,95,40
2026-05-25 20:40:50.045362,100,22
2026-05-25 21:49:59.200104,99,26
2026-05-25 22:45:37.564114,25,4
2026-05-25 23:46:12.648414,14,2
2026-05-26 01:30:46.667898,34,23
2026-05-26 05:42:30.473226,5,40
2026-05-26 08:53:47.218265,81,42
2026-05-26 14:27:08.947795,53,6
2026-05-26 17:41:02.624863,38,4
2026-05-26 19:36:47.372592,29,35
2026-05-26 21:15:37.989484,43,37
2026-05-26 22:40:07.891657,17,2
2026-05-26 23:45:04.223220,42,12
2026-05-27 01:52:14.571021,75,31
2026-05-27 06:03:48.041244,100,44
2026-05-27 10:13:50.541411,99,12
2026-05-27 13:47:43.551998,4,11
2026-05-27 16:52:31.507550,95,19
2026-05-27 19:09:06.321397,34,32
2026-05-27 21:07:13.667651,23,33
2026-05-27 22:47:59.637932,61,7
2026-05-27 23:49:23.575657,97,34
2026-05-28 01:26:51.772522,48,46
2026-05-28 05:43:23.299186,1,17
2026-05-28 09:04:24.360596,37,22
2026-05-28 12:39:15.094186,75,32
2026-05-28 16:40:53.100287,86,45
2026-05-28 19:18:18.186591,57,31
2026-05-28 21:22:45.388819,64,47
2026-05-28 22:48:32.212047,46,9
2026-05-28 23:56:27.340166,25,5
2026-05-29 02:34:43.598451,22,37
2026-05-29 06:39:43.778584,58,13
2026-05-29 10:32:43.167161,47,16
2026-05-29 13:45:09.697552,23,3
2026-05-29 17:01:52.954993,41,5
2026-05-29 19:35:44.448509,99,41
2026-05-29 21:24:11.503839,58,3
2026-05-29 22:45:48.979215,20,20
2026-05-29 23:55:02.437974,59,7
2026-05-30 01:56:17.987329,42,32
2026-05-30 05:42:09.909128,71,12
2026-05-30 08:07:52.543472,13,25
2026-05-30 10:10:43.285423,10,49
2026-05-30 11:43:21.882915,80,19
2026-05-30 12:48:34.593033,53,16
2026-05-30 14:19:16.371599,74,13
2026-05-30 15:39:41.862111,48,42
2026-05-30 16:38:46.964578,33,13
2026-05-30 17:41:43.385206,21,48
2026-05-30 18:45:33.189731,46,28
2026-05-30 19:55:21.877696,52,19
2026-05-30 20:43:17.508604,53,37
2026-05-30 21:41:02.869070,60,5
2026-05-30 22:37:09.224473,73,41
2026-05-30 23:37:42.062026,82,14
2026-05-31 01:37:12.918462,84,10
2026-05-31 06:00:23.462455,13,31
2026-05-31 08:50:58.578324,50,30
2026-05-31 10:48:35.525344,0,0
2026-05-31 12:04:30.968470,77,31
2026-05-31 14:05:50.978100,32,47
2026-05-31 15:24:58.887094,72,47
2026-05-31 16:39:01.463079,59,50
2026-05-31 17:42:51.496255,10,20
2026-05-31 18:50:02.256661,90,39
2026-05-31 19:56:59.596328,17,20
2026-05-31 20:52:43.123027,40,46
2026-05-31 21:43:55.223222,94,39
2026-05-31 22:40:24.682336,30,5
2026-05-31 23:43:04.170765,50,0
2026-06-01 01:59:59.995044,42,4
2026-06-01 07:00:01.517084,79,30
2026-06-01 12:39:42.409968,59,43
2026-06-01 18:25:39.320728,55,0
2026-06-01 21:46:32.401805,63,21
2026-06-01 23:17:29.692182,43,39
2026-06-02 01:38:33.356944,69,39
2026-06-02 06:18:58.428394,63,19
2026-06-02 10:57:13.553126,68,15
2026-06-02 14:47:25.572041,99,40
2026-06-02 18:25:45.531486,41,24
2026-06-02 21:27:39.218510,76,43
2026-06-02 23:14:17.314314,0,43
2026-06-03 01:47:00.104913,45,17
2026-06-03 06:32:32.863564,54,37
2026-06-03 11:28:40.193450,67,14
2026-06-03 15:59:16.049364,6,25
2026-06-03 19:49:02.561681,64,28
2026-06-03 22:16:53.295078,60,36
2026-06-04 00:02:38.437851,81,41
2026-06-04 04:56:53.499289,77,45
2026-06-04 08:43:53.287141,31,25
2026-06-04 11:38:49.816464,10,33
2026-06-04 14:15:40.077140,16,48
2026-06-04 17:23:20.883439,59,35
2026-06-04 19:34:03.820795,19,50
2026-06-04 21:14:17.077844,76,2
2026-06-04 22:44:59.574411,6,31
2026-06-04 23:51:46.021167,25,38
2026-06-05 01:55:30.355537,69,26
2026-06-05 06:12:46.216684,45,7
2026-06-05 10:15:28.037856,61,16
2026-06-05 13:24:57.744684,83,27
2026-06-05 16:09:58.996625,7,27
2026-06-05 18:05:43.523303,90,24
2026-06-05 20:06:05.103572,57,47
2026-06-05 21:41:32.811385,64,28
2026-06-05 22:46:07.495200,93,41
2026-06-05 23:50:22.491682,86,21
2026-06-06 01:47:15.880477,65,50
2026-06-06 05:41:40.593078,31,16
2026-06-06 08:10:44.680964,84,41
2026-06-06 10:18:53.535274,18,27
2026-06-06 11:47:14.440653,9,43
2026-06-06 12:55:47.906360,52,11
2026-06-06 14:24:11.191245,40,46
2026-06-06 15:45:20.292275,5,21
2026-06-06 16:47:50.838940,45,28
2026-06-06 17:52:09.442406,89,38
2026-06-06 18:57:44.611956,31,21
2026-06-06 20:06:47.181784,59,28
2026-06-06 21:14:14.272841,16,21
2026-06-06 22:16:27.498367,33,41
2026-06-06 23:18:00.446741,60,21
2026-06-07 01:33:13.147742,99,49
2026-06-07 06:04:58.027232,29,16
2026-06-07 09:30:33.754245,60,0
2026-06-07 11:19:42.724816,3,10
2026-06-07 12:52:26.074763,95,50
2026-06-07 14:43:34.707804,76,25
2026-06-07 15:58:16.551808,5,37
2026-06-07 17:14:33.042285,49,45
2026-06-07 18:19:32.705749,14,41
2026-06-07 19:49:39.175924,96,9
2026-06-07 20:53:53.985826,76,8
2026-06-07 21:54:55.496532,71,12
2026-06-07 22:52:47.429404,6,21
2026-06-07 23:53:22.330845,80,38
2026-06-08 02:05:46.279910,22,11
2026-06-08 06:56:57.267822,18,26
2026-06-08 11:51:44.430547,13,45
2026-06-08 15:17:46.221898,60,31
2026-06-08 18:08:53.010751,34,3
2026-06-08 20:30:06.297539,70,12
2026-06-08 22:10:41.177896,78,6
2026-06-08 23:34:53.548633,59,18
2026-06-09 01:28:28.054891,9,25
2026-06-09 05:42:06.027279,1,3
2026-06-09 08:48:58.935876,6,48
2026-06-09 11:47:36.640938,90,33
2026-06-09 14:06:49.762797,89,49
2026-06-09 16:40:29.169600,80,47
2026-06-09 18:36:02.931903,0,40
2026-06-09 20:33:15.279136,51,31
2026-06-09 22:09:26.546303,30,18
2026-06-09 23:39:50.461374,70,5
2026-06-10 01:50:43.198462,91,6
2026-06-10 06:08:07.645669,40,2
2026-06-10 10:19:33.707224,85,47
2026-06-10 13:51:15.954761,30,13
2026-06-10 16:50:49.489125,15,17
2026-06-10 19:25:18.778592,44,16
2026-06-10 21:32:34.617542,23,10
2026-06-10 23:09:54.670886,7,36
2026-06-11 01:36:23.675544,69,15
2026-06-11 06:21:01.088128,18,43
2026-06-11 11:00:40.815497,10,36
2026-06-11 14:40:58.086790,83,3
2026-06-11 17:54:26.008506,69,46
2026-06-11 20:04:10.603163,39,1
2026-06-11 22:07:55.929234,64,30
2026-06-11 23:50:30.216828,81,17
2026-06-12 02:01:43.831513,21,16
2026-06-12 06:49:54.464788,10,2
2026-06-12 10:53:28.944623,45,34
2026-06-12 13:55:11.379671,74,49
2026-06-12 16:37:37.774842,84,33
2026-06-12 18:27:13.224148,46,21
2026-06-12 20:33:33.424720,36,1
2026-06-12 22:09:38.852975,93,29
2026-06-12 23:44:54.686408,65,38
2026-06-13 01:52:47.134390,67,21
2026-06-13 06:03:42.773530,56,46
2026-06-13 09:29:35.651406,35,11
2026-06-13 11:27:48.842571,24,10
2026-06-13 13:02:14.467663,98,47
2026-06-13 15:04:07.731898,44,33
2026-06-13 16:24:24.953012,23,35
2026-06-13 17:49:26.866072,71,26
2026-06-13 18:59:49.309162,58,42
2026-06-13 20:16:42.681939,95,49
2026-06-13 21:39:07.904388,34,45
2026-06-13 22:43:19.137686,54,46
2026-06-13 23:46:00.086648,71,24
2026-06-14 02:02:06.473609,88,36
2026-06-14 06:49:34.417552,64,22
2026-06-14 10:15:51.929309,32,11
2026-06-14 12:15:47.312426,26,15
2026-06-14 14:29:28.048692,82,46
2026-06-14 16:05:22.200765,24,43
2026-06-14 17:39:43.649184,40,41
2026-06-14 18:54:36.654166,50,19
2026-06-14 20:13:06.169308,67,38
2026-06-14 21:38:37.120642,67,12
2026-06-14 22:47:43.757575,81,32
2026-06-14 23:53:34.212188,59,2
2026-06-15 02:08:41.646712,35,33
2026-06-15 07:34:18.397654,54,20
2026-06-15 13:33:43.273809,36,28
2026-06-15 18:11:05.199297,65,19
2026-06-15 21:18:40.956833,66,28
2026-06-15 23:10:51.314293,97,22
2026-06-16 01:46:04.219171,73,5
2026-06-16 07:07:19.828007,67,27
2026-06-16 12:19:50.081820,22,14
2026-06-16 17:24:42.323433,4,35
2026-06-16 20:21:24.075224,87,1
2026-06-16 22:24:09.198045,1,40
2026-06-16 23:52:07.605090,49,8
2026-06-17 02:07:50.313393,58,12
2026-06-17 07:24:38.684863,24,46
2026-06-17 11:59:17.118378,0,24
2026-06-17 15:30:41.555412,82,15
2026-06-17 18:02:11.539432,73,42
2026-06-17 20:24:52.851156,79,28
2026-06-17 22:17:32.575753,65,14
2026-06-17 23:51:43.677688,91,46
2026-06-18 02:05:38.747666,79,15
2026-06-18 07:01:57.606764,84,13
2026-06-18 11:12:32.216549,44,22
2026-06-18 14:21:19.292532,71,1
2026-06-18 17:34:26.597714,91,32
2026-06-18 19:49:14.301857,2,46
2026-06-18 21:51:53.012139,79,50
2026-06-18 23:24:59.678213,51,31
2026-06-19 02:10:50.541076,0,1
2026-06-19 07:24:05.322389,6,41
2026-06-19 11:43:33.009633,39,10
2026-06-19 14:28:43.449131,87,23
2026-06-19 16:57:23.348410,67,35
2026-06-19 18:51:20.552251,3,20
2026-06-19 20:21:25.385652,70,48
2026-06-19 21:37:54.870743,55,34
2026-06-19 22:33:11.718345,11,24
2026-06-19 23:40:27.352343,72,29
2026-06-20 01:50:04.519773,34,0
2026-06-20 06:04:30.742157,31,47
2026-06-20 09:31:28.225965,84,27
2026-06-20 11:29:53.498285,22,19
2026-06-20 13:04:38.170790,21,3
2026-06-20 15:07:13.477776,35,30
2026-06-20 16:43:25.411382,63,35
2026-06-20 17:59:08.777562,39,46
2026-06-20 19:26:26.438937,11,8
2026-06-20 20:47:22.476403,91,39
2026-06-20 21:55:31.280076,18,48
2026-06-20 22:57:20.791211,31,40
2026-06-21 00:02:01.340261,7,12
2026-06-21 05:06:58.441197,87,1
2026-06-21 09:00:31.895916,61,40
2026-06-21 11:47:27.421225,8,48
2026-06-21 13:26:29.007556,21,48
2026-06-21 15:21:31.005831,65,29
2026-06-21 16:56:45.314225,84,19
2026-06-21 18:15:00.816338,100,5
2026-06-21 20:02:42.513229,97,35
2026-06-21 21:23:02.637305,72,48
2026-06-21 22:37:41.677041,61,19
2026-06-21 23:53:32.894059,50,35
2026-06-22 02:11:28.644295,10,19
2026-06-22 07:39:08.079922,85,12
2026-06-22 13:15:05.208219,79,1
2026-06-22 17:50:15.665515,17,3
2026-06-22 20:23:36.522652,42,16
2026-06-22 22:18:43.605713,67,32
2026-06-22 23:44:49.185648,92,14
2026-06-23 01:34:15.374813,23,20
2026-06-23 05:48:33.935266,98,37
2026-06-23 08:49:24.892641,66,9
2026-06-23 11:46:48.990705,10,48
2026-06-23 14:07:31.133119,24,33
2026-06-23 16:36:36.746532,4,4
2026-06-23 18:25:54.271011,82,2
2026-06-23 20:29:16.260389,69,39
2026-06-23 21:56:38.784735,96,13
2026-06-23 23:02:23.165683,69,36
2026-06-24 00:04:58.692466,70,49
2026-06-24 04:19:29.810170,19,37
2026-06-24 07:54:21.942344,11,4
2026-06-24 10:37:43.339634,13,49
2026-06-24 12:35:03.265101,83,39
2026-06-24 15:20:40.527462,69,35
2026-06-24 17:22:08.095703,67,44
2026-06-24 19:03:24.700563,87,47
2026-06-24 20:52:08.290627,97,39
2026-06-24 22:02:39.029300,44,4
2026-06-24 23:14:51.542082,89,15
2026-06-25 01:26:54.439592,73,49
2026-06-25 05:36:26.577158,79,15
2026-06-25 08:39:45.924729,36,35
2026-06-25 11:19:45.849164,79,32
2026-06-25 13:28:46.618639,20,48
2026-06-25 16:00:17.998613,80,13
2026-06-25 18:12:12.240195,90,1
2026-06-25 20:21:11.928003,71,13
2026-06-25 21:55:13.703197,78,0
2026-06-25 23:06:05.676866,4,30
2026-06-26 00:20:20.251526,81,31
2026-06-26 04:44:00.306143,33,48
2026-06-26 08:19:45.994392,10,49
2026-06-26 11:17:08.732998,96,18
2026-06-26 13:22:19.504511,53,39
2026-06-26 15:32:25.939345,54,35
2026-06-26 17:17:22.196726,97,17
2026-06-26 19:06:21.038088,85,37
2026-06-26 20:51:24.002134,41,50
2026-06-26 21:56:40.391427,58,38
2026-06-26 22:59:58.878094,66,31
2026-06-27 00:10:34.501043,7,32
2026-06-27 04:13:53.000464,95,4
2026-06-27 07:26:30.383861,97,39
2026-06-27 09:36:07.992141,82,39
2026-06-27 11:12:16.022062,50,33
2026-06-27 12:17:14.841308,53,8
2026-06-27 14:07:58.241559,73,49
2026-06-27 15:34:58.450991,27,15
2026-06-27 16:41:41.774423,96,30
2026-06-27 17:43:40.947935,28,8
2026-06-27 18:49:47.522243,20,39
2026-06-27 19:59:17.503995,6,36
2026-06-27 21:03:53.214039,73,13
2026-06-27 22:11:37.701272,65,18
2026-06-27 23:15:22.146482,8,43
2026-06-28 00:14:58.592619,46,48
2026-06-28 04:51:01.775730,33,11
2026-06-28 08:13:07.628475,66,41
2026-06-28 10:33:58.691024,36,37
2026-06-28 12:05:07.002576,95,25
2026-06-28 14:08:33.881390,44,3
2026-06-28 15:37:12.180479,28,50
2026-06-28 16:45:32.206863,46,35
2026-06-28 17:49:41.684688,38,41
2026-06-28 18:54:17.752189,48,5
2026-06-28 20:02:55.885811,66,0
2026-06-28 21:12:09.950713,48,42
2026-06-28 22:13:47.521739,9,14
2026-06-28 23:18:11.487675,65,38
2026-06-29 01:32:34.430241,33,22
2026-06-29 06:19:28.913488,82,5
2026-06-29 11:25:50.117796,30,18
2026-06-29 14:54:39.488841,1,36
2026-06-29 17:25:40.231138,22,34
2026-06-29 19:18:45.515418,32,38
2026-06-29 20:58:03.333170,71,4
2026-06-29 22:06:57.920050,17,50
2026-06-29 23:12:25.772523,0,44
2026-06-30 00:17:56.351061,51,7
2026-06-30 04:35:49.639571,66,5
2026-06-30 08:07:22.193794,67,33
2026-06-30 11:18:05.799005,29,43
2026-06-30 13:17:26.506533,11,19
2026-06-30 15:42:04.165658,71,29
2026-06-30 17:27:29.756196,69,25
2026-06-30 19:16:34.387855,30,39
2026-06-30 21:06:31.130466,71,5
2026-06-30 22:22:38.150490,92,49
2026-06-30 23:40:01.137396,94,45
2026-07-01 01:54:55.085086,25,13
2026-07-01 06:14:56.578481,46,44
2026-07-01 10:14:15.943716,60,36
2026-07-01 12:47:17.120448,34,45
2026-07-01 15:29:57.912709,93,1
2026-07-01 17:28:24.479143,29,49
2026-07-01 19:16:59.967347,37,7
2026-07-01 20:55:20.655632,18,9
2026-07-01 22:12:01.462106,23,45
2026-07-01 23:41:44.091008,4,8
2026-07-02 01:35:33.242905,82,34
2026-07-02 05:38:58.620660,2,28
2026-07-02 08:31:18.574061,1,2
2026-07-02 11:09:59.013748,26,9
2026-07-02 13:05:00.099601,58,31
2026-07-02 15:25:16.197569,87,45
2026-07-02 17:07:32.103060,35,13
2026-07-02 18:44:12.746793,5,45
2026-07-02 20:06:49.113207,3,10
2026-07-02 21:20:00.350224,2,0
2026-07-02 22:30:34.912689,2,49
2026-07-02 23:38:53.438852,39,30
2026-07-03 01:13:55.523443,73,15
2026-07-03 04:56:50.400788,75,33
2026-07-03 07:56:38.422407,49,50
2026-07-03 10:28:27.740529,2,36
2026-07-03 12:24:25.237250,43,36
2026-07-03 14:36:00.957598,40,23
2026-07-03 16:09:11.539799,93,14
2026-07-03 17:44:19.273164,19,22
2026-07-03 18:50:12.920987,31,43
2026-07-03 20:05:28.825591,10,8
2026-07-03 21:19:10.694017,76,16
2026-07-03 22:27:19.511651,39,42
2026-07-03 23:32:57.576287,39,11
2026-07-04 01:09:40.530199,51,47
2026-07-04 04:47:53.338942,26,29
2026-07-04 07:30:28.528871,41,28
2026-07-04 09:36:53.726110,15,33
2026-07-04 11:08:12.356197,31,9
2026-07-04 12:14:29.726268,61,42
2026-07-04 13:58:03.679917,35,43
2026-07-04 15:02:35.561786,37,11
2026-07-04 16:10:49.485499,21,41
2026-07-04 17:17:10.493343,95,7
2026-07-04 18:13:47.600461,76,27
2026-07-04 19:36:17.194548,91,42
2026-07-04 20:31:40.565415,7,11
2026-07-04 21:29:43.876628,59,48
2026-07-04 22:27:40.179690,73,48
2026-07-04 23:29:59.112054,30,42
2026-07-05 01:15:28.244067,47,22
2026-07-05 05:08:21.582995,30,30
2026-07-05 08:11:42.469675,38,11
2026-07-05 10:26:27.823886,0,15
2026-07-05 11:52:05.145287,87,13
2026-07-05 12:57:37.580067,83,18
2026-07-05 14:28:37.017198,20,10
2026-07-05 15:45:43.613391,40,31
2026-07-05 16:45:14.627514,4,25
2026-07-05 17:46:04.261085,67,37
2026-07-05 18:46:39.497238,44,8
2026-07-05 20:00:22.910670,5,22
2026-07-05 21:04:51.384383,3,30
2026-07-05 22:09:33.775179,89,9
2026-07-05 23:15:06.178451,32,16
2026-07-06 00:15:59.235857,35,25
2026-07-06 04:39:51.878528,85,12
2026-07-06 08:48:55.908125,19,29
2026-07-06 12:29:10.887541,61,22
2026-07-06 15:59:40.114880,22,19
2026-07-06 18:11:29.222687,100,18
2026-07-06 20:12:00.489405,52,27
2026-07-06 21:45:22.209170,55,45
2026-07-06 22:47:54.061878,45,49
2026-07-06 23:47:30.177480,98,28
2026-07-07 01:25:31.076722,91,32
2026-07-07 05:14:54.430588,35,18
2026-07-07 08:43:24.136018,1,32
2026-07-07 11:30:24.358188,35,36
2026-07-07 13:35:12.558323,46,9
2026-07-07 16:05:19.249289,67,22
2026-07-07 18:10:10.923422,35,11
2026-07-07 20:10:39.133117,60,40
2026-07-07 21:38:43.975617,20,42
2026-07-07 22:41:41.673345,43,29
2026-07-07 23:34:52.424318,43,29
2026-07-08 01:04:40.901724,71,5
2026-07-08 04:23:54.728320,29,48
2026-07-08 06:42:10.843852,5,19
2026-07-08 09:12:55.196390,7,16
2026-07-08 11:15:42.586330,98,0
2026-07-08 12:52:20.223277,25,38
2026-07-08 15:02:53.370093,76,42
2026-07-08 16:45:05.360610,35,28
2026-07-08 18:06:42.610353,18,13
2026-07-08 19:49:39.449706,71,49
2026-07-08 20:48:23.217105,29,22
2026-07-08 21:51:01.036112,89,27
2026-07-08 22:47:03.619547,57,45
2026-07-08 23:48:43.282949,42,1
2026-07-09 01:19:53.917773,60,6
2026-07-09 05:10:35.202560,67,35
2026-07-09 08:41:15.665180,6,21
2026-07-09 11:32:26.099811,52,46
2026-07-09 14:06:59.792295,78,38
2026-07-09 16:35:31.561099,65,9
2026-07-09 18:20:46.521396,31,21
2026-07-09 20:10:44.230609,2,22
2026-07-09 21:41:02.436167,43,25
2026-07-09 22:53:23.286772,85,29
2026-07-09 23:54:46.938328,84,22
2026-07-10 01:28:19.989021,7,38
2026-07-10 05:33:08.991919,16,33
2026-07-10 08:49:18.286293,85,23
2026-07-10 11:36:10.099054,17,2
2026-07-10 13:30:05.485553,60,22
2026-07-10 15:55:48.360851,6,2
2026-07-10 17:40:35.513424,1,44
2026-07-10 19:07:31.088985,0,29
2026-07-10 20:39:31.474380,85,44
2026-07-10 21:38:48.079340,0,27
2026-07-10 22:37:20.280000,46,39
2026-07-10 23:33:32.528083,86,34
2026-07-11 01:00:56.867405,85,28
2026-07-11 04:16:11.158813,10,46
2026-07-11 06:27:10.464260,71,15
2026-07-11 08:18:14.978993,65,15
2026-07-11 09:50:14.386565,77,35
2026-07-11 10:46:41.587534,73,32
2026-07-11 11:36:28.104569,29,38
2026-07-11 12:34:36.937210,97,40
2026-07-11 14:04:10.946219,44,10
2026-07-11 15:05:40.485568,81,39
2026-07-11 16:04:01.805740,8,1
2026-07-11 17:08:20.188815,63,50
2026-07-11 18:02:37.358970,25,19
2026-07-11 19:17:20.240637,95,46
2026-07-11 20:10:52.334900,30,45
2026-07-11 21:02:22.418500,66,10
2026-07-11 21:57:00.333057,89,26
2026-07-11 22:40:52.993689,62,31
2026-07-11 23:34:29.261580,30,17
2026-07-12 01:08:04.333653,45,48
2026-07-12 04:33:56.100528,30,41
2026-07-12 07:09:02.578017,53,8
2026-07-12 09:11:31.592975,39,47
2026-07-12 10:42:04.490579,66,28
2026-07-12 11:42:02.091654,97,48
2026-07-12 12:35:53.253999,100,10
2026-07-12 14:08:59.984514,28,7
2026-07-12 15:11:37.420180,77,47
2026-07-12 16:09:19.776227,6,38
2026-07-12 17:13:22.895457,53,29
2026-07-12 18:07:54.050672,24,36
2026-07-12 19:19:54.008684,32,7
2026-07-12 20:10:30.760366,43,37
2026-07-12 21:03:54.654071,39,4
2026-07-12 21:59:31.039948,28,1
2026-07-12 22:50:33.621735,0,41
2026-07-12 23:37:35.057803,44,29
2026-07-13 01:10:54.481380,35,38
2026-07-13 04:43:16.107946,65,47
2026-07-13 07:52:57.093622,70,49
2026-07-13 10:44:49.380823,31,49
2026-07-13 13:04:50.708394,39,16
2026-07-13 15:47:29.708980,26,28
2026-07-13 17:43:20.336027,8,29
2026-07-13 19:03:44.492412,15,7
2026-07-13 20:20:44.891423,58,32
2026-07-13 21:15:33.071886,5,23
2026-07-13 22:10:38.371059,12,23
2026-07-13 23:10:22.950666,16,14
2026-07-14 00:04:16.645689,49,8
2026-07-14 03:22:12.022457,22,34
2026-07-14 05:42:21.047181,1,34
2026-07-14 07:27:21.196812,3,16
2026-07-14 09:22:53.386141,66,21
2026-07-14 10:58:48.025427,30,42
2026-07-14 12:10:57.042793,37,12
2026-07-14 14:09:51.357773,9,29
2026-07-14 15:41:34.973918,5,21
2026-07-14 16:49:20.078159,79,50
2026-07-14 17:50:51.117455,23,13
2026-07-14 18:52:31.000390,57,44
2026-07-14 20:00:38.159596,45,11
2026-07-14 21:02:49.058665,61,26
2026-07-14 22:05:52.633889,34,43
2026-07-14 23:06:54.010361,43,34
2026-07-15 00:01:21.866153,22,47
2026-07-15 02:54:16.222344,28,37
2026-07-15 05:18:58.363954,46,32
2026-07-15 07:24:26.272267,90,37
2026-07-15 09:25:05.783864,77,21
2026-07-15 11:05:36.566182,29,14
2026-07-15 12:22:13.945186,52,25
2026-07-15 14:15:06.471459,42,23
2026-07-15 15:50:55.359164,83,39
2026-07-15 16:58:14.791794,55,32
2026-07-15 18:04:14.048509,98,45
2026-07-15 19:25:09.580023,6,44
2026-07-15 20:29:22.215171,54,44
2026-07-15 21:29:31.299171,13,29
2026-07-15 22:29:26.855985,84,8
2026-07-15 23:28:27.775291,80,19
2026-07-16 00:55:02.996674,37,1
2026-07-16 03:53:55.703177,55,36
2026-07-16 06:07:07.000710,63,28
2026-07-16 08:29:02.393121,68,36
2026-07-16 10:25:51.319065,73,36
2026-07-16 11:57:05.690550,84,41
2026-07-16 13:29:24.486230,71,36
2026-07-16 15:16:59.476930,11,45
2026-07-16 16:43:11.310377,42,19
2026-07-16 17:50:48.324999,62,13
2026-07-16 18:49:09.032583,1,29
2026-07-16 19:48:48.940991,45,27
2026-07-16 20:36:27.853609,1,48
2026-07-16 21:40:05.665012,14,25
2026-07-16 22:35:09.955597,18,48
2026-07-16 23:30:35.987076,95,47
2026-07-17 01:02:42.432391,80,44
2026-07-17 04:14:38.627689,57,9
2026-07-17 06:27:27.381930,50,23
2026-07-17 08:32:42.716503,15,43
2026-07-17 10:20:16.652536,40,31
2026-07-17 11:43:53.305882,100,38
2026-07-17 12:47:14.334568,43,31
2026-07-17 14:18:20.671833,34,18
2026-07-17 15:45:17.701973,52,18
2026-07-17 16:47:53.331120,84,36
2026-07-17 17:47:53.947884,44,49
2026-07-17 18:41:57.510789,1,10
2026-07-17 19:45:40.491979,32,18
2026-07-17 20:34:46.809818,71,35
2026-07-17 21:25:08.094088,16,21
2026-07-17 22:10:45.661696,37,40
2026-07-17 23:05:15.921318,100,43
2026-07-18 00:01:01.899554,80,8
2026-07-18 02:52:14.442747,84,32
2026-07-18 05:12:42.584439,9,28
2026-07-18 07:07:04.224732,46,39
2026-07-18 08:56:07.965212,87,33
2026-07-18 10:10:47.857754,61,35
2026-07-18 11:17:00.117732,45,38
2026-07-18 12:06:20.894500,2,28
2026-07-18 13:42:16.806749,19,40
2026-07-18 14:38:00.738256,7,34
2026-07-18 15:33:19.636614,80,43
2026-07-18 16:29:21.588233,32,21
2026-07-18 17:30:03.484876,29,49
2026-07-18 18:27:27.026305,35,23
2026-07-18 19:40:10.310921,68,37
2026-07-18 20:26:14.433750,44,31
2026-07-18 21:10:27.146456,12,20
2026-07-18 22:04:23.805548,83,21
2026-07-18 23:00:03.469303,69,10
2026-07-18 23:55:28.125292,78,24
2026-07-19 01:42:24.249256,73,42
2026-07-19 04:54:06.253441,4,48
2026-07-19 07:18:11.677917,7,32
2026-07-19 09:19:08.309058,68,36
2026-07-19 10:45:56.595337,24,22
2026-07-19 11:43:04.694809,65,13
2026-07-19 12:35:24.500111,99,18
2026-07-19 14:07:06.552206,22,47
2026-07-19 15:09:03.472614,47,29
2026-07-19 16:06:46.088740,94,4
2026-07-19 17:10:53.012325,57,17
2026-07-19 18:05:56.262207,41,7
2026-07-19 19:20:44.177357,45,31
2026-07-19 20:12:30.293488,67,5
2026-07-19 21:05:54.816362,67,3
2026-07-19 22:03:03.088735,6,40
2026-07-19 23:01:48.454546,91,17
2026-07-20 00:00:37.551315,33,37
2026-07-20 03:31:16.077625,98,39
2026-07-20 06:33:03.737893,27,28
2026-07-20 09:42:37.349086,74,19
2026-07-20 12:02:39.000414,27,0
2026-07-20 14:25:56.560835,51,25
2026-07-20 16:06:34.308112,71,39
2026-07-20 18:12:43.865102,69,48
2026-07-20 19:55:11.571343,29,1
2026-07-20 20:59:02.512700,40,13
2026-07-20 21:59:18.496273,69,24
2026-07-20 23:00:25.723383,86,37
2026-07-20 23:58:40.312692,83,40
2026-07-21 02:32:32.843838,36,12
2026-07-21 05:35:58.198065,54,35
2026-07-21 07:55:43.608550,90,36
2026-07-21 10:15:56.547843,83,34
2026-07-21 12:00:48.109016,10,17
2026-07-21 14:02:13.827161,87,2
2026-07-21 15:47:39.958086,52,42
2026-07-21 17:01:56.491913,2,30
2026-07-21 18:19:05.193088,60,36
2026-07-21 19:54:48.997454,5,17
2026-07-21 20:56:05.465237,6,23
2026-07-21 21:56:35.442673,4,33
2026-07-21 22:46:58.842199,5,23
2026-07-21 23:42:13.072150,22,11
2026-07-22 01:05:56.635790,12,36
2026-07-22 04:27:07.324142,2,1
2026-07-22 07:06:22.541834,17,3
2026-07-22 09:33:58.560288,14,41
2026-07-22 11:26:26.380711,89,44
2026-07-22 12:54:01.774526,87,0
2026-07-22 14:50:00.174155,65,48
2026-07-22 16:08:51.180151,24,6
2026-07-22 17:37:46.439190,99,20
2026-07-22 18:44:40.772377,6,16
2026-07-22 19:58:03.877338,5,35
2026-07-22 21:02:33.800114,91,2
2026-07-22 22:11:41.092848,76,9
2026-07-22 23:14:26.690694,97,21
2026-07-23 00:12:48.390428,90,8
2026-07-23 03:43:03.231924,59,8
2026-07-23 06:18:04.785062,42,22
2026-07-23 08:45:53.093756,82,38
2026-07-23 10:52:13.077566,75,19
2026-07-23 12:15:11.297858,40,35
2026-07-23 14:32:43.070965,91,25
2026-07-23 16:09:14.953189,41,7
2026-07-23 17:42:51.737930,26,0
2026-07-23 18:48:48.262848,12,17
2026-07-23 20:02:06.590161,48,38
2026-07-23 21:14:00.603717,67,3
2026-07-23 22:14:05.526605,75,20
2026-07-23 23:10:30.725198,38,37
2026-07-24 00:08:44.447181,0,19
2026-07-24 03:37:30.520970,18,34
2026-07-24 06:11:32.657464,59,35
2026-07-24 08:40:08.131417,71,2
2026-07-24 10:36:37.002240,83,31
2026-07-24 12:04:37.099269,97,8
2026-07-24 14:04:25.040983,48,11
2026-07-24 15:37:33.151355,58,38
2026-07-24 17:09:19.591638,64,30
2026-07-24 18:42:50.300721,96,38
2026-07-24 20:01:16.086097,87,18
2026-07-24 21:09:38.760094,47,7
2026-07-24 22:15:23.201664,63,49
2026-07-24 23:16:18.833116,77,37
2026-07-25 00:15:33.504790,34,41
2026-07-25 03:38:36.898102,42,24
2026-07-25 06:03:25.336731,95,38
2026-07-25 08:19:09.102194,95,13
2026-07-25 10:01:44.200952,9,28
2026-07-25 11:17:09.732259,65,42
2026-07-25 12:10:24.539180,94,48
2026-07-25 13:58:35.194700,94,34
2026-07-25 15:01:17.150427,38,10
2026-07-25 16:06:55.251447,11,19
2026-07-25 17:11:15.682328,5,48
2026-07-25 18:05:36.766578,27,13
2026-07-25 19:21:57.913784,80,24
2026-07-25 20:15:54.228821,84,34
2026-07-25 21:09:25.821415,100,22
2026-07-25 22:06:26.514757,69,14
2026-07-25 23:06:04.455647,28,24
2026-07-26 00:08:23.798675,78,21
2026-07-26 03:49:37.638640,67,16
2026-07-26 06:24:34.516189,45,41
2026-07-26 08:42:13.422959,2,4
2026-07-26 10:21:38.410954,74,24
2026-07-26 11:39:38.671478,14,21
2026-07-26 12:42:28.096136,87,8
2026-07-26 14:13:31.673809,46,19
2026-07-26 15:21:13.393385,83,35
2026-07-26 16:16:52.141409,65,47
2026-07-26 17:17:25.667028,57,24
2026-07-26 18:13:25.951675,32,35
2026-07-26 19:34:02.725072,50,33
2026-07-26 20:31:49.612699,71,22
2026-07-26 21:28:49.894414,7,14
2026-07-26 22:29:28.417575,62,43
2026-07-26 23:29:11.135946,34,45
2026-07-27 01:07:41.053934,52,16
2026-07-27 04:49:00.873043,47,6
2026-07-27 08:16:17.453304,52,13
2026-07-27 11:41:28.376037,98,39
2026-07-27 13:56:21.900795,11,50
2026-07-27 16:09:24.121617,18,15
2026-07-27 17:52:57.746580,7,26
2026-07-27 19:03:20.816775,54,9
2026-07-27 20:38:11.527767,85,28
2026-07-27 21:44:37.925163,42,4
2026-07-27 22:41:49.355857,19,49
2026-07-27 23:43:05.895757,89,22
2026-07-28 01:02:29.037282,74,10
2026-07-28 04:16:32.491374,15,17
2026-07-28 06:41:36.984615,47,20
2026-07-28 09:21:59.249696,13,28
2026-07-28 11:30:49.377710,41,35
2026-07-28 13:10:51.385737,97,43
2026-07-28 15:31:45.614373,15,38
2026-07-28 17:00:40.173353,12,3
2026-07-28 18:17:08.247163,57,47
2026-07-28 19:54:09.670792,37,18
2026-07-28 20:54:00.373217,7,13
2026-07-28 21:51:44.517485,66,49
2026-07-28 22:44:44.000683,84,37
2026-07-28 23:41:14.674337,89,23
2026-07-29 01:06:45.666274,77,3
2026-07-29 04:23:57.076866,13,37
2026-07-29 07:09:55.793990,85,48
2026-07-29 09:46:57.054320,96,42
2026-07-29 11:49:33.610111,15,10
2026-07-29 13:26:11.904893,70,19
2026-07-29 15:25:23.409612,61,2
2026-07-29 16:44:34.565211,12,35
2026-07-29 17:55:31.261221,20,16
2026-07-29 18:55:57.001707,76,20
2026-07-29 20:07:40.518392,72,34
2026-07-29 21:09:01.837918,72,13
2026-07-29 22:09:04.476310,20,15
2026-07-29 23:10:49.907655,12,11
2026-07-30 00:08:14.679099,62,21
2026-07-30 03:20:49.641244,93,26
2026-07-30 06:01:57.508996,71,35
2026-07-30 08:40:24.138318,83,3
2026-07-30 10:48:57.599441,55,44
2026-07-30 12:16:19.869614,80,21
2026-07-30 14:33:18.232143,16,47
2026-07-30 16:08:28.914186,71,41
2026-07-30 17:44:13.719691,69,36
2026-07-30 19:00:31.439590,69,33
2026-07-30 20:16:04.274488,0,44
2026-07-30 21:33:07.105496,16,29
2026-07-30 22:39:20.572530,27,10
2026-07-30 23:38:10.897756,26,26
2026-07-31 01:09:29.696459,72,7
2026-07-31 04:35:06.949139,1,38
2026-07-31 07:25:57.612142,40,27
2026-07-31 10:02:42.656056,43,27
2026-07-31 12:06:30.383982,7,5
2026-07-31 14:28:57.529239,0,43
2026-07-31 16:15:44.302024,24,9
2026-07-31 17:52:55.618271,95,0
2026-07-31 18:59:24.635985,49,33
2026-07-31 20:20:17.335322,50,19
2026-07-31 21:31:25.380500,3,3
2026-07-31 22:33:34.801301,2,32
2026-07-31 23:34:06.561330,19,21
2026-08-01 01:07:05.075150,70,14
2026-08-01 04:29:39.358628,55,48
2026-08-01 07:02:13.809267,85,30
2026-08-01 09:11:26.935067,71,3
2026-08-01 10:46:54.645482,95,49
2026-08-01 11:47:51.382100,60,50
2026-08-01 12:41:43.156384,41,34
2026-08-01 14:11:39.803269,62,1
2026-08-01 15:14:47.365042,62,33
2026-08-01 16:12:51.362047,77,21
2026-08-01 17:13:05.221817,17,40
2026-08-01 18:09:57.133801,39,16
2026-08-01 19:30:09.787337,1,45
2026-08-01 20:26:12.517293,23,12
2026-08-01 21:21:48.403292,64,4
2026-08-01 22:14:04.049734,64,20
2026-08-01 23:10:14.150494,90,24
2026-08-02 00:08:27.424189,7,32
2026-08-02 03:47:22.101085,79,33
2026-08-02 06:21:42.180541,44,50
2026-08-02 08:39:51.822517,74,32
2026-08-02 10:18:29.535224,6,47
2026-08-02 11:36:16.326484,79,18
2026-08-02 12:39:06.614490,1,5
2026-08-02 14:11:45.950949,92,47
2026-08-02 15:17:08.779477,80,18
2026-08-02 16:14:46.191140,79,0
2026-08-02 17:15:37.371779,86,20
2026-08-02 18:11:22.741873,62,17
2026-08-02 19:31:42.391146,0,7
2026-08-02 20:29:25.547386,40,35
2026-08-02 21:24:42.468763,97,13
2026-08-02 22:15:14.021197,99,22
2026-08-02 23:11:52.033353,73,6
2026-08-03 00:10:37.747421,92,48
2026-08-03 03:50:23.934494,53,12
2026-08-03 06:48:13.664257,55,12
2026-08-03 10:27:50.566667,9,8
2026-08-03 13:23:36.498286,96,13
2026-08-03 15:58:34.764076,75,39
2026-08-03 17:48:37.111398,8,48
2026-08-03 19:10:59.428323,51,23
2026-08-03 20:38:10.551098,23,30
2026-08-03 21:45:25.770565,29,18
2026-08-03 22:41:28.338124,49,8
2026-08-03 23:46:01.142979,33,13
2026-08-04 01:07:34.536219,49,36
2026-08-04 04:24:44.365243,96,14
2026-08-04 07:05:44.133140,85,34
2026-08-04 09:45:00.152895,27,31
2026-08-04 11:48:58.817148,56,26
2026-08-04 13:25:51.365648,8,49
2026-08-04 15:42:38.544655,21,49
2026-08-04 17:19:15.781085,74,37
2026-08-04 18:56:47.545687,72,38
2026-08-04 20:19:51.336083,97,30
2026-08-04 21:40:20.724488,9,31
2026-08-04 22:41:30.061049,31,39
2026-08-04 23:40:38.301080,14,19
2026-08-05 01:01:50.603156,95,35
2026-08-05 04:16:05.104216,47,37
2026-08-05 06:42:35.867629,81,49
2026-08-05 09:23:14.306984,23,32
2026-08-05 11:32:58.530074,71,48
2026-08-05 13:13:38.917887,59,49
2026-08-05 15:26:49.971068,36,33
2026-08-05 16:58:32.694045,97,9
2026-08-05 18:19:22.558797,65,3
2026-08-05 19:58:24.185833,93,25
2026-08-05 21:04:34.168023,18,3
2026-08-05 22:16:39.904175,41,2
2026-08-05 23:18:11.445189,43,40
2026-08-06 00:11:59.292497,92,31
2026-08-06 03:33:40.280910,63,4
2026-08-06 06:12:06.123326,79,8
2026-08-06 08:51:33.217760,28,40
2026-08-06 11:08:54.656185,12,41
2026-08-06 13:01:46.849282,39,11
2026-08-06 15:19:41.572673,64,14
2026-08-07 00:26:27.087972,41,10
2026-08-07 03:24:21.278530,37,46
2026-08-07 05:08:38.493386,92,38
2026-08-07 06:15:19.294568,31,27
2026-08-07 07:41:45.945590,19,36
2026-08-07 08:38:14.549933,13,24
2026-08-07 09:36:43.916983,63,18
2026-08-07 10:29:22.898353,14,43
2026-08-07 11:21:41.086366,90,11
2026-08-07 12:01:35.461263,97,1
2026-08-07 13:17:33.760212,18,20
2026-08-07 14:26:11.214447,46,26
2026-08-07 15:15:01.191485,34,20
2026-08-07 16:08:41.086737,48,6
2026-08-07 17:03:52.225120,47,29
2026-08-07 17:54:42.094239,8,19
2026-08-07 18:35:20.835926,66,17
2026-08-07 19:35:03.426828,36,39
2026-08-07 20:09:22.352662,62,28
2026-08-07 20:54:38.536420,11,39
2026-08-07 21:25:44.095014,97,27
2026-08-07 22:02:47.019763,52,34
2026-08-07 22:47:12.042654,80,15
2026-08-07 23:18:47.556941,40,17
2026-08-07 23:50:12.336708,96,29
2026-08-08 00:34:17.895984,63,5
2026-08-08 02:30:13.764278,23,50
2026-08-08 03:50:20.068294,70,26
2026-08-08 04:41:30.653899,51,2
2026-08-08 05:23:55.362081,91,20
2026-08-08 06:01:35.810831,30,20
2026-08-08 07:03:03.005987,9,0
2026-08-08 07:53:25.032811,99,23
2026-08-08 08:22:56.041362,29,6
2026-08-08 09:05:14.734781,1,13
2026-08-08 09:49:03.276010,61,43
2026-08-08 10:14:59.027745,82,23
2026-08-08 10:51:25.551329,45,31
2026-08-08 11:14:44.091102,87,29
2026-08-08 11:43:06.772303,57,42
2026-08-08 12:01:27.000417,67,2
2026-08-08 12:59:52.296802,53,45
2026-08-08 13:46:58.323806,42,50
2026-08-08 14:17:53.868154,13,48
2026-08-08 14:51:07.895323,46,45
2026-08-08 15:13:39.617692,48,8
2026-08-08 15:44:52.118042,95,45
2026-08-08 16:03:19.872455,45,0
2026-08-08 16:44:45.723497,29,28
2026-08-08 17:12:26.648520,76,13
2026-08-08 17:44:59.518087,91,27
2026-08-08 18:03:23.554763,30,25
2026-08-08 18:51:12.560135,4,25
2026-08-08 19:18:01.777161,94,32
2026-08-08 19:46:11.918390,29,47
2026-08-08 20:03:43.645139,50,11
2026-08-08 20:40:02.432059,98,23
2026-08-08 21:03:24.296884,95,14
2026-08-08 21:38:14.216026,72,23
2026-08-08 21:59:25.611476,12,9
2026-08-08 22:29:16.966384,36,21
2026-08-08 22:57:29.652118,21,46
2026-08-08 23:23:03.473521,9,47
2026-08-08 23:49:18.885873,15,33
2026-08-09 00:35:21.397635,22,10
2026-08-09 02:36:54.307461,92,37
2026-08-09 04:02:17.901363,0,48
2026-08-09 05:12:16.927221,99,3
2026-08-09 05:56:09.537179,94,28
2026-08-09 06:39:58.922670,55,27
2026-08-09 07:38:34.821426,15,49
2026-08-09 08:19:49.879761,22,21
2026-08-09 09:05:28.546086,43,3
2026-08-09 09:50:49.802261,75,47
2026-08-09 10:17:22.489759,100,50
2026-08-09 10:54:03.968701,99,18
2026-08-09 11:16:21.826723,34,8
2026-08-09 11:46:13.963161,14,6
2026-08-09 12:04:20.238250,100,11
2026-08-09 13:09:02.544911,46,18
2026-08-09 13:55:34.930156,62,21
2026-08-09 14:23:58.773707,28,30
2026-08-09 14:57:12.010198,51,34
2026-08-09 15:24:55.631833,37,34
2026-08-09 15:54:07.765669,80,2
2026-08-09 16:16:35.051683,68,49
2026-08-09 16:55:42.905511,7,43
2026-08-09 17:21:26.553164,86,12
2026-08-09 17:52:23.462554,62,22
2026-08-09 18:18:01.635257,19,41
2026-08-09 19:03:51.245764,38,32
2026-08-09 19:40:38.247088,27,33
2026-08-09 20:02:03.405803,64,43
2026-08-09 20:41:40.483708,16,9
2026-08-09 21:06:05.439311,0,45
2026-08-09 21:42:55.953658,75,9
2026-08-09 22:03:15.634315,29,2
2026-08-09 22:40:24.891567,48,40
2026-08-09 23:03:46.444757,40,25
2026-08-09 23:39:14.031458,10,38
2026-08-10 00:02:25.927986,19,35
2026-08-10 02:25:35.608015,60,1
2026-08-10 04:10:15.502632,81,12
2026-08-10 05:41:06.684250,46,2
2026-08-10 06:54:37.787480,47,34
2026-08-10 08:18:38.694545,100,36
2026-08-10 09:51:10.245049,19,22
2026-08-10 10:51:16.220997,31,37
2026-08-10 11:36:31.609400,1,5
2026-08-10 12:26:54.165425,57,37
2026-08-10 13:51:58.454457,72,33
2026-08-10 14:46:11.933355,80,33
2026-08-10 15:39:35.330201,95,29
2026-08-10 16:28:17.182986,47,26
2026-08-10 17:25:15.296732,0,3
2026-08-10 18:08:33.299376,44,38
2026-08-10 19:11:20.856811,48,26
2026-08-10 19:59:11.170419,42,7
2026-08-10 20:41:24.021401,3,5
2026-08-10 21:24:26.840240,28,38
2026-08-10 22:02:51.105307,87,41
2026-08-10 22:48:07.317663,38,36
2026-08-10 23:19:43.470690,30,25
2026-08-10 23:53:09.171736,94,11
2026-08-11 00:39:03.458075,32,37
2026-08-11 02:48:36.736040,73,41
2026-08-11 04:06:22.849567,92,19
2026-08-11 05:17:22.623658,88,9
2026-08-11 06:05:35.209618,69,36
2026-08-11 07:22:09.301721,8,48
2026-08-11 08:27:18.589493,90,5
2026-08-11 09:28:32.167566,7,6
2026-08-11 10:23:46.596175,0,6
2026-08-11 11:09:50.622912,21,33
2026-08-11 11:53:45.171098,63,34
2026-08-11 12:31:51.207194,59,44
2026-08-11 13:57:17.015151,6,34
2026-08-11 14:52:29.868254,94,26
2026-08-11 15:44:10.681147,23,1
2026-08-11 16:35:27.340661,22,38
2026-08-11 17:33:03.241977,32,40
2026-08-11 18:27:14.899329,84,41
2026-08-11 19:32:49.272022,60,33
2026-08-11 20:11:04.415973,5,12
2026-08-11 21:01:07.520369,77,34
2026-08-11 21:53:45.923624,87,12
2026-08-11 22:27:03.251470,3,0
2026-08-11 23:10:14.753373,14,5
2026-08-11 23:55:53.271552,4,50
2026-08-12 01:07:37.956912,22,49
2026-08-12 03:28:03.932248,20,29
2026-08-12 05:12:50.242600,14,36
2026-08-12 06:41:05.816003,39,22
2026-08-12 08:02:21.309176,35,17
2026-08-12 09:18:35.331399,22,47
2026-08-12 10:28:55.330603,37,9
2026-08-12 11:20:52.871632,87,45
2026-08-12 12:02:04.119863,63,45
2026-08-12 13:26:49.435215,43,21
2026-08-12 14:34:13.830871,88,36
2026-08-12 15:30:50.434142,35,46
2026-08-12 16:26:15.682404,48,6
2026-08-12 17:25:27.131739,28,9
2026-08-12 18:13:13.727371,47,43
2026-08-12 19:18:59.170209,35,12
2026-08-12 20:05:36.478995,76,36
2026-08-12 20:57:19.746825,46,14
2026-08-12 21:39:15.830469,51,44
2026-08-12 22:22:26.105576,33,45
2026-08-12 23:05:54.740471,65,4
2026-08-12 23:53:10.071544,12,23
2026-08-13 00:46:25.600088,86,35
2026-08-13 03:15:15.603522,57,4
2026-08-13 05:05:48.656514,90,16
2026-08-13 06:24:47.205031,12,24
2026-08-13 07:58:57.450180,41,3
2026-08-13 09:10:32.118501,60,30
2026-08-13 10:19:31.465177,72,7
2026-08-13 11:12:57.892494,83,9
2026-08-13 11:58:13.247747,35,43
2026-08-13 13:02:44.318713,64,6
2026-08-13 14:24:17.125955,82,37
2026-08-13 15:26:33.728393,52,46
2026-08-13 16:22:26.525727,81,36
2026-08-13 17:23:29.427362,64,3
2026-08-13 18:12:43.346578,51,7
2026-08-13 19:18:22.782215,66,49
2026-08-13 20:00:32.398724,72,33
2026-08-13 20:47:49.404793,15,47
2026-08-13 21:29:40.812943,84,17
2026-08-13 22:10:56.350671,64,45
2026-08-13 22:58:46.591030,37,45
2026-08-13 23:38:41.620623,49,4
2026-08-14 00:41:07.066850,92,43
2026-08-14 03:10:49.490635,21,12
2026-08-14 04:58:52.555119,86,41
2026-08-14 06:12:00.809967,57,40
2026-08-14 07:47:56.010919,46,48
2026-08-14 08:49:00.164418,96,1
2026-08-14 09:45:07.740162,10,46
2026-08-14 10:40:03.374969,18,50
2026-08-14 11:24:40.684828,41,25
2026-08-14 12:03:03.398154,55,29
2026-08-14 13:24:01.652942,12,12
